deal_id,address,transaction_date,rooms,area_sqm,floor,original_price,original_price_per_sqm,price_index_at_transaction,current_price_index,index_adjustment_factor,adjusted_price,adjusted_price_per_sqm,distance_from_project_km,property_type,deal_nature,neighborhood,gush,parcel,sub_parcel,is_eligible_comparable,exclusion_reason,source,source_url,data_retrieved_at
6051609450,"ה' באייר 52, תל אביב-יפו",2021-01-27,,164.0,0.0,7200000.0,43902.439024390245,439.2,602.0,1.3706739526411658,9868852.459016394,60175.92962814874,,בנין,חנות,הצפון החדש סביבת כיכר המדינה,6213,1351,5,False,missing_rooms,GovMap,https://www.govmap.gov.il/api/real-estate/street-deals/52300326?limit=100&offset=0&dealType=2&startDate=2021-01&endDate=2026-08,2026-08-22 13:43:07.812562+00:00
6052764850,"פייבל 2, תל אביב-יפו",2021-02-04,3.0,74.0,,2950000.0,39864.86486486487,442.7,602.0,1.3598373616444546,4011520.216851141,54209.73266015055,,דירה,דירה בבית קומות,הצפון החדש סביבת כיכר המדינה,6108,274,5,True,,GovMap,https://www.govmap.gov.il/api/real-estate/street-deals/52271030?limit=100&offset=0&dealType=2&startDate=2021-01&endDate=2026-08,2026-08-22 13:43:04.779157+00:00
6053777500,"ליסין 23, תל אביב-יפו",2021-02-04,,1226.0,,23500000.0,19168.026101141924,442.7,602.0,1.3598373616444546,31956177.998644684,26065.398041308876,,קרקע,קומבינציה,הצפון החדש סביבת כיכר המדינה,6108,154,1,False,"missing_rooms, non_residential_property_type",GovMap,https://www.govmap.gov.il/api/real-estate/street-deals/52045525?limit=100&offset=0&dealType=2&startDate=2021-01&endDate=2026-08,2026-08-22 13:43:03.167195+00:00
6052525200,"ה' באייר 64, תל אביב-יפו",2021-02-10,4.0,145.0,1.0,5000000.0,34482.75862068965,442.7,602.0,1.3598373616444546,6799186.808222272,46890.94350498119,,דירה,דירה בבית קומות,הצפון החדש סביבת כיכר המדינה,6213,1402,11,True,,GovMap,https://www.govmap.gov.il/api/real-estate/street-deals/52300326?limit=100&offset=0&dealType=2&startDate=2021-01&endDate=2026-08,2026-08-22 13:43:07.812562+00:00
6055524900,"ז'בוטינסקי 7, תל אביב-יפו",2021-02-11,2.0,33.0,3.0,2800000.0,84848.48484848485,442.7,602.0,1.3598373616444546,3807544.612604473,115380.13977589311,,דירה,דירה בבית קומות,הצפון הישן-החלק הצפוני,6960,52,15,True,,GovMap,https://www.govmap.gov.il/api/real-estate/street-deals/73096893?limit=100&offset=100&dealType=2&startDate=2021-01&endDate=2026-08,2026-08-22 13:43:02.817005+00:00
6053623300,"קליי 18, תל אביב-יפו",2021-02-24,3.0,87.0,7.0,4630000.0,53218.3908045977,442.7,602.0,1.3598373616444546,6296046.984413825,72368.35614268764,,דירה,דירה בבית קומות,הצפון החדש סביבת כיכר המדינה,6108,358,7,True,,GovMap,https://www.govmap.gov.il/api/real-estate/street-deals/53067570?limit=100&offset=0&dealType=2&startDate=2021-01&endDate=2026-08,2026-08-22 13:43:32.057364+00:00
6053752400,"ה' באייר 40, תל אביב-יפו",2021-03-01,,61.0,,740000.0,12131.147540983606,448.5,602.0,1.3422519509476032,993266.4437012264,16283.056454118465,,בנין,מחסנים,הצפון החדש סביבת כיכר המדינה,6213,1383,2,False,missing_rooms,GovMap,https://www.govmap.gov.il/api/real-estate/street-deals/52300326?limit=100&offset=0&dealType=2&startDate=2021-01&endDate=2026-08,2026-08-22 13:43:07.812562+00:00
6053645200,"ז'בוטינסקי 155, תל אביב-יפו",2021-03-02,2.0,63.0,1.0,2600000.0,41269.84126984127,448.5,602.0,1.3422519509476032,3489855.072463768,55394.52495974235,,דירה,דירה בבית קומות,הצפון החדש סביבת כיכר המדינה,6108,462,1,True,,GovMap,https://www.govmap.gov.il/api/real-estate/street-deals/73096893?limit=100&offset=100&dealType=2&startDate=2021-01&endDate=2026-08,2026-08-22 13:43:02.817005+00:00
6055220000,תל אביב -יפו,2021-03-02,,608.0,,3800000.0,6250.0,448.5,602.0,1.3422519509476032,5100557.413600892,8389.074693422519,,קרקע,קרקע למגורים,הצפון החדש סביבת כיכר המדינה,6213,336,4,False,"missing_rooms, non_residential_property_type",GovMap,https://www.govmap.gov.il/api/real-estate/street-deals/6213-336?limit=100&offset=0&dealType=2&startDate=2021-01&endDate=2026-08,2026-08-22 13:43:02.155514+00:00
6055258350,"ז'בוטינסקי 134, תל אביב-יפו",2021-03-15,4.0,93.0,4.0,2000000.0,21505.37634408602,448.5,602.0,1.3422519509476032,2684503.9018952064,28865.633353711895,,קרקע,קרקע למגורים,הצפון החדש סביבת כיכר המדינה,6213,345,15,False,non_residential_property_type,GovMap,https://www.govmap.gov.il/api/real-estate/street-deals/73096893?limit=100&offset=100&dealType=2&startDate=2021-01&endDate=2026-08,2026-08-22 13:43:02.817005+00:00
6054546100,"ז'בוטינסקי 7, תל אביב-יפו",2021-03-16,2.0,51.0,1.0,2710000.0,53137.25490196078,448.5,602.0,1.3422519509476032,3637502.7870680047,71323.58406015695,,דירה,דירה בבית קומות,הצפון הישן-החלק הצפוני,6960,52,8,True,,GovMap,https://www.govmap.gov.il/api/real-estate/street-deals/73096893?limit=100&offset=100&dealType=2&startDate=2021-01&endDate=2026-08,2026-08-22 13:43:02.817005+00:00
6054659050,"ז'בוטינסקי 95, תל אביב-יפו",2021-03-17,5.0,112.0,4.0,5150000.0,45982.142857142855,448.5,602.0,1.3422519509476032,6912597.547380157,61719.6209587514,,דירה,דירה בבית קומות,הצפון החדש סביבת כיכר המדינה,6213,1399,14,True,,GovMap,https://www.govmap.gov.il/api/real-estate/street-deals/73096893?limit=100&offset=100&dealType=2&startDate=2021-01&endDate=2026-08,2026-08-22 13:43:02.817005+00:00
6055834650,"ז'בוטינסקי 9, תל אביב-יפו",2021-03-17,3.0,80.0,3.0,3400000.0,42500.0,448.5,602.0,1.3422519509476032,4563656.633221851,57045.70791527313,,דירה,דירה בבית קומות,הצפון הישן-החלק הצפוני,6960,62,3,True,,GovMap,https://www.govmap.gov.il/api/real-estate/street-deals/73096893?limit=100&offset=100&dealType=2&startDate=2021-01&endDate=2026-08,2026-08-22 13:43:02.817005+00:00
6055416800,"ז'בוטינסקי 5, תל אביב -יפו",2021-03-31,3.0,72.0,3.0,5100000.0,70833.33333333333,448.5,602.0,1.3422519509476032,6845484.949832777,95076.17985878856,,דירה,דירה בבית קומות,הצפון הישן-החלק הצפוני,6960,51,17,True,,GovMap,https://www.govmap.gov.il/api/real-estate/street-deals/73096893?limit=100&offset=100&dealType=2&startDate=2021-01&endDate=2026-08,2026-08-22 13:43:02.817005+00:00
6058190100,"ז'בוטינסקי 88, תל אביב-יפו",2021-04-27,,3110.0,,4822000.0,1550.4823151125402,452.1,602.0,1.331563813315638,6420800.707808007,2064.5661439897126,,קרקע,קרקע למגורים,הצפון החדש סביבת כיכר המדינה,6213,1490,7,False,"missing_rooms, non_residential_property_type",GovMap,https://www.govmap.gov.il/api/real-estate/street-deals/73096893?limit=100&offset=100&dealType=2&startDate=2021-01&endDate=2026-08,2026-08-22 13:43:02.817005+00:00
6058806350,"ז'בוטינסקי 88, תל אביב-יפו",2021-04-27,,3110.0,,6131000.0,1971.3826366559485,452.1,602.0,1.331563813315638,8163817.739438176,2625.0217811698317,,קרקע,קרקע למגורים,הצפון החדש סביבת כיכר המדינה,6213,1490,9,False,"missing_rooms, non_residential_property_type",GovMap,https://www.govmap.gov.il/api/real-estate/street-deals/73096893?limit=100&offset=100&dealType=2&startDate=2021-01&endDate=2026-08,2026-08-22 13:43:02.817005+00:00
6058839400,"ז'בוטינסקי 88, תל אביב-יפו",2021-04-27,,1.0,,6124000.0,6124000.0,452.1,602.0,1.331563813315638,8154496.792744967,8154496.792744967,,קרקע,קרקע למגורים,הצפון החדש סביבת כיכר המדינה,6213,1490,8,False,"missing_rooms, non_residential_property_type",GovMap,https://www.govmap.gov.il/api/real-estate/street-deals/73096893?limit=100&offset=100&dealType=2&startDate=2021-01&endDate=2026-08,2026-08-22 13:43:02.817005+00:00
6068631350,"ז'בוטינסקי 88, תל אביב-יפו",2021-04-27,,3110.0,,26782000.0,8611.575562700964,452.1,602.0,1.331563813315638,35661942.04821942,11466.862394925858,,קרקע,קרקע למגורים,הצפון החדש סביבת כיכר המדינה,6213,1490,12,False,"missing_rooms, non_residential_property_type",GovMap,https://www.govmap.gov.il/api/real-estate/street-deals/73096893?limit=100&offset=100&dealType=2&startDate=2021-01&endDate=2026-08,2026-08-22 13:43:02.817005+00:00
6059368550,"ז'בוטינסקי 88, תל אביב-יפו",2021-04-27,,3110.0,,1532000.0,492.60450160771705,452.1,602.0,1.331563813315638,2039955.7619995575,655.934328617221,,קרקע,קרקע למגורים,הצפון החדש סביבת כיכר המדינה,6213,1490,6,False,"missing_rooms, non_residential_property_type",GovMap,https://www.govmap.gov.il/api/real-estate/street-deals/73096893?limit=100&offset=100&dealType=2&startDate=2021-01&endDate=2026-08,2026-08-22 13:43:02.817005+00:00
6059588950,"ז'בוטינסקי 88, תל אביב-יפו",2021-04-27,,3110.0,,383000.0,123.15112540192926,452.1,602.0,1.331563813315638,509988.9404998894,163.98358215430525,,קרקע,קרקע למגורים,הצפון החדש סביבת כיכר המדינה,6213,1490,3,False,"missing_rooms, non_residential_property_type",GovMap,https://www.govmap.gov.il/api/real-estate/street-deals/73096893?limit=100&offset=100&dealType=2&startDate=2021-01&endDate=2026-08,2026-08-22 13:43:02.817005+00:00
6060464500,"ז'בוטינסקי 88, תל אביב-יפו",2021-04-27,,3110.0,,1149000.0,369.4533762057878,452.1,602.0,1.331563813315638,1529966.821499668,491.9507464629158,,קרקע,קרקע למגורים,הצפון החדש סביבת כיכר המדינה,6213,1490,5,False,"missing_rooms, non_residential_property_type",GovMap,https://www.govmap.gov.il/api/real-estate/street-deals/73096893?limit=100&offset=100&dealType=2&startDate=2021-01&endDate=2026-08,2026-08-22 13:43:02.817005+00:00
6058339450,"ז'בוטינסקי 88, תל אביב-יפו",2021-04-27,,3110.0,,13697000.0,4404.180064308682,452.1,602.0,1.331563813315638,18238429.550984293,5864.446800959579,,קרקע,קרקע למגורים,הצפון החדש סביבת כיכר המדינה,6213,1490,10,False,"missing_rooms, non_residential_property_type",GovMap,https://www.govmap.gov.il/api/real-estate/street-deals/73096893?limit=100&offset=100&dealType=2&startDate=2021-01&endDate=2026-08,2026-08-22 13:43:02.817005+00:00
6058921000,"ז'בוטינסקי 88, תל אביב-יפו",2021-04-27,,3110.0,,510000.0,163.9871382636656,452.1,602.0,1.331563813315638,679097.5447909754,218.35933916108533,,קרקע,קרקע למגורים,הצפון החדש סביבת כיכר המדינה,6213,1490,4,False,"missing_rooms, non_residential_property_type",GovMap,https://www.govmap.gov.il/api/real-estate/street-deals/73096893?limit=100&offset=100&dealType=2&startDate=2021-01&endDate=2026-08,2026-08-22 13:43:02.817005+00:00
6058474700,"ז'בוטינסקי 88, תל אביב-יפו",2021-04-27,,3110.0,,42250000.0,13585.209003215434,452.1,602.0,1.331563813315638,56258571.11258571,18089.57270501148,,קרקע,קרקע למגורים,הצפון החדש סביבת כיכר המדינה,6213,1490,14,False,"missing_rooms, non_residential_property_type",GovMap,https://www.govmap.gov.il/api/real-estate/street-deals/73096893?limit=100&offset=100&dealType=2&startDate=2021-01&endDate=2026-08,2026-08-22 13:43:02.817005+00:00
6058850900,"ז'בוטינסקי 88, תל אביב-יפו",2021-04-27,,3110.0,,18395000.0,5914.790996784566,452.1,602.0,1.331563813315638,24494116.34594116,7875.92165464346,,קרקע,קרקע למגורים,הצפון החדש סביבת כיכר המדינה,6213,1490,11,False,"missing_rooms, non_residential_property_type",GovMap,https://www.govmap.gov.il/api/real-estate/street-deals/73096893?limit=100&offset=100&dealType=2&startDate=2021-01&endDate=2026-08,2026-08-22 13:43:02.817005+00:00
6058845150,"ז'בוטינסקי 88, תל אביב-יפו",2021-04-27,,1.0,,28309000.0,28309000.0,452.1,602.0,1.331563813315638,37695239.9911524,37695239.9911524,,קרקע,קרקע למגורים,הצפון החדש סביבת כיכר המדינה,6213,1490,13,False,"missing_rooms, non_residential_property_type",GovMap,https://www.govmap.gov.il/api/real-estate/street-deals/73096893?limit=100&offset=100&dealType=2&startDate=2021-01&endDate=2026-08,2026-08-22 13:43:02.817005+00:00
6058236350,"ליסין 23, תל אביב-יפו",2021-04-28,5.0,139.0,6.0,8000000.0,57553.95683453237,452.1,602.0,1.331563813315638,10652510.506525105,76636.76623399356,,דירה,דירה בבית קומות,הצפון החדש סביבת כיכר המדינה,6108,154,15,True,,GovMap,https://www.govmap.gov.il/api/real-estate/street-deals/52045525?limit=100&offset=0&dealType=2&startDate=2021-01&endDate=2026-08,2026-08-22 13:43:03.167195+00:00
6057637400,"ה' באייר 30, תל אביב-יפו",2021-05-05,,38.0,1.0,800000.0,21052.63157894737,454.4,602.0,1.324823943661972,1059859.1549295776,27891.030392883622,,בנין,משרד,הצפון החדש סביבת כיכר המדינה,6213,1359,7,False,"missing_rooms, non_residential_deal_nature",GovMap,https://www.govmap.gov.il/api/real-estate/street-deals/52300326?limit=100&offset=0&dealType=2&startDate=2021-01&endDate=2026-08,2026-08-22 13:43:07.812562+00:00
6060638650,"ז'בוטינסקי 80, תל אביב-יפו",2021-05-20,3.0,78.0,1.0,682000.0,8743.589743589744,454.4,602.0,1.324823943661972,903529.9295774649,11583.717045864934,,דירה,דירה בבית קומות,הצפון הישן-החלק הצפוני,6214,519,5,True,,GovMap,https://www.govmap.gov.il/api/real-estate/street-deals/73096893?limit=100&offset=100&dealType=2&startDate=2021-01&endDate=2026-08,2026-08-22 13:43:02.817005+00:00
6058948700,"ליסין 29, תל אביב-יפו",2021-05-25,4.0,93.0,1.0,5656200.0,60819.354838709674,454.4,602.0,1.324823943661972,7493469.190140846,80574.9375283962,,דירה,דירה בבית קומות,הצפון החדש סביבת כיכר המדינה,6108,151,2,True,,GovMap,https://www.govmap.gov.il/api/real-estate/street-deals/52045525?limit=100&offset=0&dealType=2&startDate=2021-01&endDate=2026-08,2026-08-22 13:43:03.167195+00:00
6061179900,"ז'בוטינסקי 145, תל אביב-יפו",2021-05-26,,22.0,,362000.0,16454.545454545456,454.4,602.0,1.324823943661972,479586.2676056339,21799.375800256086,,בנין,משרד,הצפון החדש סביבת כיכר המדינה,6108,363,2,False,"missing_rooms, non_residential_deal_nature",GovMap,https://www.govmap.gov.il/api/real-estate/street-deals/73096893?limit=100&offset=100&dealType=2&startDate=2021-01&endDate=2026-08,2026-08-22 13:43:02.817005+00:00
6060418750,"פייבל 7, תל אביב-יפו",2021-06-08,4.0,104.0,2.0,4880000.0,46923.07692307692,459.9,602.0,1.3089802130898023,6387823.439878236,61421.37922959842,,דירה,דירה בבית קומות,הצפון החדש סביבת כיכר המדינה,6108,97,4,True,,GovMap,https://www.govmap.gov.il/api/real-estate/street-deals/52271030?limit=100&offset=0&dealType=2&startDate=2021-01&endDate=2026-08,2026-08-22 13:43:04.779157+00:00
6059811200,"יהודה גור 8, תל אביב-יפו",2021-06-10,3.0,59.0,1.0,3500000.0,59322.03389830508,459.9,602.0,1.3089802130898023,4581430.745814308,77651.36857312385,,דירה,דירה בבית קומות,הצפון החדש סביבת כיכר המדינה,6108,466,3,True,,GovMap,https://www.govmap.gov.il/api/real-estate/street-deals/52301018?limit=100&offset=0&dealType=2&startDate=2021-01&endDate=2026-08,2026-08-22 13:43:23.231486+00:00
6060760300,"ליסין 31, תל אביב -יפו",2021-06-13,4.0,80.0,,5480000.0,68500.0,459.9,602.0,1.3089802130898023,7173211.567732116,89665.14459665146,,דירה,דירה בבית קומות,הצפון החדש סביבת כיכר המדינה,6108,464,24,True,,GovMap,https://www.govmap.gov.il/api/real-estate/street-deals/52045525?limit=100&offset=0&dealType=2&startDate=2021-01&endDate=2026-08,2026-08-22 13:43:03.167195+00:00
6061713600,"פייבל 13, תל אביב-יפו",2021-06-16,5.0,179.0,3.0,9500000.0,53072.625698324024,459.9,602.0,1.3089802130898023,12435312.024353122,69471.0168958275,,דירה,דירה בבית קומות,הצפון החדש סביבת כיכר המדינה,6108,94,7,True,,GovMap,https://www.govmap.gov.il/api/real-estate/street-deals/52271030?limit=100&offset=0&dealType=2&startDate=2021-01&endDate=2026-08,2026-08-22 13:43:04.779157+00:00
6065997050,"ז'בוטינסקי 27, תל אביב-יפו",2021-06-18,2.0,1.0,2.0,3160000.0,3160000.0,459.9,602.0,1.3089802130898023,4136377.4733637753,4136377.4733637753,,דירה,דירה בבית קומות,הצפון הישן-החלק הצפוני,6956,108,6,True,,GovMap,https://www.govmap.gov.il/api/real-estate/street-deals/73096893?limit=100&offset=100&dealType=2&startDate=2021-01&endDate=2026-08,2026-08-22 13:43:02.817005+00:00
6061921100,"ז'בוטינסקי 40, תל אביב-יפו",2021-06-23,,55.0,2.0,225000.0,4090.909090909091,459.9,602.0,1.3089802130898023,294520.54794520553,5354.919053549192,,קרקע,קרקע למגורים,הצפון הישן-החלק הצפוני,6955,19,5,False,"missing_rooms, non_residential_property_type",GovMap,https://www.govmap.gov.il/api/real-estate/street-deals/73096893?limit=100&offset=100&dealType=2&startDate=2021-01&endDate=2026-08,2026-08-22 13:43:02.817005+00:00
6061157150,"קליי 18, תל אביב-יפו",2021-06-24,3.0,87.0,1.0,4655000.0,53505.747126436785,459.9,602.0,1.3089802130898023,6093302.8919330295,70037.9642750923,,דירה,דירה בבית קומות,הצפון החדש סביבת כיכר המדינה,6108,358,20,True,,GovMap,https://www.govmap.gov.il/api/real-estate/street-deals/53067570?limit=100&offset=0&dealType=2&startDate=2021-01&endDate=2026-08,2026-08-22 13:43:32.057364+00:00
6061666200,"קליי 20, תל אביב-יפו",2021-06-28,,61.0,5.0,3350000.0,54918.03278688525,459.9,602.0,1.3089802130898023,4385083.713850837,71886.61825984978,,קרקע,קרקע למגורים,הצפון החדש סביבת כיכר המדינה,6108,150,19,False,"missing_rooms, non_residential_property_type",GovMap,https://www.govmap.gov.il/api/real-estate/street-deals/53067570?limit=100&offset=0&dealType=2&startDate=2021-01&endDate=2026-08,2026-08-22 13:43:32.057364+00:00
6060723600,"ה' באייר 62, תל אביב-יפו",2021-06-29,5.0,115.0,3.0,4975000.0,43260.86956521739,459.9,602.0,1.3089802130898023,6512176.560121766,56627.6222619284,,דירה,דירה בבית קומות,הצפון החדש סביבת כיכר המדינה,6213,1409,17,True,,GovMap,https://www.govmap.gov.il/api/real-estate/street-deals/52300326?limit=100&offset=0&dealType=2&startDate=2021-01&endDate=2026-08,2026-08-22 13:43:07.812562+00:00
6062152950,"קליי 12, תל אביב-יפו",2021-06-30,2.0,60.0,3.0,2600000.0,43333.333333333336,459.9,602.0,1.3089802130898023,3403348.5540334857,56722.47590055809,,דירה,דירה בבית קומות,הצפון החדש סביבת כיכר המדינה,6108,407,12,True,,GovMap,https://www.govmap.gov.il/api/real-estate/street-deals/53067570?limit=100&offset=0&dealType=2&startDate=2021-01&endDate=2026-08,2026-08-22 13:43:32.057364+00:00
6060893550,"קליי 9, תל אביב-יפו",2021-06-30,3.0,73.0,1.0,3830000.0,52465.75342465754,459.9,602.0,1.3089802130898023,5013394.216133943,68676.63309772525,,דירה,דירה בבית קומות,הצפון החדש סביבת כיכר המדינה,6108,135,2,True,,GovMap,https://www.govmap.gov.il/api/real-estate/street-deals/53067570?limit=100&offset=0&dealType=2&startDate=2021-01&endDate=2026-08,2026-08-22 13:43:32.057364+00:00
6063720050,"פייבל 12, תל אביב-יפו",2021-07-07,6.0,180.0,7.0,990000.0,5500.0,465.4,602.0,1.2935109583154276,1280575.8487322733,7114.310270734852,,דירה,דירת גג,הצפון החדש סביבת כיכר המדינה,6108,355,2,True,,GovMap,https://www.govmap.gov.il/api/real-estate/street-deals/52271030?limit=100&offset=0&dealType=2&startDate=2021-01&endDate=2026-08,2026-08-22 13:43:04.779157+00:00
6063933350,"פייבל 12, תל אביב-יפו",2021-07-07,6.0,160.0,1.0,112000.0,700.0,465.4,602.0,1.2935109583154276,144873.2273313279,905.4576708207993,,דירה,דירה בבית קומות,הצפון החדש סביבת כיכר המדינה,6108,355,1,True,,GovMap,https://www.govmap.gov.il/api/real-estate/street-deals/52271030?limit=100&offset=0&dealType=2&startDate=2021-01&endDate=2026-08,2026-08-22 13:43:04.779157+00:00
6061868300,"ה' באייר 62, תל אביב-יפו",2021-07-14,4.0,149.0,1.0,5000000.0,33557.04697986577,465.4,602.0,1.2935109583154276,6467554.791577138,43406.407997162,,דירה,דירה בבית קומות,הצפון החדש סביבת כיכר המדינה,6213,1409,13,True,,GovMap,https://www.govmap.gov.il/api/real-estate/street-deals/52300326?limit=100&offset=0&dealType=2&startDate=2021-01&endDate=2026-08,2026-08-22 13:43:07.812562+00:00
6062625700,"ז'בוטינסקי 138, תל אביב-יפו",2021-07-27,3.0,66.0,1.0,3200000.0,48484.84848484849,465.4,602.0,1.2935109583154276,4139235.066609368,62715.68282741467,,דירה,דירה בבית קומות,הצפון החדש סביבת כיכר המדינה,6213,1153,17,True,,GovMap,https://www.govmap.gov.il/api/real-estate/street-deals/73096893?limit=100&offset=100&dealType=2&startDate=2021-01&endDate=2026-08,2026-08-22 13:43:02.817005+00:00
6063878900,"הציונות 7, תל אביב-יפו",2021-08-03,3.0,89.0,2.0,4700000.0,52808.988764044945,467.3,602.0,1.2882516584635137,6054782.794778515,68031.26735706197,,דירה,דירה בבית קומות,הצפון החדש סביבת כיכר המדינה,6213,1155,7,True,,GovMap,https://www.govmap.gov.il/api/real-estate/street-deals/52315768?limit=100&offset=0&dealType=2&startDate=2021-01&endDate=2026-08,2026-08-22 13:43:18.795494+00:00
6064626800,"פייבל 4, תל אביב -יפו",2021-08-04,3.0,71.0,1.0,3750000.0,52816.90140845071,467.3,602.0,1.2882516584635137,4830943.719238177,68041.46083434053,,דירה,דירה בבית קומות,הצפון החדש סביבת כיכר המדינה,6108,114,5,True,,GovMap,https://www.govmap.gov.il/api/real-estate/street-deals/52271030?limit=100&offset=0&dealType=2&startDate=2021-01&endDate=2026-08,2026-08-22 13:43:04.779157+00:00
6062526700,"ז'בוטינסקי 154, תל אביב-יפו",2021-08-04,3.0,86.0,1.0,4300000.0,50000.0,467.3,602.0,1.2882516584635137,5539482.131393109,64412.582923175694,,דירה,דירה בבית קומות,הצפון החדש סביבת כיכר המדינה,6108,431,4,True,,GovMap,https://www.govmap.gov.il/api/real-estate/street-deals/73096893?limit=100&offset=100&dealType=2&startDate=2021-01&endDate=2026-08,2026-08-22 13:43:02.817005+00:00
6065609650,"ה' באייר 44, תל אביב-יפו",2021-08-15,,75.0,,1400000.0,18666.666666666668,467.3,602.0,1.2882516584635137,1803552.3218489191,24047.36429131892,,בנין,מחסנים,הצפון החדש סביבת כיכר המדינה,6213,1354,2,False,missing_rooms,GovMap,https://www.govmap.gov.il/api/real-estate/street-deals/52300326?limit=100&offset=0&dealType=2&startDate=2021-01&endDate=2026-08,2026-08-22 13:43:07.812562+00:00
6065167900,"פייבל 12, תל אביב-יפו",2021-08-19,4.0,92.0,2.0,4312000.0,46869.565217391304,467.3,602.0,1.2882516584635137,5554941.151294671,60379.79512276816,,דירה,דירה בבית קומות,הצפון החדש סביבת כיכר המדינה,6108,355,28,True,,GovMap,https://www.govmap.gov.il/api/real-estate/street-deals/52271030?limit=100&offset=0&dealType=2&startDate=2021-01&endDate=2026-08,2026-08-22 13:43:04.779157+00:00
6064525700,"ז'בוטינסקי 75, תל אביב-יפו",2021-08-19,,67.0,,1775000.0,26492.537313432837,467.3,602.0,1.2882516584635137,2286646.693772737,34129.05513093637,,בנין,משרד,הצפון הישן-החלק הצפוני,6214,483,3,False,"missing_rooms, non_residential_deal_nature",GovMap,https://www.govmap.gov.il/api/real-estate/street-deals/73096893?limit=100&offset=100&dealType=2&startDate=2021-01&endDate=2026-08,2026-08-22 13:43:02.817005+00:00
6065841500,"הא באייר 20, תל אביב -יפו",2021-08-23,4.0,260.0,5.0,8200000.0,31538.46153846154,467.3,602.0,1.2882516584635137,10563663.599400813,40629.47538231082,,דירה,דירה בבית קומות,הצפון החדש סביבת כיכר המדינה,6213,1342,24,True,,GovMap,https://www.govmap.gov.il/api/real-estate/street-deals/52300326?limit=100&offset=0&dealType=2&startDate=2021-01&endDate=2026-08,2026-08-22 13:43:07.812562+00:00
6064366000,"ז'בוטינסקי 61, תל אביב-יפו",2021-08-25,3.0,75.0,1.0,4110000.0,54800.0,467.3,602.0,1.2882516584635137,5294714.316285041,70596.19088380055,,דירה,דירה בבית קומות,הצפון הישן-החלק הצפוני,6214,389,5,True,,GovMap,https://www.govmap.gov.il/api/real-estate/street-deals/73096893?limit=100&offset=100&dealType=2&startDate=2021-01&endDate=2026-08,2026-08-22 13:43:02.817005+00:00
6064810300,"ז'בוטינסקי 95, תל אביב-יפו",2021-08-26,4.0,87.0,1.0,2520000.0,28965.51724137931,467.3,602.0,1.2882516584635137,3246394.1793280547,37314.8756244604,,דירה,דירה בבית קומות,הצפון החדש סביבת כיכר המדינה,6213,1399,3,True,,GovMap,https://www.govmap.gov.il/api/real-estate/street-deals/73096893?limit=100&offset=100&dealType=2&startDate=2021-01&endDate=2026-08,2026-08-22 13:43:02.817005+00:00
6065196450,"קליי 18, תל אביב-יפו",2021-08-29,4.0,103.0,5.0,5614000.0,54504.854368932036,467.3,602.0,1.2882516584635137,7232244.810614166,70215.96903508899,,דירה,דירה בבית קומות,הצפון החדש סביבת כיכר המדינה,6108,358,19,True,,GovMap,https://www.govmap.gov.il/api/real-estate/street-deals/53067570?limit=100&offset=0&dealType=2&startDate=2021-01&endDate=2026-08,2026-08-22 13:43:32.057364+00:00
6065173250,"פייבל 12, תל אביב-יפו",2021-09-01,2.0,50.0,8.0,2600000.0,52000.0,471.0,602.0,1.2781316348195328,3323142.2505307854,66462.84501061571,,דירה,דירה בבית קומות,הצפון החדש סביבת כיכר המדינה,6108,355,27,True,,GovMap,https://www.govmap.gov.il/api/real-estate/street-deals/52271030?limit=100&offset=0&dealType=2&startDate=2021-01&endDate=2026-08,2026-08-22 13:43:04.779157+00:00
6066521350,"פייבל 12, תל אביב-יפו",2021-09-05,7.0,232.0,5.0,4690000.0,20215.51724137931,471.0,602.0,1.2781316348195328,5994437.367303609,25838.09210044659,,דירה,דירה בבית קומות,הצפון החדש סביבת כיכר המדינה,6108,355,25,True,,GovMap,https://www.govmap.gov.il/api/real-estate/street-deals/52271030?limit=100&offset=0&dealType=2&startDate=2021-01&endDate=2026-08,2026-08-22 13:43:04.779157+00:00
6065330450,"ז'בוטינסקי 149, תל אביב-יפו",2021-09-05,4.0,103.0,2.0,4750000.0,46116.50485436893,471.0,602.0,1.2781316348195328,6071125.265392781,58942.963741677486,,דירה,דירה בבית קומות,הצפון החדש סביבת כיכר המדינה,6108,572,4,True,,GovMap,https://www.govmap.gov.il/api/real-estate/street-deals/73096893?limit=100&offset=0&dealType=2&startDate=2021-01&endDate=2026-08,2026-08-22 13:43:02.497558+00:00
6067031200,"הלסינקי 19, תל אביב-יפו",2021-09-13,3.0,69.0,2.0,1000000.0,14492.753623188406,471.0,602.0,1.2781316348195328,1278131.6348195327,18523.646881442502,,דירה,דירה בבית קומות,הצפון החדש סביבת כיכר המדינה,6108,391,7,True,,GovMap,https://www.govmap.gov.il/api/real-estate/street-deals/6108-86?limit=100&offset=0&dealType=2&startDate=2021-01&endDate=2026-08,2026-08-22 13:43:01.529718+00:00
6066146450,"ליסין 25, תל אביב-יפו",2021-09-23,3.0,47.0,1.0,1350000.0,28723.40425531915,471.0,602.0,1.2781316348195328,1725477.7070063693,36712.29163843339,,דירה,דירה בבית קומות,הצפון החדש סביבת כיכר המדינה,6108,153,7,True,,GovMap,https://www.govmap.gov.il/api/real-estate/street-deals/52045525?limit=100&offset=0&dealType=2&startDate=2021-01&endDate=2026-08,2026-08-22 13:43:03.167195+00:00
6066352150,"יהודה גור 5, תל אביב-יפו",2021-09-29,3.0,65.0,1.0,2750000.0,42307.692307692305,471.0,602.0,1.2781316348195328,3514861.9957537153,54074.79993467254,,דירה,דירה בבית קומות,הצפון החדש סביבת כיכר המדינה,6108,458,1,True,,GovMap,https://www.govmap.gov.il/api/real-estate/street-deals/52301018?limit=100&offset=0&dealType=2&startDate=2021-01&endDate=2026-08,2026-08-22 13:43:23.231486+00:00
6068048900,"פייבל 12, תל אביב-יפו",2021-09-29,4.0,99.0,4.0,4979000.0,50292.92929292929,471.0,602.0,1.2781316348195328,6363817.409766454,64280.98393703489,,דירה,דירה בבית קומות,הצפון החדש סביבת כיכר המדינה,6108,355,24,True,,GovMap,https://www.govmap.gov.il/api/real-estate/street-deals/52271030?limit=100&offset=0&dealType=2&startDate=2021-01&endDate=2026-08,2026-08-22 13:43:04.779157+00:00
6068709650,"הציונות 3, תל אביב-יפו",2021-10-12,5.0,125.0,4.0,8271700.0,66173.6,477.6,602.0,1.260469011725293,10426221.524288107,83409.77219430485,,דירה,דירה בבית קומות,הצפון החדש סביבת כיכר המדינה,6213,928,4,True,,GovMap,https://www.govmap.gov.il/api/real-estate/street-deals/52315768?limit=100&offset=0&dealType=2&startDate=2021-01&endDate=2026-08,2026-08-22 13:43:18.795494+00:00
6067707300,"ז'בוטינסקי 95, תל אביב-יפו",2021-10-12,4.0,99.0,5.0,5550000.0,56060.606060606064,477.6,602.0,1.260469011725293,6995603.015075376,70662.65671793309,,דירה,דירה בבית קומות,הצפון החדש סביבת כיכר המדינה,6213,1399,17,True,,GovMap,https://www.govmap.gov.il/api/real-estate/street-deals/73096893?limit=100&offset=0&dealType=2&startDate=2021-01&endDate=2026-08,2026-08-22 13:43:02.497558+00:00
6067253000,"ז'בוטינסקי 7, תל אביב-יפו",2021-10-14,2.0,53.0,1.0,3150000.0,59433.96226415094,477.6,602.0,1.260469011725293,3970477.386934673,74914.6676780127,,דירה,דירה בבית קומות,הצפון הישן-החלק הצפוני,6960,52,7,True,,GovMap,https://www.govmap.gov.il/api/real-estate/street-deals/73096893?limit=100&offset=0&dealType=2&startDate=2021-01&endDate=2026-08,2026-08-22 13:43:02.497558+00:00
6067807050,"קליי 18, תל אביב-יפו",2021-10-17,3.0,104.0,4.0,720000.0,6923.076923076923,477.6,602.0,1.260469011725293,907537.688442211,8726.323927328953,,דירה,דירה בבית קומות,הצפון החדש סביבת כיכר המדינה,6108,358,11,True,,GovMap,https://www.govmap.gov.il/api/real-estate/street-deals/53067570?limit=100&offset=0&dealType=2&startDate=2021-01&endDate=2026-08,2026-08-22 13:43:32.057364+00:00
6068717100,"קליי 6, תל אביב-יפו",2021-10-18,3.0,76.0,1.0,4020000.0,52894.73684210526,477.6,602.0,1.260469011725293,5067085.427135678,66672.17667283787,,דירה,דירה בבית קומות,הצפון החדש סביבת כיכר המדינה,6108,570,2,True,,GovMap,https://www.govmap.gov.il/api/real-estate/street-deals/53067570?limit=100&offset=0&dealType=2&startDate=2021-01&endDate=2026-08,2026-08-22 13:43:32.057364+00:00
6068017050,"קליי 18, תל אביב-יפו",2021-10-20,4.0,103.0,6.0,5847000.0,56766.99029126213,477.6,602.0,1.260469011725293,7369962.311557788,71553.03215104649,,דירה,דירה בבית קומות,הצפון החדש סביבת כיכר המדינה,6108,358,18,True,,GovMap,https://www.govmap.gov.il/api/real-estate/street-deals/53067570?limit=100&offset=0&dealType=2&startDate=2021-01&endDate=2026-08,2026-08-22 13:43:32.057364+00:00
6072031100,"קליי 8, תל אביב-יפו",2021-10-21,5.0,168.0,8.0,8702000.0,51797.619047619046,477.6,602.0,1.260469011725293,10968601.3400335,65289.29369067559,,דירה,דירה בבית קומות,הצפון החדש סביבת כיכר המדינה,6108,247,16,True,,GovMap,https://www.govmap.gov.il/api/real-estate/street-deals/53067570?limit=100&offset=0&dealType=2&startDate=2021-01&endDate=2026-08,2026-08-22 13:43:32.057364+00:00
6069866350,"ז'בוטינסקי 112, תל אביב-יפו",2021-10-30,3.0,73.0,2.0,500000.0,6849.315068493151,477.6,602.0,1.260469011725293,630234.5058626465,8633.349395378718,,דירה,דירה בבית קומות,הצפון החדש סביבת כיכר המדינה,6213,1300,5,True,,GovMap,https://www.govmap.gov.il/api/real-estate/street-deals/73096893?limit=100&offset=0&dealType=2&startDate=2021-01&endDate=2026-08,2026-08-22 13:43:02.497558+00:00
6069985150,"פייבל 4, תל אביב -יפו",2021-10-31,4.0,95.0,1.0,5200000.0,54736.84210526316,477.6,602.0,1.260469011725293,6554438.860971523,68994.09327338445,,דירה,דירה בבית קומות,הצפון החדש סביבת כיכר המדינה,6108,114,6,True,,GovMap,https://www.govmap.gov.il/api/real-estate/street-deals/52271030?limit=100&offset=0&dealType=2&startDate=2021-01&endDate=2026-08,2026-08-22 13:43:04.779157+00:00
6069246850,"ז'בוטינסקי 146, תל אביב-יפו",2021-11-02,3.0,80.0,2.0,5423000.0,67787.5,485.7,602.0,1.2394482190652667,6721527.691990942,84019.09614988677,,דירה,דירה בבית קומות,הצפון החדש סביבת כיכר המדינה,6108,279,26,True,,GovMap,https://www.govmap.gov.il/api/real-estate/street-deals/73096893?limit=100&offset=0&dealType=2&startDate=2021-01&endDate=2026-08,2026-08-22 13:43:02.497558+00:00
6069774350,"ז'בוטינסקי 146, תל אביב-יפו",2021-11-03,3.0,74.0,4.0,4300000.0,58108.10810810811,485.7,602.0,1.2394482190652667,5329627.341980646,72021.99110784657,,דירה,דירה בבית קומות,הצפון החדש סביבת כיכר המדינה,6108,279,3,True,,GovMap,https://www.govmap.gov.il/api/real-estate/street-deals/73096893?limit=100&offset=0&dealType=2&startDate=2021-01&endDate=2026-08,2026-08-22 13:43:02.497558+00:00
6068901900,"הציונות 3, תל אביב-יפו",2021-11-04,6.0,213.0,,13100000.0,61502.34741784038,485.7,602.0,1.2394482190652667,16236771.669754993,76228.97497537556,,קרקע,קרקע למגורים,הצפון החדש סביבת כיכר המדינה,6213,928,6,False,non_residential_property_type,GovMap,https://www.govmap.gov.il/api/real-estate/street-deals/52315768?limit=100&offset=0&dealType=2&startDate=2021-01&endDate=2026-08,2026-08-22 13:43:18.795494+00:00
6069543800,"פייבל 5, תל אביב-יפו",2021-11-04,4.0,101.0,1.0,5000000.0,49504.9504950495,485.7,602.0,1.2394482190652667,6197241.095326333,61358.8227260033,,דירה,דירה בבית קומות,הצפון החדש סביבת כיכר המדינה,6108,98,20,True,,GovMap,https://www.govmap.gov.il/api/real-estate/street-deals/52271030?limit=100&offset=0&dealType=2&startDate=2021-01&endDate=2026-08,2026-08-22 13:43:04.779157+00:00
6070664000,"פייבל 12, תל אביב-יפו",2021-11-09,3.0,69.0,2.0,4500000.0,65217.391304347824,485.7,602.0,1.2394482190652667,5577516.9857937,80833.57950425653,,דירה,דירה בבית קומות,הצפון החדש סביבת כיכר המדינה,6108,355,23,True,,GovMap,https://www.govmap.gov.il/api/real-estate/street-deals/52271030?limit=100&offset=0&dealType=2&startDate=2021-01&endDate=2026-08,2026-08-22 13:43:04.779157+00:00
6069815550,"הלסינקי 6, תל אביב-יפו",2021-11-09,4.0,99.0,2.0,2550000.0,25757.575757575756,485.7,602.0,1.2394482190652667,3160592.95861643,31925.18140016596,,דירה,דירה בבית קומות,הצפון החדש סביבת כיכר המדינה,6108,81,4,True,,GovMap,https://www.govmap.gov.il/api/real-estate/street-deals/6108-86?limit=100&offset=0&dealType=2&startDate=2021-01&endDate=2026-08,2026-08-22 13:43:01.529718+00:00
6111193000,"ז'בוטינסקי 77, תל אביב-יפו",2021-11-14,,1.0,,131000.0,131000.0,485.7,602.0,1.2394482190652667,162367.71669754994,162367.71669754994,,קרקע,ללא תיכנון,הצפון הישן-החלק הצפוני,6214,484,2,False,"missing_rooms, non_residential_property_type",GovMap,https://www.govmap.gov.il/api/real-estate/street-deals/73096893?limit=100&offset=0&dealType=2&startDate=2021-01&endDate=2026-08,2026-08-22 13:43:02.497558+00:00
6070318350,"ה' באייר 76, תל אביב-יפו",2021-11-14,4.0,92.0,1.0,5100000.0,55434.782608695656,485.7,602.0,1.2394482190652667,6321185.91723286,68708.54257861804,,דירה,דירה בבית קומות,הצפון החדש סביבת כיכר המדינה,6213,895,7,True,,GovMap,https://www.govmap.gov.il/api/real-estate/street-deals/52300326?limit=100&offset=0&dealType=2&startDate=2021-01&endDate=2026-08,2026-08-22 13:43:07.812562+00:00
6069168400,"ז'בוטינסקי 32, תל אביב-יפו",2021-11-14,3.0,93.0,1.0,4350000.0,46774.1935483871,485.7,602.0,1.2394482190652667,5391599.75293391,57974.190891762475,,דירה,דירה בבית קומות,הצפון הישן-החלק הצפוני,6955,116,3,True,,GovMap,https://www.govmap.gov.il/api/real-estate/street-deals/73096893?limit=100&offset=0&dealType=2&startDate=2021-01&endDate=2026-08,2026-08-22 13:43:02.497558+00:00
6071966750,"הלסינקי 13, תל אביב-יפו",2021-11-18,3.0,89.0,1.0,7625000.0,85674.15730337078,485.7,602.0,1.2394482190652667,9450792.67037266,106188.68168958044,,דירה,דירה בבית קומות,הצפון החדש סביבת כיכר המדינה,6108,230,5,True,,GovMap,https://www.govmap.gov.il/api/real-estate/street-deals/6108-86?limit=100&offset=0&dealType=2&startDate=2021-01&endDate=2026-08,2026-08-22 13:43:01.529718+00:00
6071440450,"פייבל 5, תל אביב-יפו",2021-11-21,5.0,116.0,5.0,6100000.0,52586.206896551725,485.7,602.0,1.2394482190652667,7560634.136298127,65177.88048532868,,דירה,דירה בבית קומות,הצפון החדש סביבת כיכר המדינה,6108,98,19,True,,GovMap,https://www.govmap.gov.il/api/real-estate/street-deals/52271030?limit=100&offset=0&dealType=2&startDate=2021-01&endDate=2026-08,2026-08-22 13:43:04.779157+00:00
6070196350,"ה' באייר 40, תל אביב-יפו",2021-11-25,,91.0,,1250000.0,13736.263736263736,485.7,602.0,1.2394482190652667,1549310.2738315833,17025.387624522893,,בנין,מחסנים,הצפון החדש סביבת כיכר המדינה,6213,1383,1,False,missing_rooms,GovMap,https://www.govmap.gov.il/api/real-estate/street-deals/52300326?limit=100&offset=0&dealType=2&startDate=2021-01&endDate=2026-08,2026-08-22 13:43:07.812562+00:00
6072569850,"ה' באייר 68, תל אביב-יפו",2021-12-01,4.0,87.0,2.0,4390000.0,50459.77011494253,495.9,602.0,1.2139544262956241,5329259.931437789,61255.86128089413,,דירה,דירה בבית קומות,הצפון החדש סביבת כיכר המדינה,6213,1390,9,True,,GovMap,https://www.govmap.gov.il/api/real-estate/street-deals/52300326?limit=100&offset=0&dealType=2&startDate=2021-01&endDate=2026-08,2026-08-22 13:43:07.812562+00:00
6072207600,"הלסינקי 22, תל אביב -יפו",2021-12-15,,165.0,,4220000.0,25575.757575757576,495.9,602.0,1.2139544262956241,5122887.678967534,31047.80411495475,,בנין,משרד,הצפון החדש סביבת כיכר המדינה,6108,89,1,False,"missing_rooms, non_residential_deal_nature",GovMap,https://www.govmap.gov.il/api/real-estate/street-deals/6108-86?limit=100&offset=0&dealType=2&startDate=2021-01&endDate=2026-08,2026-08-22 13:43:01.529718+00:00
6072250050,"יהודה גור 3, תל אביב-יפו",2021-12-22,4.0,105.0,2.0,2690000.0,25619.04761904762,495.9,602.0,1.2139544262956241,3265537.406735229,31100.356254621227,,דירה,דירה בבית קומות,הצפון החדש סביבת כיכר המדינה,6108,368,4,True,,GovMap,https://www.govmap.gov.il/api/real-estate/street-deals/52301018?limit=100&offset=0&dealType=2&startDate=2021-01&endDate=2026-08,2026-08-22 13:43:23.231486+00:00
6100200650,"ז'בוטינסקי 8, תל אביב-יפו",2021-12-23,5.0,170.0,3.0,541000.0,3182.3529411764707,495.9,602.0,1.2139544262956241,656749.3446259326,3863.2314389760745,,דירה,דירה בבית קומות,הצפון הישן-החלק הצפוני,6901,33,5,True,,GovMap,https://www.govmap.gov.il/api/real-estate/street-deals/73096893?limit=100&offset=0&dealType=2&startDate=2021-01&endDate=2026-08,2026-08-22 13:43:02.497558+00:00
6100188750,"קליי 18, תל אביב-יפו",2021-12-30,5.0,167.0,8.0,10058000.0,60227.54491017964,495.9,602.0,1.2139544262956241,12209953.619681388,73113.49472863106,,דירה,דירה בבית קומות,הצפון החדש סביבת כיכר המדינה,6108,358,17,True,,GovMap,https://www.govmap.gov.il/api/real-estate/street-deals/53067570?limit=100&offset=0&dealType=2&startDate=2021-01&endDate=2026-08,2026-08-22 13:43:32.057364+00:00
6101857650,"פייבל 5, תל אביב-יפו",2022-01-02,3.0,85.0,2.0,6507600.0,76560.0,503.8,602.0,1.1949186184994045,7776052.401746725,91482.9694323144,,דירה,דירה בבית קומות,הצפון החדש סביבת כיכר המדינה,6108,98,18,True,,GovMap,https://www.govmap.gov.il/api/real-estate/street-deals/52271030?limit=100&offset=0&dealType=2&startDate=2021-01&endDate=2026-08,2026-08-22 13:43:04.779157+00:00
6101273550,"הלסינקי 8, תל אביב-יפו",2022-01-17,2.0,40.0,6.0,2340000.0,58500.0,503.8,602.0,1.1949186184994045,2796109.5672886064,69902.73918221515,,דירה,דירה בבית קומות,הצפון החדש סביבת כיכר המדינה,6108,82,29,True,,GovMap,https://www.govmap.gov.il/api/real-estate/street-deals/6108-86?limit=100&offset=0&dealType=2&startDate=2021-01&endDate=2026-08,2026-08-22 13:43:01.529718+00:00
6101607700,"ה' באייר 52, תל אביב-יפו",2022-01-17,3.0,112.0,1.0,4141400.0,36976.78571428572,503.8,602.0,1.1949186184994045,4948635.966653434,44184.2497022628,,דירה,דירה בבית קומות,הצפון החדש סביבת כיכר המדינה,6213,1351,7,True,,GovMap,https://www.govmap.gov.il/api/real-estate/street-deals/52300326?limit=100&offset=0&dealType=2&startDate=2021-01&endDate=2026-08,2026-08-22 13:43:07.812562+00:00
6101591300,"הלסינקי 8, תל אביב-יפו",2022-01-17,5.0,114.0,6.0,8250000.0,72368.42105263157,503.8,602.0,1.1949186184994045,9858078.602620088,86474.37370719375,,דירה,דירה בבית קומות,הצפון החדש סביבת כיכר המדינה,6108,82,29,True,,GovMap,https://www.govmap.gov.il/api/real-estate/street-deals/6108-86?limit=100&offset=0&dealType=2&startDate=2021-01&endDate=2026-08,2026-08-22 13:43:01.529718+00:00
6102877850,"יהודה גור 4, תל אביב-יפו",2022-02-02,3.0,78.0,3.0,4100000.0,52564.10256410256,511.9,602.0,1.1760109396366478,4821644.852510256,61815.95964756738,,דירה,דירה בבית קומות,הצפון החדש סביבת כיכר המדינה,6108,394,8,True,,GovMap,https://www.govmap.gov.il/api/real-estate/street-deals/52301018?limit=100&offset=0&dealType=2&startDate=2021-01&endDate=2026-08,2026-08-22 13:43:23.231486+00:00
6103898450,"קליי 8, תל אביב-יפו",2022-02-08,3.0,68.0,2.0,4145000.0,60955.882352941175,511.9,602.0,1.1760109396366478,4874565.3447939055,71684.78448226332,,דירה,דירה בבית קומות,הצפון החדש סביבת כיכר המדינה,6108,247,2,True,,GovMap,https://www.govmap.gov.il/api/real-estate/street-deals/53067570?limit=100&offset=0&dealType=2&startDate=2021-01&endDate=2026-08,2026-08-22 13:43:32.057364+00:00
6103543250,"הלסינקי 8, תל אביב-יפו",2022-02-24,3.0,78.0,1.0,4434000.0,56846.153846153844,511.9,602.0,1.1760109396366478,5214432.506348897,66851.69879934483,,דירה,דירה בבית קומות,הצפון החדש סביבת כיכר המדינה,6108,82,7,True,,GovMap,https://www.govmap.gov.il/api/real-estate/street-deals/6108-86?limit=100&offset=0&dealType=2&startDate=2021-01&endDate=2026-08,2026-08-22 13:43:01.529718+00:00
6103395550,"ז'בוטינסקי 112, תל אביב-יפו",2022-02-27,3.0,67.0,3.0,4450000.0,66417.9104477612,511.9,602.0,1.1760109396366478,5233248.681383083,78108.18927437437,,דירה,דירה בבית קומות,הצפון החדש סביבת כיכר המדינה,6213,1300,7,True,,GovMap,https://www.govmap.gov.il/api/real-estate/street-deals/73096893?limit=100&offset=0&dealType=2&startDate=2021-01&endDate=2026-08,2026-08-22 13:43:02.497558+00:00
6104438400,"קליי 8, תל אביב-יפו",2022-03-02,2.0,35.0,5.0,2539000.0,72542.85714285714,517.0,602.0,1.1644100580270793,2956437.137330754,84469.6324951644,,דירה,דירה בבית קומות,הצפון החדש סביבת כיכר המדינה,6108,247,4,True,,GovMap,https://www.govmap.gov.il/api/real-estate/street-deals/53067570?limit=100&offset=0&dealType=2&startDate=2021-01&endDate=2026-08,2026-08-22 13:43:32.057364+00:00
6104789850,"ז'בוטינסקי 95, תל אביב-יפו",2022-03-08,4.0,84.0,3.0,6000000.0,71428.57142857143,517.0,602.0,1.1644100580270793,6986460.348162476,83172.14700193424,,דירה,דירה בבית קומות,הצפון החדש סביבת כיכר המדינה,6213,1399,11,True,,GovMap,https://www.govmap.gov.il/api/real-estate/street-deals/73096893?limit=100&offset=0&dealType=2&startDate=2021-01&endDate=2026-08,2026-08-22 13:43:02.497558+00:00
6104424750,"הלסינקי 20, תל אביב-יפו",2022-03-10,4.0,90.0,2.0,6000000.0,66666.66666666667,517.0,602.0,1.1644100580270793,6986460.348162476,77627.33720180529,,דירה,דירה בבית קומות,הצפון החדש סביבת כיכר המדינה,6108,88,4,True,,GovMap,https://www.govmap.gov.il/api/real-estate/street-deals/6108-86?limit=100&offset=0&dealType=2&startDate=2021-01&endDate=2026-08,2026-08-22 13:43:01.529718+00:00
6105370100,"חברה חדשה 4, תל אביב-יפו",2022-03-23,3.0,70.0,4.0,4400000.0,62857.142857142855,517.0,602.0,1.1644100580270793,5123404.255319149,73191.48936170213,,דירה,דירה בבית קומות,הצפון החדש סביבת כיכר המדינה,6213,608,15,True,,GovMap,https://www.govmap.gov.il/api/real-estate/street-deals/52297115?limit=100&offset=0&dealType=2&startDate=2021-01&endDate=2026-08,2026-08-22 13:43:22.282604+00:00
6106863400,"פייבל 5, תל אביב-יפו",2022-04-07,4.0,116.0,2.0,6580000.0,56724.137931034486,525.3,602.0,1.1460118027793642,7540757.662288217,65006.53157145015,,דירה,דירה בבית קומות,הצפון החדש סביבת כיכר המדינה,6108,98,5,True,,GovMap,https://www.govmap.gov.il/api/real-estate/street-deals/52271030?limit=100&offset=0&dealType=2&startDate=2021-01&endDate=2026-08,2026-08-22 13:43:04.779157+00:00
6106164200,"ה' באייר 4, תל אביב-יפו",2022-04-10,4.0,130.0,5.0,9600000.0,73846.15384615384,525.3,602.0,1.1460118027793642,11001713.306681896,84628.56389755305,,דירה,דירה בבית קומות,הצפון החדש סביבת כיכר המדינה,6213,1381,24,True,,GovMap,https://www.govmap.gov.il/api/real-estate/street-deals/52300326?limit=100&offset=0&dealType=2&startDate=2021-01&endDate=2026-08,2026-08-22 13:43:07.812562+00:00
6106887750,"גלוסקין 1, תל אביב -יפו",2022-04-26,5.0,153.0,1.0,4397000.0,28738.562091503267,525.3,602.0,1.1460118027793642,5039013.896820865,32934.73135177036,,דירה,דירה בבית קומות,הצפון החדש סביבת כיכר המדינה,6108,505,1,True,,GovMap,https://www.govmap.gov.il/api/real-estate/street-deals/53262189?limit=100&offset=0&dealType=2&startDate=2021-01&endDate=2026-08,2026-08-22 13:43:04.135934+00:00
6106938050,"גלוסקין 6, תל אביב -יפו",2022-04-27,4.0,109.0,4.0,6500000.0,59633.02752293578,525.3,602.0,1.1460118027793642,7449076.718065867,68340.15337675107,,דירה,דירה בבית קומות,הצפון החדש סביבת כיכר המדינה,6108,455,9,True,,GovMap,https://www.govmap.gov.il/api/real-estate/street-deals/53262189?limit=100&offset=0&dealType=2&startDate=2021-01&endDate=2026-08,2026-08-22 13:43:04.135934+00:00
6107708600,"קליי 8, תל אביב-יפו",2022-05-02,2.0,37.0,1.0,2505000.0,67702.7027027027,536.3,602.0,1.122506060041022,2811877.68040276,75996.69406493945,,דירה,דירה בבית קומות,הצפון החדש סביבת כיכר המדינה,6108,247,6,True,,GovMap,https://www.govmap.gov.il/api/real-estate/street-deals/53067570?limit=100&offset=0&dealType=2&startDate=2021-01&endDate=2026-08,2026-08-22 13:43:32.057364+00:00
6107995400,"פייבל 12, תל אביב-יפו",2022-05-12,3.0,64.0,1.0,4490000.0,70156.25,536.3,602.0,1.122506060041022,5040052.209584189,78750.81577475295,,דירה,דירה בבית קומות,הצפון החדש סביבת כיכר המדינה,6108,355,10,True,,GovMap,https://www.govmap.gov.il/api/real-estate/street-deals/52271030?limit=100&offset=0&dealType=2&startDate=2021-01&endDate=2026-08,2026-08-22 13:43:04.779157+00:00
6108040350,"ז'בוטינסקי 146, תל אביב-יפו",2022-05-18,3.0,71.0,7.0,4800000.0,67605.6338028169,536.3,602.0,1.122506060041022,5388029.088196905,75887.73363657613,,דירה,דירה בבית קומות,הצפון החדש סביבת כיכר המדינה,6108,279,13,True,,GovMap,https://www.govmap.gov.il/api/real-estate/street-deals/73096893?limit=100&offset=0&dealType=2&startDate=2021-01&endDate=2026-08,2026-08-22 13:43:02.497558+00:00
6108097650,"ליסין 27, תל אביב-יפו",2022-05-19,3.0,62.0,1.0,3000000.0,48387.096774193546,536.3,602.0,1.122506060041022,3367518.1801230656,54314.809356823636,,דירה,דירה בבית קומות,הצפון החדש סביבת כיכר המדינה,6108,152,1,True,,GovMap,https://www.govmap.gov.il/api/real-estate/street-deals/52045525?limit=100&offset=0&dealType=2&startDate=2021-01&endDate=2026-08,2026-08-22 13:43:03.167195+00:00
6108071650,"יהודה גור 3, תל אביב-יפו",2022-05-26,4.0,105.0,2.0,6000000.0,57142.857142857145,536.3,602.0,1.122506060041022,6735036.360246131,64143.203430915535,,דירה,דירה בבית קומות,הצפון החדש סביבת כיכר המדינה,6108,368,3,True,,GovMap,https://www.govmap.gov.il/api/real-estate/street-deals/52301018?limit=100&offset=0&dealType=2&startDate=2021-01&endDate=2026-08,2026-08-22 13:43:23.231486+00:00
6108359500,"קליי 18, תל אביב-יפו",2022-06-02,4.0,109.0,4.0,6200000.0,56880.733944954125,543.8,602.0,1.107024641412284,6863552.776756161,62968.374098680375,,דירה,דירה בבית קומות,הצפון החדש סביבת כיכר המדינה,6108,358,16,True,,GovMap,https://www.govmap.gov.il/api/real-estate/street-deals/53067570?limit=100&offset=0&dealType=2&startDate=2021-01&endDate=2026-08,2026-08-22 13:43:32.057364+00:00
6109851150,"פייבל 4, תל אביב -יפו",2022-06-09,4.0,108.0,0.0,5975000.0,55324.07407407407,543.8,602.0,1.107024641412284,6614472.232438397,61245.11326331849,,דירה,דירה בבית קומות,הצפון החדש סביבת כיכר המדינה,6108,114,2,True,,GovMap,https://www.govmap.gov.il/api/real-estate/street-deals/52271030?limit=100&offset=0&dealType=2&startDate=2021-01&endDate=2026-08,2026-08-22 13:43:04.779157+00:00
6109164400,"הלסינקי 8, תל אביב-יפו",2022-06-21,2.0,54.0,3.0,3593000.0,66537.03703703704,543.8,602.0,1.107024641412284,3977539.5365943364,73658.13956656179,,דירה,דירה בבית קומות,הצפון החדש סביבת כיכר המדינה,6108,82,9,True,,GovMap,https://www.govmap.gov.il/api/real-estate/street-deals/6108-86?limit=100&offset=0&dealType=2&startDate=2021-01&endDate=2026-08,2026-08-22 13:43:01.529718+00:00
6109328500,"הלסינקי 8, תל אביב-יפו",2022-06-23,3.0,80.0,5.0,5050000.0,63125.0,543.8,602.0,1.107024641412284,5590474.439132034,69880.93048915043,,דירה,דירה בבית קומות,הצפון החדש סביבת כיכר המדינה,6108,82,28,True,,GovMap,https://www.govmap.gov.il/api/real-estate/street-deals/6108-86?limit=100&offset=0&dealType=2&startDate=2021-01&endDate=2026-08,2026-08-22 13:43:01.529718+00:00
6110483050,"ז'בוטינסקי 76, תל אביב-יפו",2022-06-28,3.0,99.0,2.0,5192800.0,52452.52525252525,543.8,602.0,1.107024641412284,5748557.557925709,58066.237958845544,,דירה,דירה בבית קומות,הצפון הישן-החלק הצפוני,6214,132,5,True,,GovMap,https://www.govmap.gov.il/api/real-estate/street-deals/73096893?limit=100&offset=0&dealType=2&startDate=2021-01&endDate=2026-08,2026-08-22 13:43:02.497558+00:00
6109845900,"הלסינקי 8, תל אביב-יפו",2022-07-06,4.0,102.0,3.0,7070000.0,69313.72549019608,553.6,602.0,1.0874277456647399,7688114.161849711,75373.66825342854,,דירה,דירה בבית קומות,הצפון החדש סביבת כיכר המדינה,6108,82,27,True,,GovMap,https://www.govmap.gov.il/api/real-estate/street-deals/6108-86?limit=100&offset=0&dealType=2&startDate=2021-01&endDate=2026-08,2026-08-22 13:43:01.529718+00:00
6111456150,"פייבל 12, תל אביב-יפו",2022-07-27,3.0,72.0,3.0,5525000.0,76736.11111111111,553.6,602.0,1.0874277456647399,6008038.294797688,83444.97631663455,,דירה,דירה בבית קומות,הצפון החדש סביבת כיכר המדינה,6108,355,22,True,,GovMap,https://www.govmap.gov.il/api/real-estate/street-deals/52271030?limit=100&offset=0&dealType=2&startDate=2021-01&endDate=2026-08,2026-08-22 13:43:04.779157+00:00
6115594450,"קליי 8, תל אביב-יפו",2022-08-01,1.0,1.0,1.0,1313000.0,1313000.0,559.7,602.0,1.0755762015365373,1412231.5526174735,1412231.5526174735,,דירה,דירה בבית קומות,הצפון החדש סביבת כיכר המדינה,6108,247,15,True,,GovMap,https://www.govmap.gov.il/api/real-estate/street-deals/53067570?limit=100&offset=0&dealType=2&startDate=2021-01&endDate=2026-08,2026-08-22 13:43:32.057364+00:00
6112776200,"קליי 8, תל אביב-יפו",2022-08-10,2.0,51.0,,2855000.0,55980.39215686275,559.7,602.0,1.0755762015365373,3070770.0553868143,60211.177556604205,,דירה,דירה בבית קומות,הצפון החדש סביבת כיכר המדינה,6108,247,14,True,,GovMap,https://www.govmap.gov.il/api/real-estate/street-deals/53067570?limit=100&offset=0&dealType=2&startDate=2021-01&endDate=2026-08,2026-08-22 13:43:32.057364+00:00
6112495350,"הלסינקי 2, תל אביב -יפו",2022-08-16,2.5,63.0,2.0,1770000.0,28095.238095238095,559.7,602.0,1.0755762015365373,1903769.876719671,30218.56947174081,,דירה,דירה בבית קומות,הצפון החדש סביבת כיכר המדינה,6108,400,8,True,,GovMap,https://www.govmap.gov.il/api/real-estate/street-deals/6108-86?limit=100&offset=0&dealType=2&startDate=2021-01&endDate=2026-08,2026-08-22 13:43:01.529718+00:00
6113209350,"הלסינקי 16, תל אביב-יפו",2022-08-18,4.0,106.0,1.0,855000.0,8066.037735849057,559.7,602.0,1.0755762015365373,919617.6523137394,8675.6382293749,,דירה,דירה בבית קומות,הצפון החדש סביבת כיכר המדינה,6108,86,4,True,,GovMap,https://www.govmap.gov.il/api/real-estate/street-deals/6108-86?limit=100&offset=0&dealType=2&startDate=2021-01&endDate=2026-08,2026-08-22 13:43:01.529718+00:00
6114220850,"הלסינקי 15, תל אביב-יפו",2022-09-14,2.0,55.0,,3150000.0,57272.72727272727,565.3,602.0,1.0649212807358925,3354502.0343180615,60990.94607851021,,דירה,דירה בבית קומות,הצפון החדש סביבת כיכר המדינה,6108,231,7,True,,GovMap,https://www.govmap.gov.il/api/real-estate/street-deals/6108-86?limit=100&offset=0&dealType=2&startDate=2021-01&endDate=2026-08,2026-08-22 13:43:01.529718+00:00
6113907300,"ז'בוטינסקי 131, תל אביב-יפו",2022-09-22,3.0,86.0,1.0,4450000.0,51744.186046511626,565.3,602.0,1.0649212807358925,4738899.699274722,55103.48487528746,,דירה,דירה בבית קומות,הצפון החדש סביבת כיכר המדינה,6213,1341,9,True,,GovMap,https://www.govmap.gov.il/api/real-estate/street-deals/73096893?limit=100&offset=0&dealType=2&startDate=2021-01&endDate=2026-08,2026-08-22 13:43:02.497558+00:00
6114184100,"הלסינקי 8, תל אביב-יפו",2022-09-22,4.0,97.0,2.0,5843000.0,60237.113402061856,565.3,602.0,1.0649212807358925,6222335.04333982,64147.7839519569,,דירה,דירה בבית קומות,הצפון החדש סביבת כיכר המדינה,6108,82,26,True,,GovMap,https://www.govmap.gov.il/api/real-estate/street-deals/6108-86?limit=100&offset=0&dealType=2&startDate=2021-01&endDate=2026-08,2026-08-22 13:43:01.529718+00:00
6116619000,"ה' באייר 32, תל אביב-יפו",2022-11-11,4.0,141.0,1.0,6300000.0,44680.85106382979,567.6,602.0,1.0606060606060606,6681818.181818182,47388.781431334624,,דירה,דירה בבית קומות,הצפון החדש סביבת כיכר המדינה,6213,1432,6,True,,GovMap,https://www.govmap.gov.il/api/real-estate/street-deals/52300326?limit=100&offset=0&dealType=2&startDate=2021-01&endDate=2026-08,2026-08-22 13:43:07.812562+00:00
6116476750,"ה' באייר 6, תל אביב-יפו",2022-11-16,4.5,149.0,,3850000.0,25838.926174496642,567.6,602.0,1.0606060606060606,4083333.333333333,27404.921700223713,,דירה,דירה בבית קומות,הצפון החדש סביבת כיכר המדינה,6213,1348,18,True,,GovMap,https://www.govmap.gov.il/api/real-estate/street-deals/52300326?limit=100&offset=0&dealType=2&startDate=2021-01&endDate=2026-08,2026-08-22 13:43:07.812562+00:00
6116981650,"ז'בוטינסקי 80, תל אביב-יפו",2022-11-20,3.0,78.0,1.0,3808000.0,48820.51282051282,567.6,602.0,1.0606060606060606,4038787.8787878784,51779.33177933178,,דירה,דירה בבית קומות,הצפון הישן-החלק הצפוני,6214,519,5,True,,GovMap,https://www.govmap.gov.il/api/real-estate/street-deals/73096893?limit=100&offset=0&dealType=2&startDate=2021-01&endDate=2026-08,2026-08-22 13:43:02.497558+00:00
6115938450,"ה' באייר 30, תל אביב-יפו",2022-11-24,,20.0,,1371000.0,68550.0,567.6,602.0,1.0606060606060606,1454090.909090909,72704.54545454544,,בנין,חנות,הצפון החדש סביבת כיכר המדינה,6213,1359,4,False,missing_rooms,GovMap,https://www.govmap.gov.il/api/real-estate/street-deals/52300326?limit=100&offset=0&dealType=2&startDate=2021-01&endDate=2026-08,2026-08-22 13:43:07.812562+00:00
6151135850,"הלסינקי 15, תל אביב-יפו",2022-12-26,2.0,60.0,,2072000.0,34533.333333333336,568.7,602.0,1.0585545982064357,2193325.127483735,36555.41879139558,,בנין,משרד,הצפון החדש סביבת כיכר המדינה,6108,231,3,False,non_residential_deal_nature,GovMap,https://www.govmap.gov.il/api/real-estate/street-deals/6108-86?limit=100&offset=0&dealType=2&startDate=2021-01&endDate=2026-08,2026-08-22 13:43:01.529718+00:00
6150711750,"הלסינקי 15, תל אביב-יפו",2022-12-26,3.0,84.0,,6000000.0,71428.57142857143,568.7,602.0,1.0585545982064357,6351327.589238614,75611.04272903112,,דירה,דירה בבית קומות,הצפון החדש סביבת כיכר המדינה,6108,231,2,True,,GovMap,https://www.govmap.gov.il/api/real-estate/street-deals/6108-86?limit=100&offset=0&dealType=2&startDate=2021-01&endDate=2026-08,2026-08-22 13:43:01.529718+00:00
6151319350,"הלסינקי 16, תל אביב-יפו",2023-01-02,4.0,91.0,0.0,6030000.0,66263.73626373627,568.7,602.0,1.0585545982064357,6383084.227184807,70143.78271631656,,דירה,דירה בבית קומות,הצפון החדש סביבת כיכר המדינה,6108,86,2,True,,GovMap,https://www.govmap.gov.il/api/real-estate/street-deals/6108-86?limit=100&offset=0&dealType=2&startDate=2021-01&endDate=2026-08,2026-08-22 13:43:01.529718+00:00
6151624600,"הלסינקי 10, תל אביב-יפו",2023-01-25,3.0,84.0,3.0,4600000.0,54761.90476190476,568.7,602.0,1.0585545982064357,4869351.151749604,57968.46609225719,,דירה,דירה בבית קומות,הצפון החדש סביבת כיכר המדינה,6108,83,10,True,,GovMap,https://www.govmap.gov.il/api/real-estate/street-deals/6108-86?limit=100&offset=0&dealType=2&startDate=2021-01&endDate=2026-08,2026-08-22 13:43:01.529718+00:00
6152487200,"קליי 4, תל אביב-יפו",2023-02-14,4.0,96.0,1.0,5175000.0,53906.25,568.7,602.0,1.0585545982064357,5478020.045718305,57062.70880956567,,דירה,דירה בבית קומות,הצפון החדש סביבת כיכר המדינה,6108,618,2,True,,GovMap,https://www.govmap.gov.il/api/real-estate/street-deals/53067570?limit=100&offset=0&dealType=2&startDate=2021-01&endDate=2026-08,2026-08-22 13:43:32.057364+00:00
6153354600,"הלסינקי 19, תל אביב-יפו",2023-03-09,3.0,84.0,2.0,1025000.0,12202.380952380952,567.6,602.0,1.0606060606060606,1087121.2121212122,12941.919191919193,,דירה,דירה בבית קומות,הצפון החדש סביבת כיכר המדינה,6108,391,7,True,,GovMap,https://www.govmap.gov.il/api/real-estate/street-deals/6108-86?limit=100&offset=0&dealType=2&startDate=2021-01&endDate=2026-08,2026-08-22 13:43:01.529718+00:00
6154146350,"ז'בוטינסקי 88, תל אביב-יפו",2023-03-20,,120.0,,1532000.0,12766.666666666666,567.6,602.0,1.0606060606060606,1624848.4848484849,13540.40404040404,,קרקע,ללא תיכנון,הצפון החדש סביבת כיכר המדינה,6213,1490,15,False,"missing_rooms, non_residential_property_type",GovMap,https://www.govmap.gov.il/api/real-estate/street-deals/73096893?limit=100&offset=0&dealType=2&startDate=2021-01&endDate=2026-08,2026-08-22 13:43:02.497558+00:00
6153628150,"הלסינקי 8, תל אביב-יפו",2023-03-20,2.0,54.0,1.0,5400000.0,100000.0,567.6,602.0,1.0606060606060606,5727272.727272727,106060.60606060605,,דירה,דירה בבית קומות,הצפון החדש סביבת כיכר המדינה,6108,82,25,True,,GovMap,https://www.govmap.gov.il/api/real-estate/street-deals/6108-86?limit=100&offset=0&dealType=2&startDate=2021-01&endDate=2026-08,2026-08-22 13:43:01.529718+00:00
6153757250,"הלסינקי 2, תל אביב -יפו",2023-03-28,3.5,62.0,1.0,3450000.0,55645.16129032258,567.6,602.0,1.0606060606060606,3659090.9090909087,59017.59530791788,,דירה,דירה בבית קומות,הצפון החדש סביבת כיכר המדינה,6108,400,6,True,,GovMap,https://www.govmap.gov.il/api/real-estate/street-deals/6108-86?limit=100&offset=0&dealType=2&startDate=2021-01&endDate=2026-08,2026-08-22 13:43:01.529718+00:00
6153824050,"יהודה גור 4, תל אביב-יפו",2023-03-29,2.0,57.0,4.0,3200000.0,56140.350877192985,567.6,602.0,1.0606060606060606,3393939.3939393936,59542.796384901645,,דירה,דירה בבית קומות,הצפון החדש סביבת כיכר המדינה,6108,394,10,True,,GovMap,https://www.govmap.gov.il/api/real-estate/street-deals/52301018?limit=100&offset=0&dealType=2&startDate=2021-01&endDate=2026-08,2026-08-22 13:43:23.231486+00:00
6157883050,"ז'בוטינסקי 101, תל אביב-יפו",2023-05-29,3.0,77.0,,500000.0,6493.506493506494,561.4,602.0,1.0723192019950125,536159.6009975063,6963.111701266315,,דירה,דירה בבית קומות,הצפון החדש סביבת כיכר המדינה,6213,948,1,True,,GovMap,https://www.govmap.gov.il/api/real-estate/street-deals/73096893?limit=100&offset=0&dealType=2&startDate=2021-01&endDate=2026-08,2026-08-22 13:43:02.497558+00:00
6155925750,"ה' באייר 30, תל אביב-יפו",2023-05-29,4.0,129.0,4.0,6549000.0,50767.441860465115,561.4,602.0,1.0723192019950125,7022618.453865337,54438.90274314215,,דירה,דירה בבית קומות,הצפון החדש סביבת כיכר המדינה,6213,1359,13,True,,GovMap,https://www.govmap.gov.il/api/real-estate/street-deals/52300326?limit=100&offset=0&dealType=2&startDate=2021-01&endDate=2026-08,2026-08-22 13:43:07.812562+00:00
6156695100,"ליסין 17, תל אביב-יפו",2023-05-31,2.0,49.0,2.0,3100000.0,63265.30612244898,561.4,602.0,1.0723192019950125,3324189.526184539,67840.60257519467,,דירה,דירה בבית קומות,הצפון החדש סביבת כיכר המדינה,6108,156,40,True,,GovMap,https://www.govmap.gov.il/api/real-estate/street-deals/52045525?limit=100&offset=0&dealType=2&startDate=2021-01&endDate=2026-08,2026-08-22 13:43:03.167195+00:00
6156338650,"גלוסקין 5, תל אביב-יפו",2023-06-08,4.0,110.0,3.0,453000.0,4118.181818181818,560.3,602.0,1.0744244154917009,486714.2602177405,4424.67509288855,,דירה,דירה בבית קומות,הצפון החדש סביבת כיכר המדינה,6108,411,5,True,,GovMap,https://www.govmap.gov.il/api/real-estate/street-deals/53262189?limit=100&offset=0&dealType=2&startDate=2021-01&endDate=2026-08,2026-08-22 13:43:04.135934+00:00
6156603000,"ז'בוטינסקי 101, תל אביב-יפו",2023-06-18,3.0,50.0,,1950000.0,39000.0,560.3,602.0,1.0744244154917009,2095127.6102088166,41902.55220417633,,דירה,דירה בבית קומות,הצפון החדש סביבת כיכר המדינה,6213,948,1,True,,GovMap,https://www.govmap.gov.il/api/real-estate/street-deals/73096893?limit=100&offset=0&dealType=2&startDate=2021-01&endDate=2026-08,2026-08-22 13:43:02.497558+00:00
6157291550,"גלוסקין 5, תל אביב-יפו",2023-07-06,4.0,110.0,3.0,6325000.0,57500.0,559.2,602.0,1.0765379113018596,6809102.288984262,61900.92989985693,,דירה,דירה בבית קומות,הצפון החדש סביבת כיכר המדינה,6108,411,5,True,,GovMap,https://www.govmap.gov.il/api/real-estate/street-deals/53262189?limit=100&offset=0&dealType=2&startDate=2021-01&endDate=2026-08,2026-08-22 13:43:04.135934+00:00
6157317950,"ליסין 17, תל אביב-יפו",2023-07-06,2.0,46.0,4.0,3250000.0,70652.17391304347,559.2,602.0,1.0765379113018596,3498748.2117310436,76059.74373328355,,דירה,דירה בבית קומות,הצפון החדש סביבת כיכר המדינה,6108,156,39,True,,GovMap,https://www.govmap.gov.il/api/real-estate/street-deals/52045525?limit=100&offset=0&dealType=2&startDate=2021-01&endDate=2026-08,2026-08-22 13:43:03.167195+00:00
6158251850,"ליסין 10, תל אביב-יפו",2023-07-08,2.5,104.0,3.0,5650000.0,54326.92307692308,559.2,602.0,1.0765379113018596,6082439.198855507,58484.99229668757,,דירה,דירה בבית קומות,הצפון החדש סביבת כיכר המדינה,6213,1197,6,True,,GovMap,https://www.govmap.gov.il/api/real-estate/street-deals/52045525?limit=100&offset=0&dealType=2&startDate=2021-01&endDate=2026-08,2026-08-22 13:43:03.167195+00:00
6159033550,"חברה חדשה 5, תל אביב-יפו",2023-07-12,,1.0,,482000.0,482000.0,559.2,602.0,1.0765379113018596,518891.27324749634,518891.27324749634,,קרקע,קומבינציה,הצפון החדש סביבת כיכר המדינה,6213,228,1,False,"missing_rooms, non_residential_property_type",GovMap,https://www.govmap.gov.il/api/real-estate/street-deals/52297115?limit=100&offset=0&dealType=2&startDate=2021-01&endDate=2026-08,2026-08-22 13:43:22.282604+00:00
6159110700,"חברה חדשה 5, תל אביב-יפו",2023-07-12,5.0,137.0,2.0,1620000.0,11824.817518248175,559.2,602.0,1.0765379113018596,1743991.4163090126,12729.86435262053,,דירה,דירה בבית קומות,הצפון החדש סביבת כיכר המדינה,6213,228,11,True,,GovMap,https://www.govmap.gov.il/api/real-estate/street-deals/52297115?limit=100&offset=0&dealType=2&startDate=2021-01&endDate=2026-08,2026-08-22 13:43:22.282604+00:00
6157420650,"ז'בוטינסקי 7, תל אביב-יפו",2023-07-16,2.0,53.0,1.0,3445000.0,65000.0,559.2,602.0,1.0765379113018596,3708673.1044349065,69974.96423462087,,דירה,דירה בבית קומות,הצפון הישן-החלק הצפוני,6960,52,7,True,,GovMap,https://www.govmap.gov.il/api/real-estate/street-deals/73096893?limit=100&offset=0&dealType=2&startDate=2021-01&endDate=2026-08,2026-08-22 13:43:02.497558+00:00
6159270750,"ז'בוטינסקי 48, תל אביב -יפו",2023-08-06,2.0,44.0,1.0,2900000.0,65909.09090909091,558.6,602.0,1.0776942355889725,3125313.28320802,71029.84734563682,,דירה,דירה בבית קומות,הצפון הישן-החלק הצפוני,6214,51,2,True,,GovMap,https://www.govmap.gov.il/api/real-estate/street-deals/73096893?limit=100&offset=0&dealType=2&startDate=2021-01&endDate=2026-08,2026-08-22 13:43:02.497558+00:00
6158702700,"קליי 10, תל אביב-יפו",2023-08-07,3.0,69.0,2.0,4150000.0,60144.92753623189,558.6,602.0,1.0776942355889725,4472431.077694235,64817.84170571356,,דירה,דירת גן,הצפון החדש סביבת כיכר המדינה,6108,506,3,True,,GovMap,https://www.govmap.gov.il/api/real-estate/street-deals/53067570?limit=100&offset=0&dealType=2&startDate=2021-01&endDate=2026-08,2026-08-22 13:43:32.057364+00:00
6158815750,"חברה חדשה 4, תל אביב-יפו",2023-08-08,3.0,66.0,3.0,4350000.0,65909.09090909091,558.6,602.0,1.0776942355889725,4687969.92481203,71029.84734563682,,דירה,דירה בבית קומות,הצפון החדש סביבת כיכר המדינה,6213,608,12,True,,GovMap,https://www.govmap.gov.il/api/real-estate/street-deals/52297115?limit=100&offset=0&dealType=2&startDate=2021-01&endDate=2026-08,2026-08-22 13:43:22.282604+00:00
6160622900,"הציונות 7, תל אביב-יפו",2023-08-24,3.0,84.0,4.0,94000.0,1119.047619047619,558.6,602.0,1.0776942355889725,101303.25814536342,1205.9911683971836,,דירה,דירה בבית קומות,הצפון החדש סביבת כיכר המדינה,6213,1155,17,True,,GovMap,https://www.govmap.gov.il/api/real-estate/street-deals/52315768?limit=100&offset=0&dealType=2&startDate=2021-01&endDate=2026-08,2026-08-22 13:43:18.795494+00:00
6161105050,"חברה חדשה 5, תל אביב-יפו",2023-09-21,3.0,62.0,1.0,4170000.0,67258.06451612903,557.5,602.0,1.0798206278026905,4502852.01793722,72626.64545060032,,דירה,דירה בבית קומות,הצפון החדש סביבת כיכר המדינה,6213,228,9,True,,GovMap,https://www.govmap.gov.il/api/real-estate/street-deals/52297115?limit=100&offset=0&dealType=2&startDate=2021-01&endDate=2026-08,2026-08-22 13:43:22.282604+00:00
6160795750,"ה' באייר 42, תל אביב-יפו",2023-09-28,,145.0,,1285000.0,8862.068965517241,557.5,602.0,1.0798206278026905,1387569.5067264573,9569.444873975568,,בנין,מחסנים,הצפון החדש סביבת כיכר המדינה,6213,1321,1,False,missing_rooms,GovMap,https://www.govmap.gov.il/api/real-estate/street-deals/52300326?limit=100&offset=0&dealType=2&startDate=2021-01&endDate=2026-08,2026-08-22 13:43:07.812562+00:00
6161780400,"ז'בוטינסקי 10, תל אביב-יפו",2023-10-19,3.0,69.0,3.0,4350000.0,63043.47826086957,554.7,602.0,1.0852713178294573,4720930.23255814,68419.27873272666,,דירה,דירה בבית קומות,הצפון הישן-החלק הצפוני,6901,58,10,True,,GovMap,https://www.govmap.gov.il/api/real-estate/street-deals/73096893?limit=100&offset=0&dealType=2&startDate=2021-01&endDate=2026-08,2026-08-22 13:43:02.497558+00:00
6162002650,"הלסינקי 15, תל אביב-יפו",2023-10-19,2.0,50.0,,4300000.0,86000.0,554.7,602.0,1.0852713178294573,4666666.666666666,93333.33333333331,,דירה,דירה בבית קומות,הצפון החדש סביבת כיכר המדינה,6108,231,3,True,,GovMap,https://www.govmap.gov.il/api/real-estate/street-deals/6108-86?limit=100&offset=0&dealType=2&startDate=2021-01&endDate=2026-08,2026-08-22 13:43:01.529718+00:00
6161189300,"פייבל 12, תל אביב-יפו",2023-10-19,,1.0,,193000.0,193000.0,554.7,602.0,1.0852713178294573,209457.36434108525,209457.36434108525,,בנין,מלאכה,הצפון החדש סביבת כיכר המדינה,6108,355,13,False,missing_rooms,GovMap,https://www.govmap.gov.il/api/real-estate/street-deals/52271030?limit=100&offset=0&dealType=2&startDate=2021-01&endDate=2026-08,2026-08-22 13:43:04.779157+00:00
6161957350,"הלסינקי 15, תל אביב-יפו",2023-10-19,2.0,50.0,,2808000.0,56160.0,554.7,602.0,1.0852713178294573,3047441.860465116,60948.83720930232,,דירה,דירה בבית קומות,הצפון החדש סביבת כיכר המדינה,6108,231,8,True,,GovMap,https://www.govmap.gov.il/api/real-estate/street-deals/6108-86?limit=100&offset=0&dealType=2&startDate=2021-01&endDate=2026-08,2026-08-22 13:43:01.529718+00:00
6162161500,"ז'בוטינסקי 135, תל אביב-יפו",2023-10-31,3.0,62.0,7.0,4606000.0,74290.32258064517,554.7,602.0,1.0852713178294573,4998759.68992248,80625.15628907226,,דירה,דירה בבית קומות,הצפון החדש סביבת כיכר המדינה,6213,1162,27,True,,GovMap,https://www.govmap.gov.il/api/real-estate/street-deals/73096893?limit=100&offset=0&dealType=2&startDate=2021-01&endDate=2026-08,2026-08-22 13:43:02.497558+00:00
6162346800,"חברה חדשה 5, תל אביב-יפו",2023-11-15,3.0,78.0,1.0,5000000.0,64102.5641025641,558.0,602.0,1.0788530465949822,5394265.232974911,69157.24657660142,,דירה,דירה בבית קומות,הצפון החדש סביבת כיכר המדינה,6213,228,8,True,,GovMap,https://www.govmap.gov.il/api/real-estate/street-deals/52297115?limit=100&offset=0&dealType=2&startDate=2021-01&endDate=2026-08,2026-08-22 13:43:22.282604+00:00
6162358250,"הלסינקי 15, תל אביב-יפו",2023-11-28,2.0,77.0,,5341000.0,69363.63636363637,558.0,602.0,1.0788530465949822,5762154.1218638,74833.17041381559,,דירה,דירה בבית קומות,הצפון החדש סביבת כיכר המדינה,6108,231,6,True,,GovMap,https://www.govmap.gov.il/api/real-estate/street-deals/6108-86?limit=100&offset=0&dealType=2&startDate=2021-01&endDate=2026-08,2026-08-22 13:43:01.529718+00:00
6162412350,"חברה חדשה 5, תל אביב-יפו",2023-11-30,3.0,78.0,6.0,5780000.0,74102.56410256411,558.0,602.0,1.0788530465949822,6235770.609318997,79945.77704255124,,דירה,דירה בבית קומות,הצפון החדש סביבת כיכר המדינה,6213,228,7,True,,GovMap,https://www.govmap.gov.il/api/real-estate/street-deals/52297115?limit=100&offset=0&dealType=2&startDate=2021-01&endDate=2026-08,2026-08-22 13:43:22.282604+00:00
6162532800,"הלסינקי 8, תל אביב-יפו",2023-12-04,2.0,39.0,2.0,2600000.0,66666.66666666667,563.0,602.0,1.0692717584369449,2780106.5719360565,71284.78389579632,,דירה,דירה בבית קומות,הצפון החדש סביבת כיכר המדינה,6108,82,24,True,,GovMap,https://www.govmap.gov.il/api/real-estate/street-deals/6108-86?limit=100&offset=0&dealType=2&startDate=2021-01&endDate=2026-08,2026-08-22 13:43:01.529718+00:00
6162734100,"פייבל 8, תל אביב-יפו",2023-12-04,,102.0,3.0,1000000.0,9803.921568627451,563.0,602.0,1.0692717584369449,1069271.7584369448,10483.056455264164,,קרקע,קרקע למגורים,הצפון החדש סביבת כיכר המדינה,6108,119,9,False,"missing_rooms, non_residential_property_type",GovMap,https://www.govmap.gov.il/api/real-estate/street-deals/52271030?limit=100&offset=0&dealType=2&startDate=2021-01&endDate=2026-08,2026-08-22 13:43:04.779157+00:00
6162569050,"ז'בוטינסקי 107, תל אביב-יפו",2023-12-08,3.0,74.0,1.0,4906000.0,66297.2972972973,563.0,602.0,1.0692717584369449,5245847.246891651,70889.82766069799,,דירה,דירה בבית קומות,הצפון החדש סביבת כיכר המדינה,6213,847,19,True,,GovMap,https://www.govmap.gov.il/api/real-estate/street-deals/73096893?limit=100&offset=0&dealType=2&startDate=2021-01&endDate=2026-08,2026-08-22 13:43:02.497558+00:00
6200587150,"ליסין 5, תל אביב-יפו",2023-12-25,4.0,107.0,7.0,7516000.0,70242.99065420561,563.0,602.0,1.0692717584369449,8036646.536412078,75108.84613469231,,דירה,דירה בבית קומות,הצפון החדש סביבת כיכר המדינה,6213,947,28,True,,GovMap,https://www.govmap.gov.il/api/real-estate/street-deals/52045525?limit=100&offset=0&dealType=2&startDate=2021-01&endDate=2026-08,2026-08-22 13:43:03.167195+00:00
6200860550,"פייבל 11, תל אביב-יפו",2023-12-26,4.0,90.0,4.0,4750000.0,52777.77777777778,563.0,602.0,1.0692717584369449,5079040.852575488,56433.78725083876,,דירה,דירה בבית קומות,הצפון החדש סביבת כיכר המדינה,6108,95,15,True,,GovMap,https://www.govmap.gov.il/api/real-estate/street-deals/52271030?limit=100&offset=0&dealType=2&startDate=2021-01&endDate=2026-08,2026-08-22 13:43:04.779157+00:00
6200744350,"פייבל 11, תל אביב-יפו",2023-12-26,4.0,100.0,4.0,6960000.0,69600.0,563.0,602.0,1.0692717584369449,7442131.438721136,74421.31438721136,,דירה,דירה בבית קומות,הצפון החדש סביבת כיכר המדינה,6108,95,15,True,,GovMap,https://www.govmap.gov.il/api/real-estate/street-deals/52271030?limit=100&offset=0&dealType=2&startDate=2021-01&endDate=2026-08,2026-08-22 13:43:04.779157+00:00
6200862250,"פייבל 11, תל אביב-יפו",2023-12-26,4.0,91.0,4.0,5100000.0,56043.956043956045,563.0,602.0,1.0692717584369449,5453285.968028419,59926.21942888372,,דירה,דירה בבית קומות,הצפון החדש סביבת כיכר המדינה,6108,95,15,True,,GovMap,https://www.govmap.gov.il/api/real-estate/street-deals/52271030?limit=100&offset=0&dealType=2&startDate=2021-01&endDate=2026-08,2026-08-22 13:43:04.779157+00:00
6201387450,"ליסין 17, תל אביב-יפו",2024-01-08,2.0,42.0,2.0,3010000.0,71666.66666666667,569.2,602.0,1.0576247364722418,3183450.456781448,75796.43944717733,,דירה,דירה בבית קומות,הצפון החדש סביבת כיכר המדינה,6108,156,35,True,,GovMap,https://www.govmap.gov.il/api/real-estate/street-deals/52045525?limit=100&offset=0&dealType=2&startDate=2021-01&endDate=2026-08,2026-08-22 13:43:03.167195+00:00
6201376650,"ליסין 17, תל אביב-יפו",2024-01-08,2.0,42.0,2.0,2984000.0,71047.61904761905,569.2,602.0,1.0576247364722418,3155952.2136331694,75141.71937221831,,דירה,דירה בבית קומות,הצפון החדש סביבת כיכר המדינה,6108,156,35,True,,GovMap,https://www.govmap.gov.il/api/real-estate/street-deals/52045525?limit=100&offset=0&dealType=2&startDate=2021-01&endDate=2026-08,2026-08-22 13:43:03.167195+00:00
6201385750,"ליסין 17, תל אביב-יפו",2024-01-08,2.0,49.0,2.0,3312000.0,67591.83673469388,569.2,602.0,1.0576247364722418,3502853.1271960647,71486.7985142054,,דירה,דירה בבית קומות,הצפון החדש סביבת כיכר המדינה,6108,156,35,True,,GovMap,https://www.govmap.gov.il/api/real-estate/street-deals/52045525?limit=100&offset=0&dealType=2&startDate=2021-01&endDate=2026-08,2026-08-22 13:43:03.167195+00:00
6201161350,"פייבל 5, תל אביב-יפו",2024-01-15,5.0,137.0,6.0,8500000.0,62043.79562043796,569.2,602.0,1.0576247364722418,8989810.260014055,65619.05299280332,,דירה,דירה בבית קומות,הצפון החדש סביבת כיכר המדינה,6108,98,17,True,,GovMap,https://www.govmap.gov.il/api/real-estate/street-deals/52271030?limit=100&offset=0&dealType=2&startDate=2021-01&endDate=2026-08,2026-08-22 13:43:04.779157+00:00
6201389900,"הלסינקי 13, תל אביב-יפו",2024-01-18,5.0,128.0,4.0,8437000.0,65914.0625,569.2,602.0,1.0576247364722418,8923179.901616303,69712.34298137737,,דירה,דירה בבית קומות,הצפון החדש סביבת כיכר המדינה,6108,230,23,True,,GovMap,https://www.govmap.gov.il/api/real-estate/street-deals/6108-86?limit=100&offset=0&dealType=2&startDate=2021-01&endDate=2026-08,2026-08-22 13:43:01.529718+00:00
6201116400,"ז'בוטינסקי 135, תל אביב-יפו",2024-01-18,3.0,62.0,1.0,4176200.0,67358.06451612903,569.2,602.0,1.0576247364722418,4416852.424455376,71239.55523315123,,דירה,דירה בבית קומות,הצפון החדש סביבת כיכר המדינה,6213,1162,26,True,,GovMap,https://www.govmap.gov.il/api/real-estate/street-deals/73096893?limit=100&offset=0&dealType=2&startDate=2021-01&endDate=2026-08,2026-08-22 13:43:02.497558+00:00
6202033400,תל אביב -יפו,2024-01-23,,1.0,,7000000.0,7000000.0,569.2,602.0,1.0576247364722418,7403373.155305692,7403373.155305692,,קרקע,קרקע למגורים,הצפון החדש סביבת כיכר המדינה,6213,336,5,False,"missing_rooms, non_residential_property_type",GovMap,https://www.govmap.gov.il/api/real-estate/street-deals/6213-336?limit=100&offset=0&dealType=2&startDate=2021-01&endDate=2026-08,2026-08-22 13:43:02.155514+00:00
6201877850,"ה' באייר 34, תל אביב-יפו",2024-02-05,5.0,119.0,3.0,542000.0,4554.621848739495,574.9,602.0,1.0471386328057053,567549.1389806923,4769.32049563607,,דירה,דירה בבית קומות,הצפון החדש סביבת כיכר המדינה,6213,1429,10,True,,GovMap,https://www.govmap.gov.il/api/real-estate/street-deals/52300326?limit=100&offset=0&dealType=2&startDate=2021-01&endDate=2026-08,2026-08-22 13:43:07.812562+00:00
6201951650,"פייבל 5, תל אביב-יפו",2024-02-08,3.5,88.0,1.0,6200000.0,70454.54545454546,574.9,602.0,1.0471386328057053,6492259.523395373,73775.67640222014,,דירה,דירה בבית קומות,הצפון החדש סביבת כיכר המדינה,6108,98,16,True,,GovMap,https://www.govmap.gov.il/api/real-estate/street-deals/52271030?limit=100&offset=0&dealType=2&startDate=2021-01&endDate=2026-08,2026-08-22 13:43:04.779157+00:00
6201526850,"ז'בוטינסקי 71, תל אביב-יפו",2024-02-11,4.0,88.0,3.0,4100000.0,46590.90909090909,574.9,602.0,1.0471386328057053,4293268.394503391,48787.140846629445,,דירה,דירה בבית קומות,הצפון הישן-החלק הצפוני,6214,481,13,True,,GovMap,https://www.govmap.gov.il/api/real-estate/street-deals/73096893?limit=100&offset=0&dealType=2&startDate=2021-01&endDate=2026-08,2026-08-22 13:43:02.497558+00:00
6202973000,"ליסין 17, תל אביב-יפו",2024-02-13,2.0,10.0,2.0,120000.0,12000.0,574.9,602.0,1.0471386328057053,125656.63593668463,12565.663593668463,,דירה,דירה בבית קומות,הצפון החדש סביבת כיכר המדינה,6108,156,24,True,,GovMap,https://www.govmap.gov.il/api/real-estate/street-deals/52045525?limit=100&offset=0&dealType=2&startDate=2021-01&endDate=2026-08,2026-08-22 13:43:03.167195+00:00
6203966800,"ליסין 17, תל אביב-יפו",2024-02-13,0.0,96.0,,2330000.0,24270.833333333332,574.9,602.0,1.0471386328057053,2439833.014437293,25414.927233721803,,קרקע,קומבינציה,הצפון החדש סביבת כיכר המדינה,6108,156,33,False,non_residential_property_type,GovMap,https://www.govmap.gov.il/api/real-estate/street-deals/52045525?limit=100&offset=0&dealType=2&startDate=2021-01&endDate=2026-08,2026-08-22 13:43:03.167195+00:00
6203146400,"ליסין 17, תל אביב-יפו",2024-02-13,1.0,1.0,1.0,882000.0,882000.0,574.9,602.0,1.0471386328057053,923576.2741346321,923576.2741346321,,דירה,דירה בבית קומות,הצפון החדש סביבת כיכר המדינה,6108,156,25,True,,GovMap,https://www.govmap.gov.il/api/real-estate/street-deals/52045525?limit=100&offset=0&dealType=2&startDate=2021-01&endDate=2026-08,2026-08-22 13:43:03.167195+00:00
6203463950,"ליסין 17, תל אביב-יפו",2024-02-13,0.0,71.0,,440000.0,6197.183098591549,574.9,602.0,1.0471386328057053,460740.9984345103,6489.3098371057795,,קרקע,קומבינציה,הצפון החדש סביבת כיכר המדינה,6108,156,33,False,non_residential_property_type,GovMap,https://www.govmap.gov.il/api/real-estate/street-deals/52045525?limit=100&offset=0&dealType=2&startDate=2021-01&endDate=2026-08,2026-08-22 13:43:03.167195+00:00
6202974300,"ליסין 17, תל אביב-יפו",2024-02-13,1.0,20.0,1.0,1219000.0,60950.0,574.9,602.0,1.0471386328057053,1276461.9933901548,63823.09966950774,,דירה,דירה בבית קומות,הצפון החדש סביבת כיכר המדינה,6108,156,26,True,,GovMap,https://www.govmap.gov.il/api/real-estate/street-deals/52045525?limit=100&offset=0&dealType=2&startDate=2021-01&endDate=2026-08,2026-08-22 13:43:03.167195+00:00
6202370800,"ז'בוטינסקי 146, תל אביב-יפו",2024-02-28,3.0,79.0,7.0,5350000.0,67721.51898734177,574.9,602.0,1.0471386328057053,5602191.685510524,70913.81880393068,,דירה,דירה בבית קומות,הצפון החדש סביבת כיכר המדינה,6108,279,25,True,,GovMap,https://www.govmap.gov.il/api/real-estate/street-deals/73096893?limit=100&offset=0&dealType=2&startDate=2021-01&endDate=2026-08,2026-08-22 13:43:02.497558+00:00
6202842350,"הלסינקי 8, תל אביב-יפו",2024-02-28,3.0,86.0,2.0,5100000.0,59302.32558139535,574.9,602.0,1.0471386328057053,5340407.027309097,62097.75613150113,,דירה,דירה בבית קומות,הצפון החדש סביבת כיכר המדינה,6108,82,23,True,,GovMap,https://www.govmap.gov.il/api/real-estate/street-deals/6108-86?limit=100&offset=0&dealType=2&startDate=2021-01&endDate=2026-08,2026-08-22 13:43:01.529718+00:00
6203070450,"פייבל 19, תל אביב-יפו",2024-03-03,2.0,37.0,2.0,2751000.0,74351.35135135135,579.5,602.0,1.0388265746333045,2857811.906816221,77238.15964368165,,דירה,דירה בבית קומות,הצפון החדש סביבת כיכר המדינה,6108,91,6,True,,GovMap,https://www.govmap.gov.il/api/real-estate/street-deals/52271030?limit=100&offset=0&dealType=2&startDate=2021-01&endDate=2026-08,2026-08-22 13:43:04.779157+00:00
6203241650,"ז'בוטינסקי 89, תל אביב-יפו",2024-03-10,3.0,88.0,8.0,5740000.0,65227.27272727273,579.5,602.0,1.0388265746333045,5962864.538395168,67759.82429994509,,דירה,דירה בבית קומות,הצפון החדש סביבת כיכר המדינה,6213,1506,4,True,,GovMap,https://www.govmap.gov.il/api/real-estate/street-deals/73096893?limit=100&offset=0&dealType=2&startDate=2021-01&endDate=2026-08,2026-08-22 13:43:02.497558+00:00
6203609100,"קליי 12, תל אביב-יפו",2024-03-10,3.0,64.0,6.0,116000.0,1812.5,579.5,602.0,1.0388265746333045,120503.88265746333,1882.8731665228645,,דירה,דירה בבית קומות,הצפון החדש סביבת כיכר המדינה,6108,407,18,True,,GovMap,https://www.govmap.gov.il/api/real-estate/street-deals/53067570?limit=100&offset=0&dealType=2&startDate=2021-01&endDate=2026-08,2026-08-22 13:43:32.057364+00:00
6203882600,"ז'בוטינסקי 146, תל אביב-יפו",2024-03-10,3.0,86.0,1.0,5200000.0,60465.11627906977,579.5,602.0,1.0388265746333045,5401898.188093184,62812.76962899051,,דירה,דירה בבית קומות,הצפון החדש סביבת כיכר המדינה,6108,279,24,True,,GovMap,https://www.govmap.gov.il/api/real-estate/street-deals/73096893?limit=100&offset=0&dealType=2&startDate=2021-01&endDate=2026-08,2026-08-22 13:43:02.497558+00:00
6203714350,"ז'בוטינסקי 89, תל אביב-יפו",2024-03-17,3.0,88.0,5.0,5490000.0,62386.36363636364,579.5,602.0,1.0388265746333045,5703157.894736842,64808.61244019139,,דירה,דירה בבית קומות,הצפון החדש סביבת כיכר המדינה,6213,1506,3,True,,GovMap,https://www.govmap.gov.il/api/real-estate/street-deals/73096893?limit=100&offset=0&dealType=2&startDate=2021-01&endDate=2026-08,2026-08-22 13:43:02.497558+00:00
6203186800,"ז'בוטינסקי 146, תל אביב-יפו",2024-03-18,3.0,75.0,1.0,4270000.0,56933.333333333336,579.5,602.0,1.0388265746333045,4435789.47368421,59143.8596491228,,דירה,דירה בבית קומות,הצפון החדש סביבת כיכר המדינה,6108,279,16,True,,GovMap,https://www.govmap.gov.il/api/real-estate/street-deals/73096893?limit=100&offset=0&dealType=2&startDate=2021-01&endDate=2026-08,2026-08-22 13:43:02.497558+00:00
6204388400,"ז'בוטינסקי 135, תל אביב-יפו",2024-03-28,3.0,62.0,6.0,4486000.0,72354.83870967742,579.5,602.0,1.0388265746333045,4660176.013805004,75164.12925491942,,דירה,דירה בבית קומות,הצפון החדש סביבת כיכר המדינה,6213,1162,25,True,,GovMap,https://www.govmap.gov.il/api/real-estate/street-deals/73096893?limit=100&offset=0&dealType=2&startDate=2021-01&endDate=2026-08,2026-08-22 13:43:02.497558+00:00
6204416450,"קליי 4, תל אביב-יפו",2024-03-31,4.0,144.0,,6868900.0,47700.694444444445,579.5,602.0,1.0388265746333045,7135595.858498706,49552.74901735212,,דירה,דירה בבית קומות,הצפון החדש סביבת כיכר המדינה,6108,618,9,True,,GovMap,https://www.govmap.gov.il/api/real-estate/street-deals/53067570?limit=100&offset=0&dealType=2&startDate=2021-01&endDate=2026-08,2026-08-22 13:43:32.057364+00:00
6205075100,"ה' באייר 50, תל אביב-יפו",2024-04-03,4.0,91.0,4.0,5000000.0,54945.054945054944,583.6,602.0,1.0315284441398218,5157642.220699109,56677.38704064955,,דירה,דירה בבית קומות,הצפון החדש סביבת כיכר המדינה,6213,1362,21,True,,GovMap,https://www.govmap.gov.il/api/real-estate/street-deals/52300326?limit=100&offset=0&dealType=2&startDate=2021-01&endDate=2026-08,2026-08-22 13:43:07.812562+00:00
6204815700,"פייבל 19, תל אביב-יפו",2024-04-07,2.0,37.0,4.0,3026000.0,81783.78378378379,583.6,602.0,1.0315284441398218,3121405.0719671007,84362.29924235407,,דירה,דירה בבית קומות,הצפון החדש סביבת כיכר המדינה,6108,91,9,True,,GovMap,https://www.govmap.gov.il/api/real-estate/street-deals/52271030?limit=100&offset=0&dealType=2&startDate=2021-01&endDate=2026-08,2026-08-22 13:43:04.779157+00:00
6257204850,"הלסינקי 8, תל אביב-יפו",2024-04-09,4.0,119.0,,503000.0,4226.890756302521,583.6,602.0,1.0315284441398218,518858.8074023304,4360.158045397734,,דירה,דירה בבית קומות,הצפון החדש סביבת כיכר המדינה,6108,82,18,True,,GovMap,https://www.govmap.gov.il/api/real-estate/street-deals/6108-86?limit=100&offset=0&dealType=2&startDate=2021-01&endDate=2026-08,2026-08-22 13:43:01.529718+00:00
6204868950,"ה' באייר 52, תל אביב-יפו",2024-04-09,4.0,130.0,4.0,5750000.0,44230.769230769234,583.6,602.0,1.0315284441398218,5931288.553803976,45625.29656772289,,דירה,דירה בבית קומות,הצפון החדש סביבת כיכר המדינה,6213,1351,12,True,,GovMap,https://www.govmap.gov.il/api/real-estate/street-deals/52300326?limit=100&offset=0&dealType=2&startDate=2021-01&endDate=2026-08,2026-08-22 13:43:07.812562+00:00
6204429600,"יהודה גור 6, תל אביב-יפו",2024-04-09,3.0,73.0,3.0,3770000.0,51643.83561643836,583.6,602.0,1.0315284441398218,3888862.2344071283,53272.08540283737,,דירה,דירה בבית קומות,הצפון החדש סביבת כיכר המדינה,6108,436,8,True,,GovMap,https://www.govmap.gov.il/api/real-estate/street-deals/52301018?limit=100&offset=0&dealType=2&startDate=2021-01&endDate=2026-08,2026-08-22 13:43:23.231486+00:00
6205530500,"הלסינקי 8, תל אביב-יפו",2024-04-09,,11.0,,229000.0,20818.18181818182,583.6,602.0,1.0315284441398218,236220.0137080192,21474.546700729017,,קרקע,קומבינציה,הצפון החדש סביבת כיכר המדינה,6108,82,17,False,"missing_rooms, non_residential_property_type",GovMap,https://www.govmap.gov.il/api/real-estate/street-deals/6108-86?limit=100&offset=0&dealType=2&startDate=2021-01&endDate=2026-08,2026-08-22 13:43:01.529718+00:00
6205126700,"ז'בוטינסקי 107, תל אביב-יפו",2024-04-14,3.0,89.0,3.0,5690000.0,63932.58426966292,583.6,602.0,1.0315284441398218,5869396.847155586,65948.27918152344,,דירה,דירה בבית קומות,הצפון החדש סביבת כיכר המדינה,6213,847,18,True,,GovMap,https://www.govmap.gov.il/api/real-estate/street-deals/73096893?limit=100&offset=0&dealType=2&startDate=2021-01&endDate=2026-08,2026-08-22 13:43:02.497558+00:00
6205139050,"ז'בוטינסקי 101, תל אביב-יפו",2024-04-17,3.0,65.0,1.0,3800000.0,58461.53846153846,583.6,602.0,1.0315284441398218,3919808.0877313227,60304.73981125112,,דירה,דירה בבית קומות,הצפון החדש סביבת כיכר המדינה,6213,948,6,True,,GovMap,https://www.govmap.gov.il/api/real-estate/street-deals/73096893?limit=100&offset=0&dealType=2&startDate=2021-01&endDate=2026-08,2026-08-22 13:43:02.497558+00:00
6205129550,"ז'בוטינסקי 101, תל אביב-יפו",2024-04-18,3.0,103.0,2.0,6000000.0,58252.42718446602,583.6,602.0,1.0315284441398218,6189170.664838931,60089.03558096049,,דירה,דירה בבית קומות,הצפון החדש סביבת כיכר המדינה,6213,948,9,True,,GovMap,https://www.govmap.gov.il/api/real-estate/street-deals/73096893?limit=100&offset=0&dealType=2&startDate=2021-01&endDate=2026-08,2026-08-22 13:43:02.497558+00:00
6205701700,"פייבל 15, תל אביב-יפו",2024-04-21,3.0,78.0,3.0,4250000.0,54487.179487179485,583.6,602.0,1.0315284441398218,4383995.887594243,56205.07548197747,,דירה,דירה בבית קומות,הצפון החדש סביבת כיכר המדינה,6108,93,19,True,,GovMap,https://www.govmap.gov.il/api/real-estate/street-deals/52271030?limit=100&offset=0&dealType=2&startDate=2021-01&endDate=2026-08,2026-08-22 13:43:04.779157+00:00
6205699300,"פייבל 15, תל אביב-יפו",2024-04-21,3.0,78.0,3.0,4200000.0,53846.153846153844,583.6,602.0,1.0315284441398218,4332419.465387251,55543.83929983655,,דירה,דירה בבית קומות,הצפון החדש סביבת כיכר המדינה,6108,93,19,True,,GovMap,https://www.govmap.gov.il/api/real-estate/street-deals/52271030?limit=100&offset=0&dealType=2&startDate=2021-01&endDate=2026-08,2026-08-22 13:43:04.779157+00:00
6206081250,"פייבל 12, תל אביב-יפו",2024-05-06,3.0,86.0,1.0,5250000.0,61046.51162790698,587.1,602.0,1.0253789814341678,5383239.652529381,62595.80991313234,,דירה,דירה בבית קומות,הצפון החדש סביבת כיכר המדינה,6108,355,21,True,,GovMap,https://www.govmap.gov.il/api/real-estate/street-deals/52271030?limit=100&offset=0&dealType=2&startDate=2021-01&endDate=2026-08,2026-08-22 13:43:04.779157+00:00
6205800650,"ז'בוטינסקי 150, תל אביב-יפו",2024-05-09,3.0,69.0,1.0,4200000.0,60869.565217391304,587.1,602.0,1.0253789814341678,4306591.722023505,62414.372782949344,,דירה,דירה בבית קומות,הצפון החדש סביבת כיכר המדינה,6108,460,1,True,,GovMap,https://www.govmap.gov.il/api/real-estate/street-deals/73096893?limit=100&offset=0&dealType=2&startDate=2021-01&endDate=2026-08,2026-08-22 13:43:02.497558+00:00
6206325450,"ז'בוטינסקי 135, תל אביב-יפו",2024-05-12,3.0,90.0,8.0,7575000.0,84166.66666666667,587.1,602.0,1.0253789814341678,7767245.784363821,86302.73093737579,,דירה,דירה בבית קומות,הצפון החדש סביבת כיכר המדינה,6213,1162,24,True,,GovMap,https://www.govmap.gov.il/api/real-estate/street-deals/73096893?limit=100&offset=0&dealType=2&startDate=2021-01&endDate=2026-08,2026-08-22 13:43:02.497558+00:00
6206086600,"ליסין 5, תל אביב-יפו",2024-05-16,3.0,72.0,1.0,4556000.0,63277.77777777778,587.1,602.0,1.0253789814341678,4671626.639414068,64883.70332519539,,דירה,דירה בבית קומות,הצפון החדש סביבת כיכר המדינה,6213,947,26,True,,GovMap,https://www.govmap.gov.il/api/real-estate/street-deals/52045525?limit=100&offset=0&dealType=2&startDate=2021-01&endDate=2026-08,2026-08-22 13:43:03.167195+00:00
6206088250,"ליסין 5, תל אביב-יפו",2024-05-16,3.0,74.0,1.0,4856000.0,65621.62162162163,587.1,602.0,1.0253789814341678,4979240.333844319,67287.03153843674,,דירה,דירה בבית קומות,הצפון החדש סביבת כיכר המדינה,6213,947,26,True,,GovMap,https://www.govmap.gov.il/api/real-estate/street-deals/52045525?limit=100&offset=0&dealType=2&startDate=2021-01&endDate=2026-08,2026-08-22 13:43:03.167195+00:00
6206081650,"הלסינקי 13, תל אביב-יפו",2024-05-20,5.0,145.0,6.0,11300000.0,77931.03448275862,587.1,602.0,1.0253789814341678,11586782.490206096,79908.84476004205,,דירה,דירה בבית קומות,הצפון החדש סביבת כיכר המדינה,6108,230,22,True,,GovMap,https://www.govmap.gov.il/api/real-estate/street-deals/6108-86?limit=100&offset=0&dealType=2&startDate=2021-01&endDate=2026-08,2026-08-22 13:43:01.529718+00:00
6206160450,"פייבל 19, תל אביב-יפו",2024-05-21,2.0,52.0,1.0,3806000.0,73192.30769230769,587.1,602.0,1.0253789814341678,3902592.4033384426,75049.85391035466,,דירה,דירה בבית קומות,הצפון החדש סביבת כיכר המדינה,6108,91,5,True,,GovMap,https://www.govmap.gov.il/api/real-estate/street-deals/52271030?limit=100&offset=0&dealType=2&startDate=2021-01&endDate=2026-08,2026-08-22 13:43:04.779157+00:00
6206727600,"פייבל 15, תל אביב-יפו",2024-06-09,3.0,65.0,1.0,4150000.0,63846.153846153844,591.8,602.0,1.0172355525515377,4221527.543088881,64946.57758598279,,דירה,דירה בבית קומות,הצפון החדש סביבת כיכר המדינה,6108,93,18,True,,GovMap,https://www.govmap.gov.il/api/real-estate/street-deals/52271030?limit=100&offset=0&dealType=2&startDate=2021-01&endDate=2026-08,2026-08-22 13:43:04.779157+00:00
6207849250,"פייבל 12, תל אביב-יפו",2024-06-17,4.0,94.0,3.0,6100000.0,64893.617021276594,591.8,602.0,1.0172355525515377,6205136.870564381,66012.09436770617,,דירה,דירה בבית קומות,הצפון החדש סביבת כיכר המדינה,6108,355,20,True,,GovMap,https://www.govmap.gov.il/api/real-estate/street-deals/52271030?limit=100&offset=0&dealType=2&startDate=2021-01&endDate=2026-08,2026-08-22 13:43:04.779157+00:00
6207531600,"ז'בוטינסקי 78, תל אביב-יפו",2024-06-19,1.0,42.0,1.0,2250000.0,53571.42857142857,591.8,602.0,1.0172355525515377,2288779.99324096,54494.76174383238,,דירה,דירה בבית קומות,הצפון הישן-החלק הצפוני,6214,133,4,True,,GovMap,https://www.govmap.gov.il/api/real-estate/street-deals/73096893?limit=100&offset=0&dealType=2&startDate=2021-01&endDate=2026-08,2026-08-22 13:43:02.497558+00:00
6208203100,"פייבל 12, תל אביב-יפו",2024-06-30,4.0,100.0,4.0,6200000.0,62000.0,591.8,602.0,1.0172355525515377,6306860.425819534,63068.60425819534,,דירה,דירה בבית קומות,הצפון החדש סביבת כיכר המדינה,6108,355,16,True,,GovMap,https://www.govmap.gov.il/api/real-estate/street-deals/52271030?limit=100&offset=0&dealType=2&startDate=2021-01&endDate=2026-08,2026-08-22 13:43:04.779157+00:00
6208041950,"פייבל 12, תל אביב-יפו",2024-07-03,3.0,65.0,1.0,4580000.0,70461.53846153847,593.0,602.0,1.015177065767285,4649510.961214165,71530.93786483331,,דירה,דירה בבית קומות,הצפון החדש סביבת כיכר המדינה,6108,355,19,True,,GovMap,https://www.govmap.gov.il/api/real-estate/street-deals/52271030?limit=100&offset=0&dealType=2&startDate=2021-01&endDate=2026-08,2026-08-22 13:43:04.779157+00:00
6209017850,"הלסינקי 9, תל אביב-יפו",2024-07-03,5.0,12.0,2.0,756000.0,63000.0,593.0,602.0,1.015177065767285,767473.8617200674,63956.155143338954,,דירה,דירה בבית קומות,הצפון החדש סביבת כיכר המדינה,6108,228,3,True,,GovMap,https://www.govmap.gov.il/api/real-estate/street-deals/6108-86?limit=100&offset=0&dealType=2&startDate=2021-01&endDate=2026-08,2026-08-22 13:43:01.529718+00:00
6209012900,"הלסינקי 9, תל אביב-יפו",2024-07-03,4.0,164.0,2.0,378000.0,2304.878048780488,593.0,602.0,1.015177065767285,383736.9308600337,2339.859334512401,,דירה,דירה בבית קומות,הצפון החדש סביבת כיכר המדינה,6108,228,4,True,,GovMap,https://www.govmap.gov.il/api/real-estate/street-deals/6108-86?limit=100&offset=0&dealType=2&startDate=2021-01&endDate=2026-08,2026-08-22 13:43:01.529718+00:00
6209018650,"הלסינקי 9, תל אביב-יפו",2024-07-03,4.0,138.0,3.0,1850000.0,13405.797101449276,593.0,602.0,1.015177065767285,1878077.571669477,13609.257765720848,,דירה,דירה בבית קומות,הצפון החדש סביבת כיכר המדינה,6108,228,6,True,,GovMap,https://www.govmap.gov.il/api/real-estate/street-deals/6108-86?limit=100&offset=0&dealType=2&startDate=2021-01&endDate=2026-08,2026-08-22 13:43:01.529718+00:00
6209005900,"הלסינקי 9, תל אביב-יפו",2024-07-03,5.0,14.0,4.0,840000.0,60000.0,593.0,602.0,1.015177065767285,852748.7352445193,60910.62394603709,,דירה,דירה בבית קומות,הצפון החדש סביבת כיכר המדינה,6108,228,7,True,,GovMap,https://www.govmap.gov.il/api/real-estate/street-deals/6108-86?limit=100&offset=0&dealType=2&startDate=2021-01&endDate=2026-08,2026-08-22 13:43:01.529718+00:00
6208757950,"פייבל 5, תל אביב-יפו",2024-07-04,5.0,227.0,7.0,15800000.0,69603.52422907489,593.0,602.0,1.015177065767285,16039797.639123103,70659.90149393438,,דירה,דירה בבית קומות,הצפון החדש סביבת כיכר המדינה,6108,98,15,True,,GovMap,https://www.govmap.gov.il/api/real-estate/street-deals/52271030?limit=100&offset=0&dealType=2&startDate=2021-01&endDate=2026-08,2026-08-22 13:43:04.779157+00:00
6209062800,"פייבל 15, תל אביב-יפו",2024-07-23,3.0,64.0,5.0,4480000.0,70000.0,593.0,602.0,1.015177065767285,4547993.254637437,71062.39460370995,,דירה,דירה בבית קומות,הצפון החדש סביבת כיכר המדינה,6108,93,17,True,,GovMap,https://www.govmap.gov.il/api/real-estate/street-deals/52271030?limit=100&offset=0&dealType=2&startDate=2021-01&endDate=2026-08,2026-08-22 13:43:04.779157+00:00
6209386250,"ז'בוטינסקי 58, תל אביב-יפו",2024-07-30,,22.0,,950000.0,43181.818181818184,593.0,602.0,1.015177065767285,964418.2124789207,43837.191476314576,,בנין,משרד,הצפון הישן-החלק הצפוני,6214,72,1,False,"missing_rooms, non_residential_deal_nature",GovMap,https://www.govmap.gov.il/api/real-estate/street-deals/73096893?limit=100&offset=0&dealType=2&startDate=2021-01&endDate=2026-08,2026-08-22 13:43:02.497558+00:00
6209209250,"ליסין 5, תל אביב-יפו",2024-07-30,4.0,115.0,6.0,8894000.0,77339.13043478261,593.0,602.0,1.015177065767285,9028984.822934233,78512.91150377593,,דירה,דירה בבית קומות,הצפון החדש סביבת כיכר המדינה,6213,947,25,True,,GovMap,https://www.govmap.gov.il/api/real-estate/street-deals/52045525?limit=100&offset=0&dealType=2&startDate=2021-01&endDate=2026-08,2026-08-22 13:43:03.167195+00:00
6210206600,"הלסינקי 13, תל אביב-יפו",2024-07-31,3.0,140.0,3.0,772000.0,5514.285714285715,593.0,602.0,1.015177065767285,783716.694772344,5597.976391231028,,דירה,דירה בבית קומות,הצפון החדש סביבת כיכר המדינה,6108,230,9,True,,GovMap,https://www.govmap.gov.il/api/real-estate/street-deals/6108-86?limit=100&offset=0&dealType=2&startDate=2021-01&endDate=2026-08,2026-08-22 13:43:01.529718+00:00
6210321700,"הלסינקי 13, תל אביב-יפו",2024-07-31,1.0,19.0,1.0,1200000.0,63157.89473684211,593.0,602.0,1.015177065767285,1218212.478920742,64116.44625898642,,דירה,דירה בבית קומות,הצפון החדש סביבת כיכר המדינה,6108,230,4,True,,GovMap,https://www.govmap.gov.il/api/real-estate/street-deals/6108-86?limit=100&offset=0&dealType=2&startDate=2021-01&endDate=2026-08,2026-08-22 13:43:01.529718+00:00
6210207000,"הלסינקי 13, תל אביב-יפו",2024-07-31,5.0,171.0,10.0,1100000.0,6432.748538011696,593.0,602.0,1.015177065767285,1116694.7723440134,6530.378785637506,,דירה,דירה בבית קומות,הצפון החדש סביבת כיכר המדינה,6108,230,8,True,,GovMap,https://www.govmap.gov.il/api/real-estate/street-deals/6108-86?limit=100&offset=0&dealType=2&startDate=2021-01&endDate=2026-08,2026-08-22 13:43:01.529718+00:00
6209221250,"ז'בוטינסקי 148, תל אביב-יפו",2024-07-31,3.0,64.0,1.0,3750000.0,58593.75,593.0,602.0,1.015177065767285,3806913.9966273187,59483.031197301854,,דירה,דירה בבית קומות,הצפון החדש סביבת כיכר המדינה,6108,542,3,True,,GovMap,https://www.govmap.gov.il/api/real-estate/street-deals/73096893?limit=100&offset=0&dealType=2&startDate=2021-01&endDate=2026-08,2026-08-22 13:43:02.497558+00:00
6210217750,"פייבל 4, תל אביב -יפו",2024-08-01,4.0,108.0,,6100000.0,56481.48148148148,592.4,602.0,1.0162052667116814,6198852.126941257,57396.77895315979,,דירה,דירה בבית קומות,הצפון החדש סביבת כיכר המדינה,6108,114,1,True,,GovMap,https://www.govmap.gov.il/api/real-estate/street-deals/52271030?limit=100&offset=0&dealType=2&startDate=2021-01&endDate=2026-08,2026-08-22 13:43:04.779157+00:00
6209951750,"ליסין 17, תל אביב-יפו",2024-08-15,3.0,60.0,3.0,4350000.0,72500.0,592.4,602.0,1.0162052667116814,4420492.910195814,73674.8818365969,,דירה,דירה בבית קומות,הצפון החדש סביבת כיכר המדינה,6108,156,32,True,,GovMap,https://www.govmap.gov.il/api/real-estate/street-deals/52045525?limit=100&offset=0&dealType=2&startDate=2021-01&endDate=2026-08,2026-08-22 13:43:03.167195+00:00
6210936800,"ז'בוטינסקי 107, תל אביב-יפו",2024-08-22,3.0,66.0,1.0,4800000.0,72727.27272727272,592.4,602.0,1.0162052667116814,4877785.280216071,73905.83757903137,,דירה,דירה בבית קומות,הצפון החדש סביבת כיכר המדינה,6213,847,17,True,,GovMap,https://www.govmap.gov.il/api/real-estate/street-deals/73096893?limit=100&offset=0&dealType=2&startDate=2021-01&endDate=2026-08,2026-08-22 13:43:02.497558+00:00
6211219750,"ז'בוטינסקי 135, תל אביב-יפו",2024-08-25,4.0,123.0,3.0,133000.0,1081.30081300813,592.4,602.0,1.0162052667116814,135155.30047265362,1098.8235810784847,,דירה,דירה בבית קומות,הצפון החדש סביבת כיכר המדינה,6213,1162,23,True,,GovMap,https://www.govmap.gov.il/api/real-estate/street-deals/73096893?limit=100&offset=0&dealType=2&startDate=2021-01&endDate=2026-08,2026-08-22 13:43:02.497558+00:00
6211302200,"הלסינקי 15, תל אביב-יפו",2024-09-03,2.0,37.0,,2250000.0,60810.81081081081,593.6,602.0,1.0141509433962264,2281839.6226415094,61671.34115247323,,דירה,דירה בבית קומות,הצפון החדש סביבת כיכר המדינה,6108,231,5,True,,GovMap,https://www.govmap.gov.il/api/real-estate/street-deals/6108-86?limit=100&offset=0&dealType=2&startDate=2021-01&endDate=2026-08,2026-08-22 13:43:01.529718+00:00
6210707800,"פייבל 5, תל אביב-יפו",2024-09-03,,10.0,1.0,196000.0,19600.0,593.6,602.0,1.0141509433962264,198773.58490566036,19877.358490566035,,בנין,מחסנים,הצפון החדש סביבת כיכר המדינה,6108,98,10,False,missing_rooms,GovMap,https://www.govmap.gov.il/api/real-estate/street-deals/52271030?limit=100&offset=0&dealType=2&startDate=2021-01&endDate=2026-08,2026-08-22 13:43:04.779157+00:00
6210498700,"ה' באייר 62, תל אביב-יפו",2024-09-04,3.0,149.0,5.0,5625000.0,37751.67785234899,593.6,602.0,1.0141509433962264,5704599.0566037735,38285.899708750156,,דירה,דירה בבית קומות,הצפון החדש סביבת כיכר המדינה,6213,1409,20,True,,GovMap,https://www.govmap.gov.il/api/real-estate/street-deals/52300326?limit=100&offset=0&dealType=2&startDate=2021-01&endDate=2026-08,2026-08-22 13:43:07.812562+00:00
6210883500,"פייבל 15, תל אביב-יפו",2024-09-05,5.0,121.0,7.0,8750000.0,72314.04958677686,593.6,602.0,1.0141509433962264,8873820.754716981,73337.36160923124,,דירה,דירה בבית קומות,הצפון החדש סביבת כיכר המדינה,6108,93,16,True,,GovMap,https://www.govmap.gov.il/api/real-estate/street-deals/52271030?limit=100&offset=0&dealType=2&startDate=2021-01&endDate=2026-08,2026-08-22 13:43:04.779157+00:00
6211488300,"ליסין 17, תל אביב-יפו",2024-09-19,5.0,148.0,7.0,10500000.0,70945.94594594595,593.6,602.0,1.0141509433962264,10648584.905660376,71949.89801121876,,דירה,דירה בבית קומות,הצפון החדש סביבת כיכר המדינה,6108,156,31,True,,GovMap,https://www.govmap.gov.il/api/real-estate/street-deals/52045525?limit=100&offset=0&dealType=2&startDate=2021-01&endDate=2026-08,2026-08-22 13:43:03.167195+00:00
6212374750,"ז'בוטינסקי 105, תל אביב-יפו",2024-09-30,4.0,108.0,0.0,6200000.0,57407.40740740741,593.6,602.0,1.0141509433962264,6287735.849056603,58219.77638015374,,דירה,דירה בבית קומות,הצפון החדש סביבת כיכר המדינה,6213,840,3,True,,GovMap,https://www.govmap.gov.il/api/real-estate/street-deals/73096893?limit=100&offset=0&dealType=2&startDate=2021-01&endDate=2026-08,2026-08-22 13:43:02.497558+00:00
6212843400,"ליסין 25, תל אביב-יפו",2024-10-14,3.0,26.0,1.0,1800000.0,69230.76923076923,596.6,602.0,1.0090512906469997,1816292.3231645995,69857.39704479229,,דירה,דירה בבית קומות,הצפון החדש סביבת כיכר המדינה,6108,153,7,True,,GovMap,https://www.govmap.gov.il/api/real-estate/street-deals/52045525?limit=100&offset=0&dealType=2&startDate=2021-01&endDate=2026-08,2026-08-22 13:43:03.167195+00:00
6212979050,"ז'בוטינסקי 133, תל אביב-יפו",2024-10-15,5.0,131.0,1.0,8390000.0,64045.80152671756,596.6,602.0,1.0090512906469997,8465940.328528328,64625.49869105594,,דירה,דירה בבית קומות,הצפון החדש סביבת כיכר המדינה,6213,924,12,True,,GovMap,https://www.govmap.gov.il/api/real-estate/street-deals/73096893?limit=100&offset=0&dealType=2&startDate=2021-01&endDate=2026-08,2026-08-22 13:43:02.497558+00:00
6212980350,"ז'בוטינסקי 133, תל אביב-יפו",2024-10-15,5.0,133.0,1.0,8530000.0,64135.338345864664,596.6,602.0,1.0090512906469997,8607207.509218907,64715.84593397674,,דירה,דירה בבית קומות,הצפון החדש סביבת כיכר המדינה,6213,924,12,True,,GovMap,https://www.govmap.gov.il/api/real-estate/street-deals/73096893?limit=100&offset=0&dealType=2&startDate=2021-01&endDate=2026-08,2026-08-22 13:43:02.497558+00:00
6213445650,"ז'בוטינסקי 99, תל אביב-יפו",2024-10-27,3.0,125.0,3.0,130000.0,1040.0,596.6,602.0,1.0090512906469997,131176.66778410997,1049.4133422728798,,דירה,דירה בבית קומות,הצפון החדש סביבת כיכר המדינה,6213,1170,8,True,,GovMap,https://www.govmap.gov.il/api/real-estate/street-deals/73096893?limit=100&offset=0&dealType=2&startDate=2021-01&endDate=2026-08,2026-08-22 13:43:02.497558+00:00
6213445250,"ז'בוטינסקי 99, תל אביב-יפו",2024-10-27,4.0,125.0,3.0,260000.0,2080.0,596.6,602.0,1.0090512906469997,262353.33556821995,2098.8266845457597,,דירה,דירה בבית קומות,הצפון החדש סביבת כיכר המדינה,6213,1170,7,True,,GovMap,https://www.govmap.gov.il/api/real-estate/street-deals/73096893?limit=100&offset=0&dealType=2&startDate=2021-01&endDate=2026-08,2026-08-22 13:43:02.497558+00:00
6213539700,"ז'בוטינסקי 107, תל אביב-יפו",2024-10-31,2.0,53.0,1.0,3806000.0,71811.32075471699,596.6,602.0,1.0090512906469997,3840449.212202481,72461.30589061284,,דירה,דירת גן,הצפון החדש סביבת כיכר המדינה,6213,847,16,True,,GovMap,https://www.govmap.gov.il/api/real-estate/street-deals/73096893?limit=100&offset=0&dealType=2&startDate=2021-01&endDate=2026-08,2026-08-22 13:43:02.497558+00:00
6213462950,"ז'בוטינסקי 133, תל אביב-יפו",2024-11-07,3.0,82.0,1.0,5726000.0,69829.26829268293,599.0,602.0,1.005008347245409,5754677.796327212,70178.99751618551,,דירה,דירה בבית קומות,הצפון החדש סביבת כיכר המדינה,6213,924,11,True,,GovMap,https://www.govmap.gov.il/api/real-estate/street-deals/73096893?limit=100&offset=0&dealType=2&startDate=2021-01&endDate=2026-08,2026-08-22 13:43:02.497558+00:00
6213457150,"ז'בוטינסקי 146, תל אביב-יפו",2024-11-14,2.0,53.0,8.0,4300000.0,81132.07547169812,599.0,602.0,1.005008347245409,4321535.893155259,81538.41307840112,,דירה,דירה בבית קומות,הצפון החדש סביבת כיכר המדינה,6108,279,23,True,,GovMap,https://www.govmap.gov.il/api/real-estate/street-deals/73096893?limit=100&offset=0&dealType=2&startDate=2021-01&endDate=2026-08,2026-08-22 13:43:02.497558+00:00
6213632100,"ליסין 5, תל אביב-יפו",2024-11-28,3.0,76.0,2.0,5156000.0,67842.1052631579,599.0,602.0,1.005008347245409,5181823.038397329,68181.88208417538,,דירה,דירה בבית קומות,הצפון החדש סביבת כיכר המדינה,6213,947,24,True,,GovMap,https://www.govmap.gov.il/api/real-estate/street-deals/52045525?limit=100&offset=0&dealType=2&startDate=2021-01&endDate=2026-08,2026-08-22 13:43:03.167195+00:00
6214361800,"פייבל 5, תל אביב-יפו",2024-12-08,5.0,131.0,1.0,7440000.0,56793.89312977099,606.2,602.0,0.9930715935334872,7388452.655889144,56400.401953352244,,דירה,דירה בבית קומות,הצפון החדש סביבת כיכר המדינה,6108,98,14,True,,GovMap,https://www.govmap.gov.il/api/real-estate/street-deals/52271030?limit=100&offset=0&dealType=2&startDate=2021-01&endDate=2026-08,2026-08-22 13:43:04.779157+00:00
6250615500,"ז'בוטינסקי 40, תל אביב-יפו",2024-12-10,3.0,61.0,4.0,4868000.0,79803.27868852459,606.2,602.0,0.9930715935334872,4834272.517321016,79250.3691364101,,דירה,דירה בבית קומות,הצפון הישן-החלק הצפוני,6955,19,14,True,,GovMap,https://www.govmap.gov.il/api/real-estate/street-deals/73096893?limit=100&offset=0&dealType=2&startDate=2021-01&endDate=2026-08,2026-08-22 13:43:02.497558+00:00
6214994200,"ליסין 5, תל אביב-יפו",2024-12-15,4.0,98.0,2.0,6226000.0,63530.61224489796,606.2,602.0,0.9930715935334872,6182863.741339491,63090.44634019888,,דירה,דירה בבית קומות,הצפון החדש סביבת כיכר המדינה,6213,947,23,True,,GovMap,https://www.govmap.gov.il/api/real-estate/street-deals/52045525?limit=100&offset=0&dealType=2&startDate=2021-01&endDate=2026-08,2026-08-22 13:43:03.167195+00:00
6251727300,"ז'בוטינסקי 135, תל אביב-יפו",2024-12-23,5.0,116.0,3.0,7736500.0,66693.96551724138,606.2,602.0,0.9930715935334872,7682898.3833718235,66231.88261527434,,דירה,דירה בבית קומות,הצפון החדש סביבת כיכר המדינה,6213,1162,18,True,,GovMap,https://www.govmap.gov.il/api/real-estate/street-deals/73096893?limit=100&offset=0&dealType=2&startDate=2021-01&endDate=2026-08,2026-08-22 13:43:02.497558+00:00
6251726000,"ז'בוטינסקי 135, תל אביב-יפו",2024-12-23,3.0,79.0,3.0,5531500.0,70018.98734177215,606.2,602.0,0.9930715935334872,5493175.519630484,69533.86733709474,,דירה,דירה בבית קומות,הצפון החדש סביבת כיכר המדינה,6213,1162,18,True,,GovMap,https://www.govmap.gov.il/api/real-estate/street-deals/73096893?limit=100&offset=0&dealType=2&startDate=2021-01&endDate=2026-08,2026-08-22 13:43:02.497558+00:00
6251720650,"ז'בוטינסקי 135, תל אביב-יפו",2024-12-23,3.0,79.0,3.0,5471500.0,69259.49367088608,606.2,602.0,0.9930715935334872,5433591.224018475,68779.6357470693,,דירה,דירה בבית קומות,הצפון החדש סביבת כיכר המדינה,6213,1162,18,True,,GovMap,https://www.govmap.gov.il/api/real-estate/street-deals/73096893?limit=100&offset=0&dealType=2&startDate=2021-01&endDate=2026-08,2026-08-22 13:43:02.497558+00:00
6251724800,"ז'בוטינסקי 135, תל אביב-יפו",2024-12-23,5.0,116.0,3.0,7706500.0,66435.3448275862,606.2,602.0,0.9930715935334872,7653106.235565819,65975.05375487775,,דירה,דירה בבית קומות,הצפון החדש סביבת כיכר המדינה,6213,1162,18,True,,GovMap,https://www.govmap.gov.il/api/real-estate/street-deals/73096893?limit=100&offset=0&dealType=2&startDate=2021-01&endDate=2026-08,2026-08-22 13:43:02.497558+00:00
6251994150,"ליסין 15, תל אביב-יפו",2024-12-24,,1.0,,91000.0,91000.0,606.2,602.0,0.9930715935334872,90369.51501154734,90369.51501154734,,בנין,מחסנים,הצפון החדש סביבת כיכר המדינה,6213,851,2,False,missing_rooms,GovMap,https://www.govmap.gov.il/api/real-estate/street-deals/52045525?limit=100&offset=0&dealType=2&startDate=2021-01&endDate=2026-08,2026-08-22 13:43:03.167195+00:00
6251165450,"ז'בוטינסקי 146, תל אביב-יפו",2024-12-24,4.5,126.0,8.0,9750000.0,77380.95238095238,606.2,602.0,0.9930715935334872,9682448.036951499,76844.82569009127,,דירה,דירה בבית קומות,הצפון החדש סביבת כיכר המדינה,6108,279,18,True,,GovMap,https://www.govmap.gov.il/api/real-estate/street-deals/73096893?limit=100&offset=0&dealType=2&startDate=2021-01&endDate=2026-08,2026-08-22 13:43:02.497558+00:00
6251503600,"הלסינקי 13, תל אביב-יפו",2024-12-25,2.0,58.0,0.0,3700000.0,63793.10344827586,606.2,602.0,0.9930715935334872,3674364.8960739025,63351.1188978259,,דירה,דירה בבית קומות,הצפון החדש סביבת כיכר המדינה,6108,230,1,True,,GovMap,https://www.govmap.gov.il/api/real-estate/street-deals/6108-86?limit=100&offset=0&dealType=2&startDate=2021-01&endDate=2026-08,2026-08-22 13:43:01.529718+00:00
6251507400,"קליי 8, תל אביב-יפו",2024-12-25,2.0,35.0,2.0,2596000.0,74171.42857142857,606.2,602.0,0.9930715935334872,2578013.8568129325,73657.53876608379,,דירה,דירה בבית קומות,הצפון החדש סביבת כיכר המדינה,6108,247,13,True,,GovMap,https://www.govmap.gov.il/api/real-estate/street-deals/53067570?limit=100&offset=0&dealType=2&startDate=2021-01&endDate=2026-08,2026-08-22 13:43:32.057364+00:00
6250213350,"ליסין 5, תל אביב-יפו",2024-12-26,3.0,74.0,6.0,5660000.0,76486.48648648648,606.2,602.0,0.9930715935334872,5620785.219399537,75956.55701891266,,דירה,דירה בבית קומות,הצפון החדש סביבת כיכר המדינה,6213,947,22,True,,GovMap,https://www.govmap.gov.il/api/real-estate/street-deals/52045525?limit=100&offset=0&dealType=2&startDate=2021-01&endDate=2026-08,2026-08-22 13:43:03.167195+00:00
6252386900,"ה' באייר 76, תל אביב-יפו",2024-12-29,,513.0,,26500000.0,51656.92007797271,606.2,602.0,0.9930715935334872,26316397.22863741,51299.019938864345,,בנין,חנות,הצפון החדש סביבת כיכר המדינה,6213,895,1,False,missing_rooms,GovMap,https://www.govmap.gov.il/api/real-estate/street-deals/52300326?limit=100&offset=0&dealType=2&startDate=2021-01&endDate=2026-08,2026-08-22 13:43:07.812562+00:00
6250327200,"ה' באייר 14, תל אביב-יפו",2024-12-30,,109.0,,1545000.0,14174.311926605504,606.2,602.0,0.9930715935334872,1534295.6120092378,14076.106532194843,,בנין,חנות,הצפון החדש סביבת כיכר המדינה,6213,1325,12,False,missing_rooms,GovMap,https://www.govmap.gov.il/api/real-estate/street-deals/52300326?limit=100&offset=0&dealType=2&startDate=2021-01&endDate=2026-08,2026-08-22 13:43:07.812562+00:00
6252921900,"חברה חדשה 2, תל אביב-יפו",2025-01-09,4.0,116.0,3.0,6460000.0,55689.65517241379,609.8,602.0,0.9872089209576911,6377369.629386685,54977.32439126453,,דירה,דירה בבית קומות,הצפון החדש סביבת כיכר המדינה,6213,254,6,True,,GovMap,https://www.govmap.gov.il/api/real-estate/street-deals/52297115?limit=100&offset=0&dealType=2&startDate=2021-01&endDate=2026-08,2026-08-22 13:43:22.282604+00:00
6253431750,"ז'בוטינסקי 107, תל אביב-יפו",2025-01-23,3.0,78.0,1.0,4818000.0,61769.230769230766,609.8,602.0,0.9872089209576911,4756372.581174156,60979.13565607892,,דירה,דירה בבית קומות,הצפון החדש סביבת כיכר המדינה,6213,847,15,True,,GovMap,https://www.govmap.gov.il/api/real-estate/street-deals/73096893?limit=100&offset=0&dealType=2&startDate=2021-01&endDate=2026-08,2026-08-22 13:43:02.497558+00:00
6253599250,"ז'בוטינסקי 40, תל אביב-יפו",2025-02-03,4.0,89.0,5.0,7050000.0,79213.48314606742,608.6,602.0,0.9891554387117976,6973545.8429181725,78354.4476732379,,דירה,דירה בבית קומות,הצפון הישן-החלק הצפוני,6955,19,13,True,,GovMap,https://www.govmap.gov.il/api/real-estate/street-deals/73096893?limit=100&offset=0&dealType=2&startDate=2021-01&endDate=2026-08,2026-08-22 13:43:02.497558+00:00
6262578950,"ה' באייר 2, תל אביב-יפו",2025-02-11,,148.0,,4800000.0,32432.432432432433,608.6,602.0,0.9891554387117976,4747946.105816628,32080.71693119343,,בנין,משרד,הצפון החדש סביבת כיכר המדינה,6213,1346,1,False,"missing_rooms, non_residential_deal_nature",GovMap,https://www.govmap.gov.il/api/real-estate/street-deals/52300326?limit=100&offset=0&dealType=2&startDate=2021-01&endDate=2026-08,2026-08-22 13:43:07.812562+00:00
6253364000,"ה' באייר 44, תל אביב-יפו",2025-02-17,4.0,90.0,3.0,4700000.0,52222.22222222222,608.6,602.0,0.9891554387117976,4649030.561945449,51655.89513272721,,דירה,דירה בבית קומות,הצפון החדש סביבת כיכר המדינה,6213,1354,13,True,,GovMap,https://www.govmap.gov.il/api/real-estate/street-deals/52300326?limit=100&offset=0&dealType=2&startDate=2021-01&endDate=2026-08,2026-08-22 13:43:07.812562+00:00
6254843350,"ז'בוטינסקי 152, תל אביב-יפו",2025-02-20,3.0,73.0,1.0,4865000.0,66643.83561643836,608.6,602.0,0.9891554387117976,4812241.209332895,65921.11245661501,,דירה,דירה בבית קומות,הצפון החדש סביבת כיכר המדינה,6108,568,1,True,,GovMap,https://www.govmap.gov.il/api/real-estate/street-deals/73096893?limit=100&offset=0&dealType=2&startDate=2021-01&endDate=2026-08,2026-08-22 13:43:02.497558+00:00
6253978300,"ז'בוטינסקי 115, תל אביב-יפו",2025-02-24,3.0,81.0,4.0,4000000.0,49382.71604938272,608.6,602.0,0.9891554387117976,3956621.7548471903,48847.18215860729,,דירה,דירה בבית קומות,הצפון החדש סביבת כיכר המדינה,6213,1204,11,True,,GovMap,https://www.govmap.gov.il/api/real-estate/street-deals/73096893?limit=100&offset=0&dealType=2&startDate=2021-01&endDate=2026-08,2026-08-22 13:43:02.497558+00:00
6253928800,"ה' באייר 44, תל אביב-יפו",2025-02-25,3.0,87.0,2.0,4000000.0,45977.011494252874,608.6,602.0,0.9891554387117976,3956621.7548471903,45478.410975255065,,דירה,דירה בבית קומות,הצפון החדש סביבת כיכר המדינה,6213,1354,11,True,,GovMap,https://www.govmap.gov.il/api/real-estate/street-deals/52300326?limit=100&offset=0&dealType=2&startDate=2021-01&endDate=2026-08,2026-08-22 13:43:07.812562+00:00
6254414700,"ליסין 13, תל אביב-יפו",2025-02-26,3.0,96.0,1.0,5766600.0,60068.75,608.6,602.0,0.9891554387117976,5704063.752875452,59417.33075911929,,דירה,דירה בבית קומות,הצפון החדש סביבת כיכר המדינה,6213,841,5,True,,GovMap,https://www.govmap.gov.il/api/real-estate/street-deals/52045525?limit=100&offset=0&dealType=2&startDate=2021-01&endDate=2026-08,2026-08-22 13:43:03.167195+00:00
6255161700,"ליסין 1, תל אביב -יפו",2025-03-02,5.5,127.0,3.0,7025000.0,55314.96062992126,607.4,602.0,0.9911096476786303,6962545.274942378,54823.19114127856,,דירה,דירה בבית קומות,הצפון החדש סביבת כיכר המדינה,6213,268,5,True,,GovMap,https://www.govmap.gov.il/api/real-estate/street-deals/52045525?limit=100&offset=0&dealType=2&startDate=2021-01&endDate=2026-08,2026-08-22 13:43:03.167195+00:00
6255349850,"ז'בוטינסקי 75, תל אביב-יפו",2025-03-04,2.0,64.0,2.0,2800000.0,43750.0,607.4,602.0,0.9911096476786303,2775107.0135001647,43361.047085940074,,דירה,דירה בבית קומות,הצפון הישן-החלק הצפוני,6214,483,4,True,,GovMap,https://www.govmap.gov.il/api/real-estate/street-deals/73096893?limit=100&offset=0&dealType=2&startDate=2021-01&endDate=2026-08,2026-08-22 13:43:02.497558+00:00
6256903250,"חברה חדשה 3, תל אביב-יפו",2025-03-27,0.0,1.0,,31728000.0,31728000.0,607.4,602.0,0.9911096476786303,31445926.90154758,31445926.90154758,,קרקע,קומבינציה,הצפון החדש סביבת כיכר המדינה,6213,229,4,False,non_residential_property_type,GovMap,https://www.govmap.gov.il/api/real-estate/street-deals/52297115?limit=100&offset=0&dealType=2&startDate=2021-01&endDate=2026-08,2026-08-22 13:43:22.282604+00:00
6256463500,"ז'בוטינסקי 107, תל אביב-יפו",2025-03-31,3.0,98.0,4.0,6356000.0,64857.142857142855,607.4,602.0,0.9911096476786303,6299492.920645374,64280.54000658545,,דירה,דירה בבית קומות,הצפון החדש סביבת כיכר המדינה,6213,847,14,True,,GovMap,https://www.govmap.gov.il/api/real-estate/street-deals/73096893?limit=100&offset=0&dealType=2&startDate=2021-01&endDate=2026-08,2026-08-22 13:43:02.497558+00:00
6257501450,"יהודה גור 4, תל אביב-יפו",2025-03-31,3.0,79.0,1.0,3450000.0,43670.88607594937,607.4,602.0,0.9911096476786303,3419328.2844912745,43282.636512547775,,דירה,דירה בבית קומות,הצפון החדש סביבת כיכר המדינה,6108,394,3,True,,GovMap,https://www.govmap.gov.il/api/real-estate/street-deals/52301018?limit=100&offset=0&dealType=2&startDate=2021-01&endDate=2026-08,2026-08-22 13:43:23.231486+00:00
6256330350,"ליסין 5, תל אביב-יפו",2025-04-01,3.0,72.0,2.0,4810000.0,66805.55555555556,605.0,602.0,0.9950413223140496,4786148.760330578,66474.28833792469,,דירה,דירה בבית קומות,הצפון החדש סביבת כיכר המדינה,6213,947,21,True,,GovMap,https://www.govmap.gov.il/api/real-estate/street-deals/52045525?limit=100&offset=0&dealType=2&startDate=2021-01&endDate=2026-08,2026-08-22 13:43:03.167195+00:00
6256551850,"פייבל 12, תל אביב-יפו",2025-04-02,5.0,135.0,4.0,1496000.0,11081.481481481482,605.0,602.0,0.9950413223140496,1488581.8181818184,11026.531986531987,,דירה,דירה בבית קומות,הצפון החדש סביבת כיכר המדינה,6108,355,18,True,,GovMap,https://www.govmap.gov.il/api/real-estate/street-deals/52271030?limit=100&offset=0&dealType=2&startDate=2021-01&endDate=2026-08,2026-08-22 13:43:04.779157+00:00
6256594800,"ז'בוטינסקי 29, תל אביב-יפו",2025-04-02,2.0,49.0,3.0,1770000.0,36122.448979591834,605.0,602.0,0.9950413223140496,1761223.140495868,35943.329397874855,,דירה,דירה בבית קומות,הצפון הישן-החלק הצפוני,6956,153,7,True,,GovMap,https://www.govmap.gov.il/api/real-estate/street-deals/73096893?limit=100&offset=0&dealType=2&startDate=2021-01&endDate=2026-08,2026-08-22 13:43:02.497558+00:00
6256695000,"ז'בוטינסקי 107, תל אביב-יפו",2025-04-07,,8.0,1.0,201000.0,25125.0,605.0,602.0,0.9950413223140496,200003.305785124,25000.4132231405,,בנין,מחסנים,הצפון החדש סביבת כיכר המדינה,6213,847,8,False,missing_rooms,GovMap,https://www.govmap.gov.il/api/real-estate/street-deals/73096893?limit=100&offset=0&dealType=2&startDate=2021-01&endDate=2026-08,2026-08-22 13:43:02.497558+00:00
6257311650,"ז'בוטינסקי 135, תל אביב-יפו",2025-04-10,3.0,62.0,2.0,480000.0,7741.935483870968,605.0,602.0,0.9950413223140496,477619.8347107438,7703.545721141029,,דירה,דירה בבית קומות,הצפון החדש סביבת כיכר המדינה,6213,1162,13,True,,GovMap,https://www.govmap.gov.il/api/real-estate/street-deals/73096893?limit=100&offset=0&dealType=2&startDate=2021-01&endDate=2026-08,2026-08-22 13:43:02.497558+00:00
6257309550,"ז'בוטינסקי 135, תל אביב-יפו",2025-04-10,3.0,62.0,2.0,960000.0,15483.870967741936,605.0,602.0,0.9950413223140496,955239.6694214876,15407.091442282059,,דירה,דירה בבית קומות,הצפון החדש סביבת כיכר המדינה,6213,1162,13,True,,GovMap,https://www.govmap.gov.il/api/real-estate/street-deals/73096893?limit=100&offset=0&dealType=2&startDate=2021-01&endDate=2026-08,2026-08-22 13:43:02.497558+00:00
6257207700,"ז'בוטינסקי 135, תל אביב-יפו",2025-04-10,,1.0,,199000.0,199000.0,605.0,602.0,0.9950413223140496,198013.2231404959,198013.2231404959,,קרקע,קומבינציה,הצפון החדש סביבת כיכר המדינה,6213,1162,10,False,"missing_rooms, non_residential_property_type",GovMap,https://www.govmap.gov.il/api/real-estate/street-deals/73096893?limit=100&offset=0&dealType=2&startDate=2021-01&endDate=2026-08,2026-08-22 13:43:02.497558+00:00
6257190900,"ז'בוטינסקי 133, תל אביב-יפו",2025-04-10,,1.0,,207000.0,207000.0,605.0,602.0,0.9950413223140496,205973.55371900828,205973.55371900828,,קרקע,קומבינציה,הצפון החדש סביבת כיכר המדינה,6213,924,7,False,"missing_rooms, non_residential_property_type",GovMap,https://www.govmap.gov.il/api/real-estate/street-deals/73096893?limit=100&offset=0&dealType=2&startDate=2021-01&endDate=2026-08,2026-08-22 13:43:02.497558+00:00
6257310850,"ז'בוטינסקי 135, תל אביב-יפו",2025-04-10,3.0,62.0,2.0,168000.0,2709.6774193548385,605.0,602.0,0.9950413223140496,167166.94214876034,2696.2410023993602,,דירה,דירה בבית קומות,הצפון החדש סביבת כיכר המדינה,6213,1162,13,True,,GovMap,https://www.govmap.gov.il/api/real-estate/street-deals/73096893?limit=100&offset=0&dealType=2&startDate=2021-01&endDate=2026-08,2026-08-22 13:43:02.497558+00:00
6257307100,"ז'בוטינסקי 135, תל אביב-יפו",2025-04-10,4.0,115.0,2.0,282000.0,2452.1739130434785,605.0,602.0,0.9950413223140496,280601.652892562,2440.0143729787997,,דירה,דירה בבית קומות,הצפון החדש סביבת כיכר המדינה,6213,1162,13,True,,GovMap,https://www.govmap.gov.il/api/real-estate/street-deals/73096893?limit=100&offset=0&dealType=2&startDate=2021-01&endDate=2026-08,2026-08-22 13:43:02.497558+00:00
6256690950,"הלסינקי 16, תל אביב-יפו",2025-04-20,,22.0,1.0,201000.0,9136.363636363636,605.0,602.0,0.9950413223140496,200003.305785124,9091.059353869272,,בנין,מחסנים,הצפון החדש סביבת כיכר המדינה,6108,86,0,False,missing_rooms,GovMap,https://www.govmap.gov.il/api/real-estate/street-deals/6108-86?limit=100&offset=0&dealType=2&startDate=2021-01&endDate=2026-08,2026-08-22 13:43:01.529718+00:00
6257231700,"ה' באייר 72, תל אביב-יפו",2025-04-27,4.0,84.0,5.0,3845000.0,45773.80952380953,605.0,602.0,0.9950413223140496,3825933.884297521,45546.83195592287,,דירה,דירה בבית קומות,הצפון החדש סביבת כיכר המדינה,6213,1364,14,True,,GovMap,https://www.govmap.gov.il/api/real-estate/street-deals/52300326?limit=100&offset=0&dealType=2&startDate=2021-01&endDate=2026-08,2026-08-22 13:43:07.812562+00:00
6256930100,"ליסין 9, תל אביב-יפו",2025-05-04,3.0,91.0,1.0,6850000.0,75274.72527472528,602.6,602.0,0.9990043146365748,6843179.555260537,75199.77533253338,,דירה,דירה בבית קומות,הצפון החדש סביבת כיכר המדינה,6213,841,7,True,,GovMap,https://www.govmap.gov.il/api/real-estate/street-deals/52045525?limit=100&offset=0&dealType=2&startDate=2021-01&endDate=2026-08,2026-08-22 13:43:03.167195+00:00
6257375600,"ז'בוטינסקי 77, תל אביב-יפו",2025-05-05,3.5,78.0,5.0,4990000.0,63974.35897435898,602.6,602.0,0.9990043146365748,4985031.530036508,63910.66064149369,,דירה,דירה בבית קומות,הצפון הישן-החלק הצפוני,6214,484,5,True,,GovMap,https://www.govmap.gov.il/api/real-estate/street-deals/73096893?limit=100&offset=0&dealType=2&startDate=2021-01&endDate=2026-08,2026-08-22 13:43:02.497558+00:00
6257640050,"ז'בוטינסקי 50, תל אביב-יפו",2025-05-06,,20.0,,250000.0,12500.0,602.6,602.0,0.9990043146365748,249751.0786591437,12487.553932957186,,בנין,מחסנים,הצפון הישן-החלק הצפוני,6214,281,1,False,missing_rooms,GovMap,https://www.govmap.gov.il/api/real-estate/street-deals/73096893?limit=100&offset=0&dealType=2&startDate=2021-01&endDate=2026-08,2026-08-22 13:43:02.497558+00:00
6256857900,"ז'בוטינסקי 50, תל אביב-יפו",2025-05-06,3.0,90.0,2.0,4650000.0,51666.666666666664,602.6,602.0,0.9990043146365748,4645370.063060073,51615.222922889705,,דירה,דירה בבית קומות,הצפון הישן-החלק הצפוני,6214,281,3,True,,GovMap,https://www.govmap.gov.il/api/real-estate/street-deals/73096893?limit=100&offset=0&dealType=2&startDate=2021-01&endDate=2026-08,2026-08-22 13:43:02.497558+00:00
6258728250,"קליי 10, תל אביב-יפו",2025-05-11,3.0,105.0,2.0,95000.0,904.7619047619048,602.6,602.0,0.9990043146365748,94905.4098904746,903.8610465759486,,דירה,דירה בבית קומות,הצפון החדש סביבת כיכר המדינה,6108,506,3,True,,GovMap,https://www.govmap.gov.il/api/real-estate/street-deals/53067570?limit=100&offset=0&dealType=2&startDate=2021-01&endDate=2026-08,2026-08-22 13:43:32.057364+00:00
6257573200,"ה' באייר 36, תל אביב-יפו",2025-05-18,3.0,78.0,1.0,3700000.0,47435.89743589744,602.6,602.0,0.9990043146365748,3696315.9641553266,47388.666207119575,,דירה,דירה בבית קומות,הצפון החדש סביבת כיכר המדינה,6213,1298,10,True,,GovMap,https://www.govmap.gov.il/api/real-estate/street-deals/52300326?limit=100&offset=0&dealType=2&startDate=2021-01&endDate=2026-08,2026-08-22 13:43:07.812562+00:00
6257078600,"ה' באייר 36, תל אביב-יפו",2025-05-19,3.0,92.0,2.0,4200000.0,45652.17391304348,602.6,602.0,0.9990043146365748,4195818.121473614,45606.71871166972,,דירה,דירה בבית קומות,הצפון החדש סביבת כיכר המדינה,6213,1298,12,True,,GovMap,https://www.govmap.gov.il/api/real-estate/street-deals/52300326?limit=100&offset=0&dealType=2&startDate=2021-01&endDate=2026-08,2026-08-22 13:43:07.812562+00:00
6258727850,"קליי 10, תל אביב-יפו",2025-05-29,3.0,105.0,3.0,1450000.0,13809.52380952381,602.6,602.0,0.9990043146365748,1448556.2562230334,13795.773868790795,,דירה,דירה בבית קומות,הצפון החדש סביבת כיכר המדינה,6108,506,6,True,,GovMap,https://www.govmap.gov.il/api/real-estate/street-deals/53067570?limit=100&offset=0&dealType=2&startDate=2021-01&endDate=2026-08,2026-08-22 13:43:32.057364+00:00
6257881800,"ה' באייר 4, תל אביב-יפו",2025-06-03,,63.0,0.0,4950000.0,78571.42857142857,602.0,602.0,1.0,4950000.0,78571.42857142857,,בנין,חנות,הצפון החדש סביבת כיכר המדינה,6213,1381,8,False,missing_rooms,GovMap,https://www.govmap.gov.il/api/real-estate/street-deals/52300326?limit=100&offset=0&dealType=2&startDate=2021-01&endDate=2026-08,2026-08-22 13:43:07.812562+00:00
6258538950,"פייבל 15, תל אביב-יפו",2025-06-09,4.0,115.0,6.0,7500000.0,65217.391304347824,602.0,602.0,1.0,7500000.0,65217.391304347824,,דירה,דירה בבית קומות,הצפון החדש סביבת כיכר המדינה,6108,93,15,True,,GovMap,https://www.govmap.gov.il/api/real-estate/street-deals/52271030?limit=100&offset=0&dealType=2&startDate=2021-01&endDate=2026-08,2026-08-22 13:43:04.779157+00:00
6259777600,"ה' באייר 10, תל אביב-יפו",2025-06-25,,35.0,1.0,3600000.0,102857.14285714286,602.0,602.0,1.0,3600000.0,102857.14285714286,,בנין,חנות,הצפון החדש סביבת כיכר המדינה,6213,1387,2,False,missing_rooms,GovMap,https://www.govmap.gov.il/api/real-estate/street-deals/52300326?limit=100&offset=0&dealType=2&startDate=2021-01&endDate=2026-08,2026-08-22 13:43:07.812562+00:00
6259120500,"הלסינקי 11, תל אביב-יפו",2025-06-26,3.0,95.0,2.0,6406000.0,67431.57894736843,602.0,602.0,1.0,6406000.0,67431.57894736843,,דירה,דירה בבית קומות,הצפון החדש סביבת כיכר המדינה,6108,229,9,True,,GovMap,https://www.govmap.gov.il/api/real-estate/street-deals/6108-86?limit=100&offset=0&dealType=2&startDate=2021-01&endDate=2026-08,2026-08-22 13:43:01.529718+00:00
6259592900,"ז'בוטינסקי 146, תל אביב-יפו",2025-06-29,3.0,64.0,1.0,3800000.0,59375.0,602.0,602.0,1.0,3800000.0,59375.0,,דירה,דירה בבית קומות,הצפון החדש סביבת כיכר המדינה,6108,279,22,True,,GovMap,https://www.govmap.gov.il/api/real-estate/street-deals/73096893?limit=100&offset=0&dealType=2&startDate=2021-01&endDate=2026-08,2026-08-22 13:43:02.497558+00:00
6260057600,"ז'בוטינסקי 114, תל אביב-יפו",2025-06-30,2.5,64.0,3.0,2880000.0,45000.0,602.0,602.0,1.0,2880000.0,45000.0,,דירה,דירה בבית קומות,הצפון החדש סביבת כיכר המדינה,6213,1246,10,True,,GovMap,https://www.govmap.gov.il/api/real-estate/street-deals/73096893?limit=100&offset=0&dealType=2&startDate=2021-01&endDate=2026-08,2026-08-22 13:43:02.497558+00:00
6260342350,"הלסינקי 13, תל אביב-יפו",2025-07-02,3.0,85.0,2.0,5417000.0,63729.41176470588,600.8,602.0,1.0019973368841546,5427819.573901465,63856.700869429005,,דירה,דירה בבית קומות,הצפון החדש סביבת כיכר המדינה,6108,230,21,True,,GovMap,https://www.govmap.gov.il/api/real-estate/street-deals/6108-86?limit=100&offset=0&dealType=2&startDate=2021-01&endDate=2026-08,2026-08-22 13:43:01.529718+00:00
6260326600,"הלסינקי 13, תל אביב-יפו",2025-07-02,2.5,69.0,1.0,3940000.0,57101.44927536232,600.8,602.0,1.0019973368841546,3947869.507323569,57215.50010613869,,דירה,דירה בבית קומות,הצפון החדש סביבת כיכר המדינה,6108,230,4,True,,GovMap,https://www.govmap.gov.il/api/real-estate/street-deals/6108-86?limit=100&offset=0&dealType=2&startDate=2021-01&endDate=2026-08,2026-08-22 13:43:01.529718+00:00
6261611150,"פייבל 5, תל אביב-יפו",2025-07-06,5.0,144.0,6.0,9218000.0,64013.88888888889,600.8,602.0,1.0019973368841546,9236411.451398138,64141.74619026485,,דירה,דירה בבית קומות,הצפון החדש סביבת כיכר המדינה,6108,98,13,True,,GovMap,https://www.govmap.gov.il/api/real-estate/street-deals/52271030?limit=100&offset=0&dealType=2&startDate=2021-01&endDate=2026-08,2026-08-22 13:43:04.779157+00:00
6260799400,"ז'בוטינסקי 95, תל אביב-יפו",2025-07-20,4.0,86.0,6.0,5130000.0,59651.16279069767,600.8,602.0,1.0019973368841546,5140246.338215713,59770.30625832225,,דירה,דירה בבית קומות,הצפון החדש סביבת כיכר המדינה,6213,1399,23,True,,GovMap,https://www.govmap.gov.il/api/real-estate/street-deals/73096893?limit=100&offset=0&dealType=2&startDate=2021-01&endDate=2026-08,2026-08-22 13:43:02.497558+00:00
6259990100,"חברה חדשה 4, תל אביב-יפו",2025-07-24,3.0,71.0,3.0,4100000.0,57746.47887323944,600.8,602.0,1.0019973368841546,4108189.081225034,57861.81804542301,,דירה,דירה בבית קומות,הצפון החדש סביבת כיכר המדינה,6213,608,11,True,,GovMap,https://www.govmap.gov.il/api/real-estate/street-deals/52297115?limit=100&offset=0&dealType=2&startDate=2021-01&endDate=2026-08,2026-08-22 13:43:22.282604+00:00
6263125050,"הלסינקי 10, תל אביב-יפו",2025-08-06,3.0,82.0,1.0,7274000.0,88707.31707317074,597.2,602.0,1.0080375083724045,7332464.83590087,89420.30287683988,,דירה,דירה בבית קומות,הצפון החדש סביבת כיכר המדינה,6108,83,5,True,,GovMap,https://www.govmap.gov.il/api/real-estate/street-deals/6108-86?limit=100&offset=0&dealType=2&startDate=2021-01&endDate=2026-08,2026-08-22 13:43:01.529718+00:00
6262107800,"פייבל 5, תל אביב-יפו",2025-08-07,5.0,120.0,2.0,7500000.0,62500.0,597.2,602.0,1.0080375083724045,7560281.312793033,63002.344273275274,,דירה,דירה בבית קומות,הצפון החדש סביבת כיכר המדינה,6108,98,12,True,,GovMap,https://www.govmap.gov.il/api/real-estate/street-deals/52271030?limit=100&offset=0&dealType=2&startDate=2021-01&endDate=2026-08,2026-08-22 13:43:04.779157+00:00
6262808600,"קליי 10, תל אביב-יפו",2025-08-19,3.0,80.0,2.0,100000.0,1250.0,597.2,602.0,1.0080375083724045,100803.75083724044,1260.0468854655055,,דירה,דירה בבית קומות,הצפון החדש סביבת כיכר המדינה,6108,506,5,True,,GovMap,https://www.govmap.gov.il/api/real-estate/street-deals/53067570?limit=100&offset=0&dealType=2&startDate=2021-01&endDate=2026-08,2026-08-22 13:43:32.057364+00:00
6262204350,"הלסינקי 11, תל אביב-יפו",2025-08-26,3.0,83.0,3.0,5606000.0,67542.1686746988,597.2,602.0,1.0080375083724045,5651058.2719356995,68085.03942091204,,דירה,דירה בבית קומות,הצפון החדש סביבת כיכר המדינה,6108,229,11,True,,GovMap,https://www.govmap.gov.il/api/real-estate/street-deals/6108-86?limit=100&offset=0&dealType=2&startDate=2021-01&endDate=2026-08,2026-08-22 13:43:01.529718+00:00
6262935350,"ז'בוטינסקי 86, תל אביב-יפו",2025-08-27,3.0,84.0,3.0,3740000.0,44523.80952380953,597.2,602.0,1.0080375083724045,3770060.2813127926,44881.670015628486,,דירה,דירה בבית קומות,הצפון הישן-החלק הצפוני,6214,529,11,True,,GovMap,https://www.govmap.gov.il/api/real-estate/street-deals/73096893?limit=100&offset=0&dealType=2&startDate=2021-01&endDate=2026-08,2026-08-22 13:43:02.497558+00:00
6262496900,"ז'בוטינסקי 134, תל אביב-יפו",2025-08-28,4.0,92.0,2.0,6000000.0,65217.391304347824,597.2,602.0,1.0080375083724045,6048225.050234427,65741.5766329829,,דירה,דירה בבית קומות,הצפון החדש סביבת כיכר המדינה,6213,345,7,True,,GovMap,https://www.govmap.gov.il/api/real-estate/street-deals/73096893?limit=100&offset=0&dealType=2&startDate=2021-01&endDate=2026-08,2026-08-22 13:43:02.497558+00:00
6262820600,"ז'בוטינסקי 77, תל אביב-יפו",2025-09-04,3.0,81.0,2.0,4990000.0,61604.93827160494,593.0,602.0,1.015177065767285,5065733.558178752,62539.920471342615,,דירה,דירה בבית קומות,הצפון הישן-החלק הצפוני,6214,484,4,True,,GovMap,https://www.govmap.gov.il/api/real-estate/street-deals/73096893?limit=100&offset=0&dealType=2&startDate=2021-01&endDate=2026-08,2026-08-22 13:43:02.497558+00:00
6262876350,"פייבל 15, תל אביב-יפו",2025-09-15,4.0,109.0,7.0,7300000.0,66972.47706422018,593.0,602.0,1.015177065767285,7410792.58010118,67988.92275322184,,דירה,דירה בבית קומות,הצפון החדש סביבת כיכר המדינה,6108,93,14,True,,GovMap,https://www.govmap.gov.il/api/real-estate/street-deals/52271030?limit=100&offset=0&dealType=2&startDate=2021-01&endDate=2026-08,2026-08-22 13:43:04.779157+00:00
6262645800,"הציונות 8, תל אביב-יפו",2025-09-16,4.0,108.0,2.0,4975000.0,46064.81481481482,593.0,602.0,1.015177065767285,5050505.902192242,46763.94353881706,,דירה,דירה בבית קומות,הצפון החדש סביבת כיכר המדינה,6213,1177,3,True,,GovMap,https://www.govmap.gov.il/api/real-estate/street-deals/52315768?limit=100&offset=0&dealType=2&startDate=2021-01&endDate=2026-08,2026-08-22 13:43:18.795494+00:00
6262664700,"ז'בוטינסקי 155, תל אביב-יפו",2025-09-16,2.0,63.0,1.0,2985000.0,47380.95238095238,593.0,602.0,1.015177065767285,3030303.5413153456,48100.05621135469,,דירה,דירה בבית קומות,הצפון החדש סביבת כיכר המדינה,6108,462,1,True,,GovMap,https://www.govmap.gov.il/api/real-estate/street-deals/73096893?limit=100&offset=0&dealType=2&startDate=2021-01&endDate=2026-08,2026-08-22 13:43:02.497558+00:00
6263202200,"ז'בוטינסקי 107, תל אביב-יפו",2025-09-17,4.0,99.0,6.0,6657000.0,67242.42424242424,593.0,602.0,1.015177065767285,6758033.726812816,68262.9669375032,,דירה,דירה בבית קומות,הצפון החדש סביבת כיכר המדינה,6213,847,13,True,,GovMap,https://www.govmap.gov.il/api/real-estate/street-deals/73096893?limit=100&offset=0&dealType=2&startDate=2021-01&endDate=2026-08,2026-08-22 13:43:02.497558+00:00
6263107700,"פייבל 11, תל אביב-יפו",2025-09-18,3.0,87.0,5.0,6000000.0,68965.5172413793,593.0,602.0,1.015177065767285,6091062.39460371,70012.21143222656,,דירה,דירה בבית קומות,הצפון החדש סביבת כיכר המדינה,6108,95,14,True,,GovMap,https://www.govmap.gov.il/api/real-estate/street-deals/52271030?limit=100&offset=0&dealType=2&startDate=2021-01&endDate=2026-08,2026-08-22 13:43:04.779157+00:00
6263345400,"ז'בוטינסקי 154, תל אביב-יפו",2025-09-28,3.0,37.0,1.0,2356000.0,63675.67567567567,593.0,602.0,1.015177065767285,2391757.1669477234,64642.08559318171,,דירה,דירה בבית קומות,הצפון החדש סביבת כיכר המדינה,6108,431,4,True,,GovMap,https://www.govmap.gov.il/api/real-estate/street-deals/73096893?limit=100&offset=0&dealType=2&startDate=2021-01&endDate=2026-08,2026-08-22 13:43:02.497558+00:00
6263795450,"ז'בוטינסקי 89, תל אביב-יפו",2025-10-09,3.0,88.0,7.0,5500000.0,62500.0,596.0,602.0,1.0100671140939597,5555369.127516778,63129.19463087248,,דירה,דירה בבית קומות,הצפון החדש סביבת כיכר המדינה,6213,1506,2,True,,GovMap,https://www.govmap.gov.il/api/real-estate/street-deals/73096893?limit=100&offset=0&dealType=2&startDate=2021-01&endDate=2026-08,2026-08-22 13:43:02.497558+00:00
6264265200,"ז'בוטינסקי 57, תל אביב-יפו",2025-10-21,0.0,78.0,,3900000.0,50000.0,596.0,602.0,1.0100671140939597,3939261.7449664427,50503.355704697984,,קרקע,מגורים,הצפון הישן-החלק הצפוני,6214,387,1,False,non_residential_property_type,GovMap,https://www.govmap.gov.il/api/real-estate/street-deals/73096893?limit=100&offset=0&dealType=2&startDate=2021-01&endDate=2026-08,2026-08-22 13:43:02.497558+00:00
6264588650,"הלסינקי 13, תל אביב-יפו",2025-10-29,3.0,90.0,4.0,6000000.0,66666.66666666667,596.0,602.0,1.0100671140939597,6060402.684563758,67337.80760626397,,דירה,דירה בבית קומות,הצפון החדש סביבת כיכר המדינה,6108,230,20,True,,GovMap,https://www.govmap.gov.il/api/real-estate/street-deals/6108-86?limit=100&offset=0&dealType=2&startDate=2021-01&endDate=2026-08,2026-08-22 13:43:01.529718+00:00
6265207700,"פייבל 17, תל אביב-יפו",2025-11-04,4.0,105.0,3.0,5150000.0,49047.619047619046,600.8,602.0,1.0019973368841546,5160286.284953396,49145.58366622282,,דירה,דירה בבית קומות,הצפון החדש סביבת כיכר המדינה,6108,92,13,True,,GovMap,https://www.govmap.gov.il/api/real-estate/street-deals/52271030?limit=100&offset=0&dealType=2&startDate=2021-01&endDate=2026-08,2026-08-22 13:43:04.779157+00:00
6264563900,"ז'בוטינסקי 148, תל אביב-יפו",2025-11-06,2.0,40.0,3.0,2550000.0,63750.0,600.8,602.0,1.0019973368841546,2555093.2090545944,63877.33022636486,,דירה,דירה בבית קומות,הצפון החדש סביבת כיכר המדינה,6108,542,10,True,,GovMap,https://www.govmap.gov.il/api/real-estate/street-deals/73096893?limit=100&offset=0&dealType=2&startDate=2021-01&endDate=2026-08,2026-08-22 13:43:02.497558+00:00
6264524700,"ז'בוטינסקי 107, תל אביב-יפו",2025-11-09,4.0,99.0,6.0,6612000.0,66787.87878787878,600.8,602.0,1.0019973368841546,6625206.39147803,66921.27668159627,,דירה,דירה בבית קומות,הצפון החדש סביבת כיכר המדינה,6213,847,12,True,,GovMap,https://www.govmap.gov.il/api/real-estate/street-deals/73096893?limit=100&offset=0&dealType=2&startDate=2021-01&endDate=2026-08,2026-08-22 13:43:02.497558+00:00
6266006750,"חברה חדשה 3, תל אביב-יפו",2025-11-11,2.5,97.0,,5985000.0,61701.030927835054,600.8,602.0,1.0019973368841546,5996954.061251665,61824.26867269758,,דירה,דירה בבית קומות,הצפון החדש סביבת כיכר המדינה,6213,229,3,True,,GovMap,https://www.govmap.gov.il/api/real-estate/street-deals/52297115?limit=100&offset=0&dealType=2&startDate=2021-01&endDate=2026-08,2026-08-22 13:43:22.282604+00:00
6265499850,"ז'בוטינסקי 138, תל אביב-יפו",2025-11-12,2.0,40.0,,2288000.0,57200.0,600.8,602.0,1.0019973368841546,2292569.9067909457,57314.24766977364,,דירה,דירה בבית קומות,הצפון החדש סביבת כיכר המדינה,6213,1153,1,True,,GovMap,https://www.govmap.gov.il/api/real-estate/street-deals/73096893?limit=100&offset=0&dealType=2&startDate=2021-01&endDate=2026-08,2026-08-22 13:43:02.497558+00:00
6265772000,"ה' באייר 28, תל אביב-יפו",2025-11-17,4.0,109.0,4.0,298000.0,2733.9449541284403,600.8,602.0,1.0019973368841546,298595.2063914781,2739.4055632245695,,דירה,דירה בבית קומות,הצפון החדש סביבת כיכר המדינה,6213,1323,16,True,,GovMap,https://www.govmap.gov.il/api/real-estate/street-deals/52300326?limit=100&offset=0&dealType=2&startDate=2021-01&endDate=2026-08,2026-08-22 13:43:07.812562+00:00
6266684100,"קליי 12, תל אביב-יפו",2025-11-20,3.0,64.0,7.0,700000.0,10937.5,600.8,602.0,1.0019973368841546,701398.1358189082,10959.345872170441,,דירה,דירה בבית קומות,הצפון החדש סביבת כיכר המדינה,6108,407,17,True,,GovMap,https://www.govmap.gov.il/api/real-estate/street-deals/53067570?limit=100&offset=0&dealType=2&startDate=2021-01&endDate=2026-08,2026-08-22 13:43:32.057364+00:00
6266714600,"ז'בוטינסקי 144, תל אביב-יפו",2025-11-20,3.0,62.0,3.0,3870000.0,62419.354838709674,600.8,602.0,1.0019973368841546,3877729.6937416783,62544.02731841416,,דירה,דירה בבית קומות,הצפון החדש סביבת כיכר המדינה,6108,413,7,True,,GovMap,https://www.govmap.gov.il/api/real-estate/street-deals/73096893?limit=100&offset=0&dealType=2&startDate=2021-01&endDate=2026-08,2026-08-22 13:43:02.497558+00:00
6265896650,"ז'בוטינסקי 111, תל אביב-יפו",2025-11-24,3.0,54.0,1.0,4056000.0,75111.11111111111,600.8,602.0,1.0019973368841546,4064101.198402131,75261.13330374316,,דירה,דירת גן,הצפון החדש סביבת כיכר המדינה,6213,863,1,True,,GovMap,https://www.govmap.gov.il/api/real-estate/street-deals/73096893?limit=100&offset=0&dealType=2&startDate=2021-01&endDate=2026-08,2026-08-22 13:43:02.497558+00:00
6265895850,"ז'בוטינסקי 111, תל אביב-יפו",2025-11-24,2.0,41.0,2.0,2592000.0,63219.51219512195,600.8,602.0,1.0019973368841546,2597177.0972037287,63345.78285862753,,דירה,דירה בבית קומות,הצפון החדש סביבת כיכר המדינה,6213,863,8,True,,GovMap,https://www.govmap.gov.il/api/real-estate/street-deals/73096893?limit=100&offset=0&dealType=2&startDate=2021-01&endDate=2026-08,2026-08-22 13:43:02.497558+00:00
6266726200,"פייבל 11, תל אביב-יפו",2025-11-24,3.0,88.0,5.0,6000000.0,68181.81818181818,600.8,602.0,1.0019973368841546,6011984.021304928,68318.00024210145,,דירה,דירה בבית קומות,הצפון החדש סביבת כיכר המדינה,6108,95,13,True,,GovMap,https://www.govmap.gov.il/api/real-estate/street-deals/52271030?limit=100&offset=0&dealType=2&startDate=2021-01&endDate=2026-08,2026-08-22 13:43:04.779157+00:00
6267120500,"ז'בוטינסקי 133, תל אביב-יפו",2025-11-30,5.0,283.0,8.0,22006000.0,77759.71731448763,600.8,602.0,1.0019973368841546,22049953.395472705,77915.02966598129,,דירה,דירה בבית קומות,הצפון החדש סביבת כיכר המדינה,6213,924,9,True,,GovMap,https://www.govmap.gov.il/api/real-estate/street-deals/73096893?limit=100&offset=0&dealType=2&startDate=2021-01&endDate=2026-08,2026-08-22 13:43:02.497558+00:00
6267525600,"קליי 18, תל אביב-יפו",2025-11-30,3.0,87.0,3.0,4450000.0,51149.425287356324,600.8,602.0,1.0019973368841546,4458888.149134488,51251.587921086066,,דירה,דירה בבית קומות,הצפון החדש סביבת כיכר המדינה,6108,358,15,True,,GovMap,https://www.govmap.gov.il/api/real-estate/street-deals/53067570?limit=100&offset=0&dealType=2&startDate=2021-01&endDate=2026-08,2026-08-22 13:43:32.057364+00:00
6266383800,"הלסינקי 26, תל אביב -יפו",2025-12-03,3.0,79.0,0.0,4791000.0,60645.56962025316,600.2,602.0,1.002999000333222,4805368.210596467,60827.44570375275,,דירה,דירה בבית קומות,הצפון החדש סביבת כיכר המדינה,6108,434,1,True,,GovMap,https://www.govmap.gov.il/api/real-estate/street-deals/6108-86?limit=100&offset=0&dealType=2&startDate=2021-01&endDate=2026-08,2026-08-22 13:43:01.529718+00:00
6266041000,"הלסינקי 1, תל אביב-יפו",2025-12-03,3.0,77.0,2.0,4170000.0,54155.844155844155,600.2,602.0,1.002999000333222,4182505.831389536,54318.25755051346,,דירה,דירה בבית קומות,הצפון החדש סביבת כיכר המדינה,6108,245,6,True,,GovMap,https://www.govmap.gov.il/api/real-estate/street-deals/6108-86?limit=100&offset=0&dealType=2&startDate=2021-01&endDate=2026-08,2026-08-22 13:43:01.529718+00:00
6266568150,"קליי 18, תל אביב-יפו",2025-12-10,4.0,104.0,7.0,5820000.0,55961.53846153846,600.2,602.0,1.002999000333222,5837454.181939352,56129.36713403223,,דירה,דירה בבית קומות,הצפון החדש סביבת כיכר המדינה,6108,358,14,True,,GovMap,https://www.govmap.gov.il/api/real-estate/street-deals/53067570?limit=100&offset=0&dealType=2&startDate=2021-01&endDate=2026-08,2026-08-22 13:43:32.057364+00:00
6267047150,"ז'בוטינסקי 111, תל אביב-יפו",2025-12-12,2.5,60.0,1.0,3028000.0,50466.666666666664,600.2,602.0,1.002999000333222,3037080.9730089963,50618.016216816606,,דירה,דירה בבית קומות,הצפון החדש סביבת כיכר המדינה,6213,863,3,True,,GovMap,https://www.govmap.gov.il/api/real-estate/street-deals/73096893?limit=100&offset=0&dealType=2&startDate=2021-01&endDate=2026-08,2026-08-22 13:43:02.497558+00:00
6300685250,"ז'בוטינסקי 135, תל אביב-יפו",2025-12-25,4.0,103.0,,8200000.0,79611.6504854369,600.2,602.0,1.002999000333222,8224591.802732421,79850.40585177108,,דירה,דירה בבית קומות,הצפון החדש סביבת כיכר המדינה,6213,1162,12,True,,GovMap,https://www.govmap.gov.il/api/real-estate/street-deals/73096893?limit=100&offset=0&dealType=2&startDate=2021-01&endDate=2026-08,2026-08-22 13:43:02.497558+00:00
6302442100,"הלסינקי 15, תל אביב-יפו",2025-12-28,,10.0,,209000.0,20900.0,600.2,602.0,1.002999000333222,209626.79106964343,20962.679106964344,,בנין,מחסנים,הצפון החדש סביבת כיכר המדינה,6108,231,0,False,missing_rooms,GovMap,https://www.govmap.gov.il/api/real-estate/street-deals/6108-86?limit=100&offset=0&dealType=2&startDate=2021-01&endDate=2026-08,2026-08-22 13:43:01.529718+00:00
6301018950,"קליי 8, תל אביב-יפו",2025-12-30,3.0,68.0,1.0,3800000.0,55882.35294117647,600.2,602.0,1.002999000333222,3811396.201266244,56049.94413626829,,דירה,דירה בבית קומות,הצפון החדש סביבת כיכר המדינה,6108,247,12,True,,GovMap,https://www.govmap.gov.il/api/real-estate/street-deals/53067570?limit=100&offset=0&dealType=2&startDate=2021-01&endDate=2026-08,2026-08-22 13:43:32.057364+00:00
6300663350,"ז'בוטינסקי 71, תל אביב-יפו",2025-12-30,2.0,36.0,2.0,2640000.0,73333.33333333333,600.2,602.0,1.002999000333222,2647917.360879706,73553.26002443628,,דירה,דירה בבית קומות,הצפון הישן-החלק הצפוני,6214,481,7,True,,GovMap,https://www.govmap.gov.il/api/real-estate/street-deals/73096893?limit=100&offset=0&dealType=2&startDate=2021-01&endDate=2026-08,2026-08-22 13:43:02.497558+00:00
6301481400,"קליי 2, תל אביב -יפו",2026-01-12,4.0,83.0,3.0,3800000.0,45783.132530120485,599.6,602.0,1.0040026684456305,3815210.140093396,45966.38723004091,,דירה,דירה בבית קומות,הצפון החדש סביבת כיכר המדינה,6108,638,8,True,,GovMap,https://www.govmap.gov.il/api/real-estate/street-deals/53067570?limit=100&offset=0&dealType=2&startDate=2021-01&endDate=2026-08,2026-08-22 13:43:32.057364+00:00
6301506050,"פייבל 15, תל אביב-יפו",2026-01-21,3.0,65.0,2.0,3900000.0,60000.0,599.6,602.0,1.0040026684456305,3915610.4069379587,60240.16010673783,,דירה,דירה בבית קומות,הצפון החדש סביבת כיכר המדינה,6108,93,13,True,,GovMap,https://www.govmap.gov.il/api/real-estate/street-deals/52271030?limit=100&offset=0&dealType=2&startDate=2021-01&endDate=2026-08,2026-08-22 13:43:04.779157+00:00
6303187950,"ז'בוטינסקי 107, תל אביב-יפו",2026-02-12,8.0,218.0,8.0,17552000.0,80513.76146788991,602.0,602.0,1.0,17552000.0,80513.76146788991,,דירה,דירה בבית קומות,הצפון החדש סביבת כיכר המדינה,6213,847,11,True,,GovMap,https://www.govmap.gov.il/api/real-estate/street-deals/73096893?limit=100&offset=0&dealType=2&startDate=2021-01&endDate=2026-08,2026-08-22 13:43:02.497558+00:00
6303713450,"קליי 8, תל אביב-יפו",2026-02-17,3.0,92.0,7.0,5952000.0,64695.65217391304,602.0,602.0,1.0,5952000.0,64695.65217391304,,דירה,דירה בבית קומות,הצפון החדש סביבת כיכר המדינה,6108,247,11,True,,GovMap,https://www.govmap.gov.il/api/real-estate/street-deals/53067570?limit=100&offset=0&dealType=2&startDate=2021-01&endDate=2026-08,2026-08-22 13:43:32.057364+00:00
6303318600,"ז'בוטינסקי 117, תל אביב-יפו",2026-02-17,4.0,98.0,4.0,6189000.0,63153.06122448979,602.0,602.0,1.0,6189000.0,63153.06122448979,,דירה,דירה בבית קומות,הצפון החדש סביבת כיכר המדינה,6213,884,11,True,,GovMap,https://www.govmap.gov.il/api/real-estate/street-deals/73096893?limit=100&offset=0&dealType=2&startDate=2021-01&endDate=2026-08,2026-08-22 13:43:02.497558+00:00
6303879250,"ז'בוטינסקי 101, תל אביב-יפו",2026-02-19,,7.0,,178000.0,25428.571428571428,602.0,602.0,1.0,178000.0,25428.571428571428,,בנין,מחסנים,הצפון החדש סביבת כיכר המדינה,6213,948,0,False,missing_rooms,GovMap,https://www.govmap.gov.il/api/real-estate/street-deals/73096893?limit=100&offset=0&dealType=2&startDate=2021-01&endDate=2026-08,2026-08-22 13:43:02.497558+00:00
6303575650,"ז'בוטינסקי 111, תל אביב-יפו",2026-03-12,2.0,41.0,1.0,2440000.0,59512.19512195122,599.6,602.0,1.0040026684456305,2449766.5110073383,59750.402707496054,,דירה,דירה בבית קומות,הצפון החדש סביבת כיכר המדינה,6213,863,4,True,,GovMap,https://www.govmap.gov.il/api/real-estate/street-deals/73096893?limit=100&offset=0&dealType=2&startDate=2021-01&endDate=2026-08,2026-08-22 13:43:02.497558+00:00
6304065300,"ז'בוטינסקי 146, תל אביב-יפו",2026-03-15,3.0,79.0,6.0,4700000.0,59493.670886075946,599.6,602.0,1.0040026684456305,4718812.541694463,59731.80432524637,,דירה,דירה בבית קומות,הצפון החדש סביבת כיכר המדינה,6108,279,21,True,,GovMap,https://www.govmap.gov.il/api/real-estate/street-deals/73096893?limit=100&offset=0&dealType=2&startDate=2021-01&endDate=2026-08,2026-08-22 13:43:02.497558+00:00
6305176100,"ז'בוטינסקי 101, תל אביב-יפו",2026-04-16,5.0,109.0,1.0,6500000.0,59633.02752293578,593.0,602.0,1.015177065767285,6598650.927487352,60538.081903553684,,דירה,דירה בבית קומות,הצפון החדש סביבת כיכר המדינה,6213,948,7,True,,GovMap,https://www.govmap.gov.il/api/real-estate/street-deals/73096893?limit=100&offset=0&dealType=2&startDate=2021-01&endDate=2026-08,2026-08-22 13:43:02.497558+00:00
6305719800,"הלסינקי 10, תל אביב-יפו",2026-04-19,3.0,118.0,1.0,6803000.0,57652.542372881355,593.0,602.0,1.015177065767285,6906249.57841484,58527.53880012576,,דירה,דירה בבית קומות,הצפון החדש סביבת כיכר המדינה,6108,83,5,True,,GovMap,https://www.govmap.gov.il/api/real-estate/street-deals/6108-86?limit=100&offset=0&dealType=2&startDate=2021-01&endDate=2026-08,2026-08-22 13:43:01.529718+00:00
6305468500,"פייבל 15, תל אביב-יפו",2026-04-29,4.0,91.0,1.0,5135000.0,56428.57142857143,593.0,602.0,1.015177065767285,5212934.232715008,57284.99156829679,,דירה,דירה בבית קומות,הצפון החדש סביבת כיכר המדינה,6108,93,12,True,,GovMap,https://www.govmap.gov.il/api/real-estate/street-deals/52271030?limit=100&offset=0&dealType=2&startDate=2021-01&endDate=2026-08,2026-08-22 13:43:04.779157+00:00
6305628600,"הלסינקי 8, תל אביב-יפו",2026-05-05,4.0,105.0,2.0,6250000.0,59523.80952380953,593.6,602.0,1.0141509433962264,6338443.3962264145,60366.12758310871,,דירה,דירה בבית קומות,הצפון החדש סביבת כיכר המדינה,6108,82,22,True,,GovMap,https://www.govmap.gov.il/api/real-estate/street-deals/6108-86?limit=100&offset=0&dealType=2&startDate=2021-01&endDate=2026-08,2026-08-22 13:43:01.529718+00:00
6306124900,"ז'בוטינסקי 144, תל אביב-יפו",2026-05-06,3.0,91.0,2.0,5450000.0,59890.10989010989,593.6,602.0,1.0141509433962264,5527122.641509433,60737.61144515861,,דירה,דירה בבית קומות,הצפון החדש סביבת כיכר המדינה,6108,413,5,True,,GovMap,https://www.govmap.gov.il/api/real-estate/street-deals/73096893?limit=100&offset=0&dealType=2&startDate=2021-01&endDate=2026-08,2026-08-22 13:43:02.497558+00:00
6305698800,"פייבל 15, תל אביב-יפו",2026-05-11,3.5,87.0,6.0,5675000.0,65229.88505747126,593.6,602.0,1.0141509433962264,5755306.603773585,66152.94946866189,,דירה,דירה בבית קומות,הצפון החדש סביבת כיכר המדינה,6108,93,11,True,,GovMap,https://www.govmap.gov.il/api/real-estate/street-deals/52271030?limit=100&offset=0&dealType=2&startDate=2021-01&endDate=2026-08,2026-08-22 13:43:04.779157+00:00
6305808450,"הלסינקי 8, תל אביב-יפו",2026-05-14,4.0,112.0,3.0,6723000.0,60026.78571428572,593.6,602.0,1.0141509433962264,6818136.79245283,60876.221361185984,,דירה,דירה בבית קומות,הצפון החדש סביבת כיכר המדינה,6108,82,21,True,,GovMap,https://www.govmap.gov.il/api/real-estate/street-deals/6108-86?limit=100&offset=0&dealType=2&startDate=2021-01&endDate=2026-08,2026-08-22 13:43:01.529718+00:00
6308613950,"הלסינקי 13, תל אביב-יפו",2026-06-25,3.0,85.0,,5254000.0,61811.76470588235,,,,,,,דירה,דירה בבית קומות,הצפון החדש סביבת כיכר המדינה,6108,230,19,True,,GovMap,https://www.govmap.gov.il/api/real-estate/street-deals/6108-86?limit=100&offset=0&dealType=2&startDate=2021-01&endDate=2026-08,2026-08-22 13:43:01.529718+00:00
6308671300,"פייבל 11, תל אביב-יפו",2026-06-28,3.0,73.0,5.0,5000000.0,68493.1506849315,,,,,,,דירה,דירה בבית קומות,הצפון החדש סביבת כיכר המדינה,6108,95,12,True,,GovMap,https://www.govmap.gov.il/api/real-estate/street-deals/52271030?limit=100&offset=0&dealType=2&startDate=2021-01&endDate=2026-08,2026-08-22 13:43:04.779157+00:00
