objectid,settlementId,settlementNameHeb,streetCode,streetNameHeb,houseNum,floorNo,assetArea,dealAmount,dealId,propertyTypeDescription,dealNatureDescription,assetRoomNum,neighborhood,dealDate,gushNum,parcelNum,subParcelNum,polygonId,shape,sourceorder,source,source_url,data_retrieved_at
1629726,5000,תל אביב-יפו,50000932.0,הלסינקי,16.0,ראשונה,22,201000,6256690950,בנין,מחסנים,,הצפון החדש סביבת כיכר המדינה,2025-04-20T00:00:00.000Z,6108,86,0,6108-86,"MULTIPOLYGON(((3873095.4223000887 3774409.887607478,3873057.269138119 3774419.1262294035,3873063.480575712 3774444.5792812873,3873101.578348674 3774436.1598379086,3873098.0924139437 3774421.282524016,3873095.4223000887 3774409.887607478)))",1,GovMap,https://www.govmap.gov.il/api/real-estate/street-deals/6108-86?limit=100&offset=0&dealType=2&startDate=2021-01&endDate=2026-08,2026-08-22 13:43:01.529718+00:00
1629727,5000,תל אביב-יפו,50000932.0,הלסינקי,16.0,קרקע,91,6030000,6151319350,דירה,דירה בבית קומות,4.0,הצפון החדש סביבת כיכר המדינה,2023-01-02T00:00:00.000Z,6108,86,2,6108-86,"MULTIPOLYGON(((3873095.4223000887 3774409.887607478,3873057.269138119 3774419.1262294035,3873063.480575712 3774444.5792812873,3873101.578348674 3774436.1598379086,3873098.0924139437 3774421.282524016,3873095.4223000887 3774409.887607478)))",1,GovMap,https://www.govmap.gov.il/api/real-estate/street-deals/6108-86?limit=100&offset=0&dealType=2&startDate=2021-01&endDate=2026-08,2026-08-22 13:43:01.529718+00:00
1629728,5000,תל אביב-יפו,50000932.0,הלסינקי,16.0,ראשונה,106,855000,6113209350,דירה,דירה בבית קומות,4.0,הצפון החדש סביבת כיכר המדינה,2022-08-18T00:00:00.000Z,6108,86,4,6108-86,"MULTIPOLYGON(((3873095.4223000887 3774409.887607478,3873057.269138119 3774419.1262294035,3873063.480575712 3774444.5792812873,3873101.578348674 3774436.1598379086,3873098.0924139437 3774421.282524016,3873095.4223000887 3774409.887607478)))",1,GovMap,https://www.govmap.gov.il/api/real-estate/street-deals/6108-86?limit=100&offset=0&dealType=2&startDate=2021-01&endDate=2026-08,2026-08-22 13:43:01.529718+00:00
1627260,5000,תל אביב-יפו,50000932.0,הלסינקי,13.0,,85,5254000,6308613950,דירה,דירה בבית קומות,3.0,הצפון החדש סביבת כיכר המדינה,2026-06-25T00:00:00.000Z,6108,230,19,52315574,"MULTIPOLYGON(((3873031.8012709445 3774432.436446638,3873012.225142258 3774436.223784206,3873013.714944848 3774444.4403964044,3873006.0448168716 3774445.9630499184,3873007.445022848 3774452.935249943,3873034.797652972 3774447.566414745,3873031.8012709445 3774432.436446638)))",2,GovMap,https://www.govmap.gov.il/api/real-estate/street-deals/6108-86?limit=100&offset=0&dealType=2&startDate=2021-01&endDate=2026-08,2026-08-22 13:43:01.529718+00:00
1629681,5000,תל אביב-יפו,50000932.0,הלסינקי,8.0,שלישית,112,6723000,6305808450,דירה,דירה בבית קומות,4.0,הצפון החדש סביבת כיכר המדינה,2026-05-14T00:00:00.000Z,6108,82,21,52324720,"MULTIPOLYGON(((3873064.7590925856 3774320.4547638856,3873041.5332955737 3774325.9224002594,3873044.886819503 3774340.1531399195,3873068.1362245167 3774334.6855814066,3873064.7590925856 3774320.4547638856)))",2,GovMap,https://www.govmap.gov.il/api/real-estate/street-deals/6108-86?limit=100&offset=0&dealType=2&startDate=2021-01&endDate=2026-08,2026-08-22 13:43:01.529718+00:00
1629682,5000,תל אביב-יפו,50000932.0,הלסינקי,8.0,שניה,105,6250000,6305628600,דירה,דירה בבית קומות,4.0,הצפון החדש סביבת כיכר המדינה,2026-05-05T00:00:00.000Z,6108,82,22,52324720,"MULTIPOLYGON(((3873064.7590925856 3774320.4547638856,3873041.5332955737 3774325.9224002594,3873044.886819503 3774340.1531399195,3873068.1362245167 3774334.6855814066,3873064.7590925856 3774320.4547638856)))",2,GovMap,https://www.govmap.gov.il/api/real-estate/street-deals/6108-86?limit=100&offset=0&dealType=2&startDate=2021-01&endDate=2026-08,2026-08-22 13:43:01.529718+00:00
1629710,5000,תל אביב-יפו,50000932.0,הלסינקי,10.0,ראשונה,118,6803000,6305719800,דירה,דירה בבית קומות,3.0,הצפון החדש סביבת כיכר המדינה,2026-04-19T00:00:00.000Z,6108,83,5,52297528,"MULTIPOLYGON(((3873072.462867957 3774344.180766301,3873046.0217165234 3774351.7806119653,3873049.640017057 3774364.6024556705,3873076.0699438066 3774356.860372184,3873072.462867957 3774344.180766301)))",2,GovMap,https://www.govmap.gov.il/api/real-estate/street-deals/6108-86?limit=100&offset=0&dealType=2&startDate=2021-01&endDate=2026-08,2026-08-22 13:43:01.529718+00:00
1627277,5000,תל אביב-יפו,50000932.0,הלסינקי,15.0,,10,209000,6302442100,בנין,מחסנים,,הצפון החדש סביבת כיכר המדינה,2025-12-28T00:00:00.000Z,6108,231,0,52294700,"MULTIPOLYGON(((3873037.375049545 3774455.0526123205,3873016.7220159457 3774459.854785086,3873018.3448633533 3774467.1951461267,3873010.4375008284 3774469.0841925014,3873012.177941315 3774476.5079503497,3873040.7375999712 3774470.0181365763,3873037.375049545 3774455.0526123205)))",2,GovMap,https://www.govmap.gov.il/api/real-estate/street-deals/6108-86?limit=100&offset=0&dealType=2&startDate=2021-01&endDate=2026-08,2026-08-22 13:43:01.529718+00:00
1627318,5000,תל אביב-יפו,50000932.0,הלסינקי,1.0,שניה,77,4170000,6266041000,דירה,דירה בבית קומות,3.0,הצפון החדש סביבת כיכר המדינה,2025-12-03T00:00:00.000Z,6108,245,6,53299167,"MULTIPOLYGON(((3872990.8545592106 3774254.780790247,3872976.350835723 3774258.0543490797,3872981.7753157853 3774282.6719819917,3872996.1845144164 3774279.457287588,3872990.8545592106 3774254.780790247)))",2,GovMap,https://www.govmap.gov.il/api/real-estate/street-deals/6108-86?limit=100&offset=0&dealType=2&startDate=2021-01&endDate=2026-08,2026-08-22 13:43:01.529718+00:00
1627942,5000,תל אביב -יפו,50000932.0,הלסינקי,26.0,קרקע,79,4791000,6266383800,דירה,דירה בבית קומות,3.0,הצפון החדש סביבת כיכר המדינה,2025-12-03T00:00:00.000Z,6108,434,1,53295335,"MULTIPOLYGON(((3873121.3077025535 3774587.9938489185,3873103.8192545073 3774591.5642664614,3873108.4519621613 3774613.6439041193,3873125.9409807893 3774609.9312938442,3873121.3077025535 3774587.9938489185)))",2,GovMap,https://www.govmap.gov.il/api/real-estate/street-deals/6108-86?limit=100&offset=0&dealType=2&startDate=2021-01&endDate=2026-08,2026-08-22 13:43:01.529718+00:00
1627261,5000,תל אביב-יפו,50000932.0,הלסינקי,13.0,רביעית,90,6000000,6264588650,דירה,דירה בבית קומות,3.0,הצפון החדש סביבת כיכר המדינה,2025-10-29T00:00:00.000Z,6108,230,20,52315574,"MULTIPOLYGON(((3873031.8012709445 3774432.436446638,3873012.225142258 3774436.223784206,3873013.714944848 3774444.4403964044,3873006.0448168716 3774445.9630499184,3873007.445022848 3774452.935249943,3873034.797652972 3774447.566414745,3873031.8012709445 3774432.436446638)))",2,GovMap,https://www.govmap.gov.il/api/real-estate/street-deals/6108-86?limit=100&offset=0&dealType=2&startDate=2021-01&endDate=2026-08,2026-08-22 13:43:01.529718+00:00
1627249,5000,תל אביב-יפו,50000932.0,הלסינקי,11.0,שלישית,83,5606000,6262204350,דירה,דירה בבית קומות,3.0,הצפון החדש סביבת כיכר המדינה,2025-08-26T00:00:00.000Z,6108,229,11,52316829,"MULTIPOLYGON(((3873026.586519389 3774408.435449624,3873004.5177755025 3774413.4572621686,3873005.4348835326 3774417.2403940125,3872995.887193005 3774419.4904158637,3872998.3106167233 3774430.246146198,3873029.832530479 3774423.033174346,3873026.586519389 3774408.435449624)))",2,GovMap,https://www.govmap.gov.il/api/real-estate/street-deals/6108-86?limit=100&offset=0&dealType=2&startDate=2021-01&endDate=2026-08,2026-08-22 13:43:01.529718+00:00
1629709,5000,תל אביב-יפו,50000932.0,הלסינקי,10.0,ראשונה,82,7274000,6263125050,דירה,דירה בבית קומות,3.0,הצפון החדש סביבת כיכר המדינה,2025-08-06T00:00:00.000Z,6108,83,5,52297528,"MULTIPOLYGON(((3873072.462867957 3774344.180766301,3873046.0217165234 3774351.7806119653,3873049.640017057 3774364.6024556705,3873076.0699438066 3774356.860372184,3873072.462867957 3774344.180766301)))",2,GovMap,https://www.govmap.gov.il/api/real-estate/street-deals/6108-86?limit=100&offset=0&dealType=2&startDate=2021-01&endDate=2026-08,2026-08-22 13:43:01.529718+00:00
1627265,5000,תל אביב-יפו,50000932.0,הלסינקי,13.0,ראשונה,69,3940000,6260326600,דירה,דירה בבית קומות,2.5,הצפון החדש סביבת כיכר המדינה,2025-07-02T00:00:00.000Z,6108,230,4,52315574,"MULTIPOLYGON(((3873031.8012709445 3774432.436446638,3873012.225142258 3774436.223784206,3873013.714944848 3774444.4403964044,3873006.0448168716 3774445.9630499184,3873007.445022848 3774452.935249943,3873034.797652972 3774447.566414745,3873031.8012709445 3774432.436446638)))",2,GovMap,https://www.govmap.gov.il/api/real-estate/street-deals/6108-86?limit=100&offset=0&dealType=2&startDate=2021-01&endDate=2026-08,2026-08-22 13:43:01.529718+00:00
1627262,5000,תל אביב-יפו,50000932.0,הלסינקי,13.0,שניה,85,5417000,6260342350,דירה,דירה בבית קומות,3.0,הצפון החדש סביבת כיכר המדינה,2025-07-02T00:00:00.000Z,6108,230,21,52315574,"MULTIPOLYGON(((3873031.8012709445 3774432.436446638,3873012.225142258 3774436.223784206,3873013.714944848 3774444.4403964044,3873006.0448168716 3774445.9630499184,3873007.445022848 3774452.935249943,3873034.797652972 3774447.566414745,3873031.8012709445 3774432.436446638)))",2,GovMap,https://www.govmap.gov.il/api/real-estate/street-deals/6108-86?limit=100&offset=0&dealType=2&startDate=2021-01&endDate=2026-08,2026-08-22 13:43:01.529718+00:00
1627252,5000,תל אביב-יפו,50000932.0,הלסינקי,11.0,שניה,95,6406000,6259120500,דירה,דירה בבית קומות,3.0,הצפון החדש סביבת כיכר המדינה,2025-06-26T00:00:00.000Z,6108,229,9,52316829,"MULTIPOLYGON(((3873026.586519389 3774408.435449624,3873004.5177755025 3774413.4572621686,3873005.4348835326 3774417.2403940125,3872995.887193005 3774419.4904158637,3872998.3106167233 3774430.246146198,3873029.832530479 3774423.033174346,3873026.586519389 3774408.435449624)))",2,GovMap,https://www.govmap.gov.il/api/real-estate/street-deals/6108-86?limit=100&offset=0&dealType=2&startDate=2021-01&endDate=2026-08,2026-08-22 13:43:01.529718+00:00
1627254,5000,תל אביב-יפו,50000932.0,הלסינקי,13.0,קרקע,58,3700000,6251503600,דירה,דירה בבית קומות,2.0,הצפון החדש סביבת כיכר המדינה,2024-12-25T00:00:00.000Z,6108,230,1,52315574,"MULTIPOLYGON(((3873031.8012709445 3774432.436446638,3873012.225142258 3774436.223784206,3873013.714944848 3774444.4403964044,3873006.0448168716 3774445.9630499184,3873007.445022848 3774452.935249943,3873034.797652972 3774447.566414745,3873031.8012709445 3774432.436446638)))",2,GovMap,https://www.govmap.gov.il/api/real-estate/street-deals/6108-86?limit=100&offset=0&dealType=2&startDate=2021-01&endDate=2026-08,2026-08-22 13:43:01.529718+00:00
1627284,5000,תל אביב-יפו,50000932.0,הלסינקי,15.0,קומה ‎1‏,37,2250000,6211302200,דירה,דירה בבית קומות,2.0,הצפון החדש סביבת כיכר המדינה,2024-09-03T00:00:00.000Z,6108,231,5,52294700,"MULTIPOLYGON(((3873037.375049545 3774455.0526123205,3873016.7220159457 3774459.854785086,3873018.3448633533 3774467.1951461267,3873010.4375008284 3774469.0841925014,3873012.177941315 3774476.5079503497,3873040.7375999712 3774470.0181365763,3873037.375049545 3774455.0526123205)))",2,GovMap,https://www.govmap.gov.il/api/real-estate/street-deals/6108-86?limit=100&offset=0&dealType=2&startDate=2021-01&endDate=2026-08,2026-08-22 13:43:01.529718+00:00
1627274,5000,תל אביב-יפו,50000932.0,הלסינקי,13.0,עשירית,171,1100000,6210207000,דירה,דירה בבית קומות,5.0,הצפון החדש סביבת כיכר המדינה,2024-07-31T00:00:00.000Z,6108,230,8,52315574,"MULTIPOLYGON(((3873031.8012709445 3774432.436446638,3873012.225142258 3774436.223784206,3873013.714944848 3774444.4403964044,3873006.0448168716 3774445.9630499184,3873007.445022848 3774452.935249943,3873034.797652972 3774447.566414745,3873031.8012709445 3774432.436446638)))",2,GovMap,https://www.govmap.gov.il/api/real-estate/street-deals/6108-86?limit=100&offset=0&dealType=2&startDate=2021-01&endDate=2026-08,2026-08-22 13:43:01.529718+00:00
1627266,5000,תל אביב-יפו,50000932.0,הלסינקי,13.0,ראשונה,19,1200000,6210321700,דירה,דירה בבית קומות,1.0,הצפון החדש סביבת כיכר המדינה,2024-07-31T00:00:00.000Z,6108,230,4,52315574,"MULTIPOLYGON(((3873031.8012709445 3774432.436446638,3873012.225142258 3774436.223784206,3873013.714944848 3774444.4403964044,3873006.0448168716 3774445.9630499184,3873007.445022848 3774452.935249943,3873034.797652972 3774447.566414745,3873031.8012709445 3774432.436446638)))",2,GovMap,https://www.govmap.gov.il/api/real-estate/street-deals/6108-86?limit=100&offset=0&dealType=2&startDate=2021-01&endDate=2026-08,2026-08-22 13:43:01.529718+00:00
1627276,5000,תל אביב-יפו,50000932.0,הלסינקי,13.0,שלישית,140,772000,6210206600,דירה,דירה בבית קומות,3.0,הצפון החדש סביבת כיכר המדינה,2024-07-31T00:00:00.000Z,6108,230,9,52315574,"MULTIPOLYGON(((3873031.8012709445 3774432.436446638,3873012.225142258 3774436.223784206,3873013.714944848 3774444.4403964044,3873006.0448168716 3774445.9630499184,3873007.445022848 3774452.935249943,3873034.797652972 3774447.566414745,3873031.8012709445 3774432.436446638)))",2,GovMap,https://www.govmap.gov.il/api/real-estate/street-deals/6108-86?limit=100&offset=0&dealType=2&startDate=2021-01&endDate=2026-08,2026-08-22 13:43:01.529718+00:00
1627247,5000,תל אביב-יפו,50000932.0,הלסינקי,9.0,רביעית,14,840000,6209005900,דירה,דירה בבית קומות,5.0,הצפון החדש סביבת כיכר המדינה,2024-07-03T00:00:00.000Z,6108,228,7,52324279,"MULTIPOLYGON(((3873019.9445087323 3774387.675439716,3872995.7520116502 3774393.056364107,3872998.986190324 3774407.6540330467,3873023.0720547694 3774402.414865563,3873019.9445087323 3774387.675439716)))",2,GovMap,https://www.govmap.gov.il/api/real-estate/street-deals/6108-86?limit=100&offset=0&dealType=2&startDate=2021-01&endDate=2026-08,2026-08-22 13:43:01.529718+00:00
1627246,5000,תל אביב-יפו,50000932.0,הלסינקי,9.0,שלישית,138,1850000,6209018650,דירה,דירה בבית קומות,4.0,הצפון החדש סביבת כיכר המדינה,2024-07-03T00:00:00.000Z,6108,228,6,52324279,"MULTIPOLYGON(((3873019.9445087323 3774387.675439716,3872995.7520116502 3774393.056364107,3872998.986190324 3774407.6540330467,3873023.0720547694 3774402.414865563,3873019.9445087323 3774387.675439716)))",2,GovMap,https://www.govmap.gov.il/api/real-estate/street-deals/6108-86?limit=100&offset=0&dealType=2&startDate=2021-01&endDate=2026-08,2026-08-22 13:43:01.529718+00:00
1627243,5000,תל אביב-יפו,50000932.0,הלסינקי,9.0,שניה,164,378000,6209012900,דירה,דירה בבית קומות,4.0,הצפון החדש סביבת כיכר המדינה,2024-07-03T00:00:00.000Z,6108,228,4,52324279,"MULTIPOLYGON(((3873019.9445087323 3774387.675439716,3872995.7520116502 3774393.056364107,3872998.986190324 3774407.6540330467,3873023.0720547694 3774402.414865563,3873019.9445087323 3774387.675439716)))",2,GovMap,https://www.govmap.gov.il/api/real-estate/street-deals/6108-86?limit=100&offset=0&dealType=2&startDate=2021-01&endDate=2026-08,2026-08-22 13:43:01.529718+00:00
1627242,5000,תל אביב-יפו,50000932.0,הלסינקי,9.0,שניה,12,756000,6209017850,דירה,דירה בבית קומות,5.0,הצפון החדש סביבת כיכר המדינה,2024-07-03T00:00:00.000Z,6108,228,3,52324279,"MULTIPOLYGON(((3873019.9445087323 3774387.675439716,3872995.7520116502 3774393.056364107,3872998.986190324 3774407.6540330467,3873023.0720547694 3774402.414865563,3873019.9445087323 3774387.675439716)))",2,GovMap,https://www.govmap.gov.il/api/real-estate/street-deals/6108-86?limit=100&offset=0&dealType=2&startDate=2021-01&endDate=2026-08,2026-08-22 13:43:01.529718+00:00
1627263,5000,תל אביב-יפו,50000932.0,הלסינקי,13.0,שישית,145,11300000,6206081650,דירה,דירה בבית קומות,5.0,הצפון החדש סביבת כיכר המדינה,2024-05-20T00:00:00.000Z,6108,230,22,52315574,"MULTIPOLYGON(((3873031.8012709445 3774432.436446638,3873012.225142258 3774436.223784206,3873013.714944848 3774444.4403964044,3873006.0448168716 3774445.9630499184,3873007.445022848 3774452.935249943,3873034.797652972 3774447.566414745,3873031.8012709445 3774432.436446638)))",2,GovMap,https://www.govmap.gov.il/api/real-estate/street-deals/6108-86?limit=100&offset=0&dealType=2&startDate=2021-01&endDate=2026-08,2026-08-22 13:43:01.529718+00:00
1629677,5000,תל אביב-יפו,50000932.0,הלסינקי,8.0,,119,503000,6257204850,דירה,דירה בבית קומות,4.0,הצפון החדש סביבת כיכר המדינה,2024-04-09T00:00:00.000Z,6108,82,18,52324720,"MULTIPOLYGON(((3873064.7590925856 3774320.4547638856,3873041.5332955737 3774325.9224002594,3873044.886819503 3774340.1531399195,3873068.1362245167 3774334.6855814066,3873064.7590925856 3774320.4547638856)))",2,GovMap,https://www.govmap.gov.il/api/real-estate/street-deals/6108-86?limit=100&offset=0&dealType=2&startDate=2021-01&endDate=2026-08,2026-08-22 13:43:01.529718+00:00
1629676,5000,תל אביב-יפו,50000932.0,הלסינקי,8.0,,11,229000,6205530500,קרקע,קומבינציה,,הצפון החדש סביבת כיכר המדינה,2024-04-09T00:00:00.000Z,6108,82,17,52324720,"MULTIPOLYGON(((3873064.7590925856 3774320.4547638856,3873041.5332955737 3774325.9224002594,3873044.886819503 3774340.1531399195,3873068.1362245167 3774334.6855814066,3873064.7590925856 3774320.4547638856)))",2,GovMap,https://www.govmap.gov.il/api/real-estate/street-deals/6108-86?limit=100&offset=0&dealType=2&startDate=2021-01&endDate=2026-08,2026-08-22 13:43:01.529718+00:00
1629683,5000,תל אביב-יפו,50000932.0,הלסינקי,8.0,שניה,86,5100000,6202842350,דירה,דירה בבית קומות,3.0,הצפון החדש סביבת כיכר המדינה,2024-02-28T00:00:00.000Z,6108,82,23,52324720,"MULTIPOLYGON(((3873064.7590925856 3774320.4547638856,3873041.5332955737 3774325.9224002594,3873044.886819503 3774340.1531399195,3873068.1362245167 3774334.6855814066,3873064.7590925856 3774320.4547638856)))",2,GovMap,https://www.govmap.gov.il/api/real-estate/street-deals/6108-86?limit=100&offset=0&dealType=2&startDate=2021-01&endDate=2026-08,2026-08-22 13:43:01.529718+00:00
1627264,5000,תל אביב-יפו,50000932.0,הלסינקי,13.0,רביעית,128,8437000,6201389900,דירה,דירה בבית קומות,5.0,הצפון החדש סביבת כיכר המדינה,2024-01-18T00:00:00.000Z,6108,230,23,52315574,"MULTIPOLYGON(((3873031.8012709445 3774432.436446638,3873012.225142258 3774436.223784206,3873013.714944848 3774444.4403964044,3873006.0448168716 3774445.9630499184,3873007.445022848 3774452.935249943,3873034.797652972 3774447.566414745,3873031.8012709445 3774432.436446638)))",2,GovMap,https://www.govmap.gov.il/api/real-estate/street-deals/6108-86?limit=100&offset=0&dealType=2&startDate=2021-01&endDate=2026-08,2026-08-22 13:43:01.529718+00:00
1629684,5000,תל אביב-יפו,50000932.0,הלסינקי,8.0,שניה,39,2600000,6162532800,דירה,דירה בבית קומות,2.0,הצפון החדש סביבת כיכר המדינה,2023-12-04T00:00:00.000Z,6108,82,24,52324720,"MULTIPOLYGON(((3873064.7590925856 3774320.4547638856,3873041.5332955737 3774325.9224002594,3873044.886819503 3774340.1531399195,3873068.1362245167 3774334.6855814066,3873064.7590925856 3774320.4547638856)))",2,GovMap,https://www.govmap.gov.il/api/real-estate/street-deals/6108-86?limit=100&offset=0&dealType=2&startDate=2021-01&endDate=2026-08,2026-08-22 13:43:01.529718+00:00
1627286,5000,תל אביב-יפו,50000932.0,הלסינקי,15.0,קומה ‎1‏,77,5341000,6162358250,דירה,דירה בבית קומות,2.0,הצפון החדש סביבת כיכר המדינה,2023-11-28T00:00:00.000Z,6108,231,6,52294700,"MULTIPOLYGON(((3873037.375049545 3774455.0526123205,3873016.7220159457 3774459.854785086,3873018.3448633533 3774467.1951461267,3873010.4375008284 3774469.0841925014,3873012.177941315 3774476.5079503497,3873040.7375999712 3774470.0181365763,3873037.375049545 3774455.0526123205)))",2,GovMap,https://www.govmap.gov.il/api/real-estate/street-deals/6108-86?limit=100&offset=0&dealType=2&startDate=2021-01&endDate=2026-08,2026-08-22 13:43:01.529718+00:00
1627289,5000,תל אביב-יפו,50000932.0,הלסינקי,15.0,קומה ‎2‏,50,2808000,6161957350,דירה,דירה בבית קומות,2.0,הצפון החדש סביבת כיכר המדינה,2023-10-19T00:00:00.000Z,6108,231,8,52294700,"MULTIPOLYGON(((3873037.375049545 3774455.0526123205,3873016.7220159457 3774459.854785086,3873018.3448633533 3774467.1951461267,3873010.4375008284 3774469.0841925014,3873012.177941315 3774476.5079503497,3873040.7375999712 3774470.0181365763,3873037.375049545 3774455.0526123205)))",2,GovMap,https://www.govmap.gov.il/api/real-estate/street-deals/6108-86?limit=100&offset=0&dealType=2&startDate=2021-01&endDate=2026-08,2026-08-22 13:43:01.529718+00:00
1627283,5000,תל אביב-יפו,50000932.0,הלסינקי,15.0,קומה ‎0‏,50,4300000,6162002650,דירה,דירה בבית קומות,2.0,הצפון החדש סביבת כיכר המדינה,2023-10-19T00:00:00.000Z,6108,231,3,52294700,"MULTIPOLYGON(((3873037.375049545 3774455.0526123205,3873016.7220159457 3774459.854785086,3873018.3448633533 3774467.1951461267,3873010.4375008284 3774469.0841925014,3873012.177941315 3774476.5079503497,3873040.7375999712 3774470.0181365763,3873037.375049545 3774455.0526123205)))",2,GovMap,https://www.govmap.gov.il/api/real-estate/street-deals/6108-86?limit=100&offset=0&dealType=2&startDate=2021-01&endDate=2026-08,2026-08-22 13:43:01.529718+00:00
1627881,5000,תל אביב -יפו,50000932.0,הלסינקי,2.0,ראשונה,62,3450000,6153757250,דירה,דירה בבית קומות,3.5,הצפון החדש סביבת כיכר המדינה,2023-03-28T00:00:00.000Z,6108,400,6,52303986,"MULTIPOLYGON(((3873050.1094490676 3774241.1579825445,3873023.4264911893 3774247.2876180373,3873026.7903662897 3774261.8856030293,3873053.4612486036 3774255.8388435007,3873050.1094490676 3774241.1579825445)))",2,GovMap,https://www.govmap.gov.il/api/real-estate/street-deals/6108-86?limit=100&offset=0&dealType=2&startDate=2021-01&endDate=2026-08,2026-08-22 13:43:01.529718+00:00
1629685,5000,תל אביב-יפו,50000932.0,הלסינקי,8.0,ראשונה,54,5400000,6153628150,דירה,דירה בבית קומות,2.0,הצפון החדש סביבת כיכר המדינה,2023-03-20T00:00:00.000Z,6108,82,25,52324720,"MULTIPOLYGON(((3873064.7590925856 3774320.4547638856,3873041.5332955737 3774325.9224002594,3873044.886819503 3774340.1531399195,3873068.1362245167 3774334.6855814066,3873064.7590925856 3774320.4547638856)))",2,GovMap,https://www.govmap.gov.il/api/real-estate/street-deals/6108-86?limit=100&offset=0&dealType=2&startDate=2021-01&endDate=2026-08,2026-08-22 13:43:01.529718+00:00
1627851,5000,תל אביב-יפו,50000932.0,הלסינקי,19.0,שניה,84,1025000,6153354600,דירה,דירה בבית קומות,3.0,הצפון החדש סביבת כיכר המדינה,2023-03-09T00:00:00.000Z,6108,391,7,52301796,"MULTIPOLYGON(((3873048.26300848 3774506.5518602314,3873029.969748094 3774510.9365948453,3873035.7729366412 3774535.248111618,3873054.1846845285 3774530.7216335903,3873048.26300848 3774506.5518602314)))",2,GovMap,https://www.govmap.gov.il/api/real-estate/street-deals/6108-86?limit=100&offset=0&dealType=2&startDate=2021-01&endDate=2026-08,2026-08-22 13:43:01.529718+00:00
1629703,5000,תל אביב-יפו,50000932.0,הלסינקי,10.0,שלישית,84,4600000,6151624600,דירה,דירה בבית קומות,3.0,הצפון החדש סביבת כיכר המדינה,2023-01-25T00:00:00.000Z,6108,83,10,52297528,"MULTIPOLYGON(((3873072.462867957 3774344.180766301,3873046.0217165234 3774351.7806119653,3873049.640017057 3774364.6024556705,3873076.0699438066 3774356.860372184,3873072.462867957 3774344.180766301)))",2,GovMap,https://www.govmap.gov.il/api/real-estate/street-deals/6108-86?limit=100&offset=0&dealType=2&startDate=2021-01&endDate=2026-08,2026-08-22 13:43:01.529718+00:00
1627280,5000,תל אביב-יפו,50000932.0,הלסינקי,15.0,קומה ‎0‏,84,6000000,6150711750,דירה,דירה בבית קומות,3.0,הצפון החדש סביבת כיכר המדינה,2022-12-26T00:00:00.000Z,6108,231,2,52294700,"MULTIPOLYGON(((3873037.375049545 3774455.0526123205,3873016.7220159457 3774459.854785086,3873018.3448633533 3774467.1951461267,3873010.4375008284 3774469.0841925014,3873012.177941315 3774476.5079503497,3873040.7375999712 3774470.0181365763,3873037.375049545 3774455.0526123205)))",2,GovMap,https://www.govmap.gov.il/api/real-estate/street-deals/6108-86?limit=100&offset=0&dealType=2&startDate=2021-01&endDate=2026-08,2026-08-22 13:43:01.529718+00:00
1627282,5000,תל אביב-יפו,50000932.0,הלסינקי,15.0,קומה ‎0‏,60,2072000,6151135850,בנין,משרד,2.0,הצפון החדש סביבת כיכר המדינה,2022-12-26T00:00:00.000Z,6108,231,3,52294700,"MULTIPOLYGON(((3873037.375049545 3774455.0526123205,3873016.7220159457 3774459.854785086,3873018.3448633533 3774467.1951461267,3873010.4375008284 3774469.0841925014,3873012.177941315 3774476.5079503497,3873040.7375999712 3774470.0181365763,3873037.375049545 3774455.0526123205)))",2,GovMap,https://www.govmap.gov.il/api/real-estate/street-deals/6108-86?limit=100&offset=0&dealType=2&startDate=2021-01&endDate=2026-08,2026-08-22 13:43:01.529718+00:00
1629686,5000,תל אביב-יפו,50000932.0,הלסינקי,8.0,שניה,97,5843000,6114184100,דירה,דירה בבית קומות,4.0,הצפון החדש סביבת כיכר המדינה,2022-09-22T00:00:00.000Z,6108,82,26,52324720,"MULTIPOLYGON(((3873064.7590925856 3774320.4547638856,3873041.5332955737 3774325.9224002594,3873044.886819503 3774340.1531399195,3873068.1362245167 3774334.6855814066,3873064.7590925856 3774320.4547638856)))",2,GovMap,https://www.govmap.gov.il/api/real-estate/street-deals/6108-86?limit=100&offset=0&dealType=2&startDate=2021-01&endDate=2026-08,2026-08-22 13:43:01.529718+00:00
1627287,5000,תל אביב-יפו,50000932.0,הלסינקי,15.0,קומה ‎1‏,55,3150000,6114220850,דירה,דירה בבית קומות,2.0,הצפון החדש סביבת כיכר המדינה,2022-09-14T00:00:00.000Z,6108,231,7,52294700,"MULTIPOLYGON(((3873037.375049545 3774455.0526123205,3873016.7220159457 3774459.854785086,3873018.3448633533 3774467.1951461267,3873010.4375008284 3774469.0841925014,3873012.177941315 3774476.5079503497,3873040.7375999712 3774470.0181365763,3873037.375049545 3774455.0526123205)))",2,GovMap,https://www.govmap.gov.il/api/real-estate/street-deals/6108-86?limit=100&offset=0&dealType=2&startDate=2021-01&endDate=2026-08,2026-08-22 13:43:01.529718+00:00
1627882,5000,תל אביב -יפו,50000932.0,הלסינקי,2.0,שניה,63,1770000,6112495350,דירה,דירה בבית קומות,2.5,הצפון החדש סביבת כיכר המדינה,2022-08-16T00:00:00.000Z,6108,400,8,52303986,"MULTIPOLYGON(((3873050.1094490676 3774241.1579825445,3873023.4264911893 3774247.2876180373,3873026.7903662897 3774261.8856030293,3873053.4612486036 3774255.8388435007,3873050.1094490676 3774241.1579825445)))",2,GovMap,https://www.govmap.gov.il/api/real-estate/street-deals/6108-86?limit=100&offset=0&dealType=2&startDate=2021-01&endDate=2026-08,2026-08-22 13:43:01.529718+00:00
1629687,5000,תל אביב-יפו,50000932.0,הלסינקי,8.0,שלישית,102,7070000,6109845900,דירה,דירה בבית קומות,4.0,הצפון החדש סביבת כיכר המדינה,2022-07-06T00:00:00.000Z,6108,82,27,52324720,"MULTIPOLYGON(((3873064.7590925856 3774320.4547638856,3873041.5332955737 3774325.9224002594,3873044.886819503 3774340.1531399195,3873068.1362245167 3774334.6855814066,3873064.7590925856 3774320.4547638856)))",2,GovMap,https://www.govmap.gov.il/api/real-estate/street-deals/6108-86?limit=100&offset=0&dealType=2&startDate=2021-01&endDate=2026-08,2026-08-22 13:43:01.529718+00:00
1629688,5000,תל אביב-יפו,50000932.0,הלסינקי,8.0,חמישית,80,5050000,6109328500,דירה,דירה בבית קומות,3.0,הצפון החדש סביבת כיכר המדינה,2022-06-23T00:00:00.000Z,6108,82,28,52324720,"MULTIPOLYGON(((3873064.7590925856 3774320.4547638856,3873041.5332955737 3774325.9224002594,3873044.886819503 3774340.1531399195,3873068.1362245167 3774334.6855814066,3873064.7590925856 3774320.4547638856)))",2,GovMap,https://www.govmap.gov.il/api/real-estate/street-deals/6108-86?limit=100&offset=0&dealType=2&startDate=2021-01&endDate=2026-08,2026-08-22 13:43:01.529718+00:00
1629702,5000,תל אביב-יפו,50000932.0,הלסינקי,8.0,שלישית,54,3593000,6109164400,דירה,דירה בבית קומות,2.0,הצפון החדש סביבת כיכר המדינה,2022-06-21T00:00:00.000Z,6108,82,9,52324720,"MULTIPOLYGON(((3873064.7590925856 3774320.4547638856,3873041.5332955737 3774325.9224002594,3873044.886819503 3774340.1531399195,3873068.1362245167 3774334.6855814066,3873064.7590925856 3774320.4547638856)))",2,GovMap,https://www.govmap.gov.il/api/real-estate/street-deals/6108-86?limit=100&offset=0&dealType=2&startDate=2021-01&endDate=2026-08,2026-08-22 13:43:01.529718+00:00
1629737,5000,תל אביב-יפו,50000932.0,הלסינקי,20.0,שניה,90,6000000,6104424750,דירה,דירה בבית קומות,4.0,הצפון החדש סביבת כיכר המדינה,2022-03-10T00:00:00.000Z,6108,88,4,53300903,"MULTIPOLYGON(((3873100.2729667136 3774472.8414269458,3873076.430644567 3774479.1243699463,3873080.6028773473 3774495.1356771006,3873104.4564802246 3774488.994941392,3873100.2729667136 3774472.8414269458)))",2,GovMap,https://www.govmap.gov.il/api/real-estate/street-deals/6108-86?limit=100&offset=0&dealType=2&startDate=2021-01&endDate=2026-08,2026-08-22 13:43:01.529718+00:00
1629700,5000,תל אביב-יפו,50000932.0,הלסינקי,8.0,ראשונה,78,4434000,6103543250,דירה,דירה בבית קומות,3.0,הצפון החדש סביבת כיכר המדינה,2022-02-24T00:00:00.000Z,6108,82,7,52324720,"MULTIPOLYGON(((3873064.7590925856 3774320.4547638856,3873041.5332955737 3774325.9224002594,3873044.886819503 3774340.1531399195,3873068.1362245167 3774334.6855814066,3873064.7590925856 3774320.4547638856)))",2,GovMap,https://www.govmap.gov.il/api/real-estate/street-deals/6108-86?limit=100&offset=0&dealType=2&startDate=2021-01&endDate=2026-08,2026-08-22 13:43:01.529718+00:00
1629690,5000,תל אביב-יפו,50000932.0,הלסינקי,8.0,שישית,40,2340000,6101273550,דירה,דירה בבית קומות,2.0,הצפון החדש סביבת כיכר המדינה,2022-01-17T00:00:00.000Z,6108,82,29,52324720,"MULTIPOLYGON(((3873064.7590925856 3774320.4547638856,3873041.5332955737 3774325.9224002594,3873044.886819503 3774340.1531399195,3873068.1362245167 3774334.6855814066,3873064.7590925856 3774320.4547638856)))",2,GovMap,https://www.govmap.gov.il/api/real-estate/street-deals/6108-86?limit=100&offset=0&dealType=2&startDate=2021-01&endDate=2026-08,2026-08-22 13:43:01.529718+00:00
1629689,5000,תל אביב-יפו,50000932.0,הלסינקי,8.0,שישית,114,8250000,6101591300,דירה,דירה בבית קומות,5.0,הצפון החדש סביבת כיכר המדינה,2022-01-17T00:00:00.000Z,6108,82,29,52324720,"MULTIPOLYGON(((3873064.7590925856 3774320.4547638856,3873041.5332955737 3774325.9224002594,3873044.886819503 3774340.1531399195,3873068.1362245167 3774334.6855814066,3873064.7590925856 3774320.4547638856)))",2,GovMap,https://www.govmap.gov.il/api/real-estate/street-deals/6108-86?limit=100&offset=0&dealType=2&startDate=2021-01&endDate=2026-08,2026-08-22 13:43:01.529718+00:00
1629739,5000,תל אביב -יפו,50000932.0,הלסינקי,22.0,מרתף,165,4220000,6072207600,בנין,משרד,,הצפון החדש סביבת כיכר המדינה,2021-12-15T00:00:00.000Z,6108,89,1,53176610,"MULTIPOLYGON(((3873104.7584600775 3774499.517456476,3873084.58570707 3774505.1391443177,3873087.015979754 3774514.1176998867,3873092.918320455 3774512.3630851046,3873094.9079180835 3774519.3968162555,3873088.0619643875 3774521.2307515503,3873090.4920177003 3774530.2685595127,3873111.63254249 3774524.425441789,3873104.7584600775 3774499.517456476)))",2,GovMap,https://www.govmap.gov.il/api/real-estate/street-deals/6108-86?limit=100&offset=0&dealType=2&startDate=2021-01&endDate=2026-08,2026-08-22 13:43:01.529718+00:00
1627267,5000,תל אביב-יפו,50000932.0,הלסינקי,13.0,ראשונה,89,7625000,6071966750,דירה,דירה בבית קומות,3.0,הצפון החדש סביבת כיכר המדינה,2021-11-18T00:00:00.000Z,6108,230,5,52315574,"MULTIPOLYGON(((3873031.8012709445 3774432.436446638,3873012.225142258 3774436.223784206,3873013.714944848 3774444.4403964044,3873006.0448168716 3774445.9630499184,3873007.445022848 3774452.935249943,3873034.797652972 3774447.566414745,3873031.8012709445 3774432.436446638)))",2,GovMap,https://www.govmap.gov.il/api/real-estate/street-deals/6108-86?limit=100&offset=0&dealType=2&startDate=2021-01&endDate=2026-08,2026-08-22 13:43:01.529718+00:00
1629666,5000,תל אביב-יפו,50000932.0,הלסינקי,6.0,שניה,99,2550000,6069815550,דירה,דירה בבית קומות,4.0,הצפון החדש סביבת כיכר המדינה,2021-11-09T00:00:00.000Z,6108,81,4,52313565,"MULTIPOLYGON(((3873058.7409143634 3774296.8774520676,3873034.1737841587 3774301.6053268397,3873036.729472146 3774314.790334145,3873061.2614805885 3774310.0030733547,3873058.7409143634 3774296.8774520676)))",2,GovMap,https://www.govmap.gov.il/api/real-estate/street-deals/6108-86?limit=100&offset=0&dealType=2&startDate=2021-01&endDate=2026-08,2026-08-22 13:43:01.529718+00:00
1627852,5000,תל אביב-יפו,50000932.0,הלסינקי,19.0,שניה,69,1000000,6067031200,דירה,דירה בבית קומות,3.0,הצפון החדש סביבת כיכר המדינה,2021-09-13T00:00:00.000Z,6108,391,7,52301796,"MULTIPOLYGON(((3873048.26300848 3774506.5518602314,3873029.969748094 3774510.9365948453,3873035.7729366412 3774535.248111618,3873054.1846845285 3774530.7216335903,3873048.26300848 3774506.5518602314)))",2,GovMap,https://www.govmap.gov.il/api/real-estate/street-deals/6108-86?limit=100&offset=0&dealType=2&startDate=2021-01&endDate=2026-08,2026-08-22 13:43:01.529718+00:00
1785416,5000,תל אביב -יפו,,,,,1,7000000,6202033400,קרקע,קרקע למגורים,,הצפון החדש סביבת כיכר המדינה,2024-01-23T00:00:00.000Z,6213,336,5,6213-336,"MULTIPOLYGON(((3872916.634790861 3774640.1879198723,3872912.7995037483 3774632.6434198287,3872884.0949547994 3774647.935902795,3872887.977426805 3774656.3988644113,3872892.441931017 3774667.457718935,3872924.378406083 3774660.554548215,3872920.8441859917 3774650.123711326,3872916.634790861 3774640.1879198723)))",1,GovMap,https://www.govmap.gov.il/api/real-estate/street-deals/6213-336?limit=100&offset=0&dealType=2&startDate=2021-01&endDate=2026-08,2026-08-22 13:43:02.155514+00:00
1785415,5000,תל אביב -יפו,,,,,608,3800000,6055220000,קרקע,קרקע למגורים,,הצפון החדש סביבת כיכר המדינה,2021-03-02T00:00:00.000Z,6213,336,4,6213-336,"MULTIPOLYGON(((3872916.634790861 3774640.1879198723,3872912.7995037483 3774632.6434198287,3872884.0949547994 3774647.935902795,3872887.977426805 3774656.3988644113,3872892.441931017 3774667.457718935,3872924.378406083 3774660.554548215,3872920.8441859917 3774650.123711326,3872916.634790861 3774640.1879198723)))",1,GovMap,https://www.govmap.gov.il/api/real-estate/street-deals/6213-336?limit=100&offset=0&dealType=2&startDate=2021-01&endDate=2026-08,2026-08-22 13:43:02.155514+00:00
1627396,5000,תל אביב-יפו,50000456.0,ז'בוטינסקי,146.0,שישית,79,4700000,6304065300,דירה,דירה בבית קומות,3.0,הצפון החדש סביבת כיכר המדינה,2026-03-15T00:00:00.000Z,6108,279,21,73096893,"MULTIPOLYGON(((3873155.2328996123 3774575.723268441,3873161.0729411603 3774598.7872333727,3873180.465419424 3774593.8290997935,3873174.625225108 3774570.765152941,3873155.2328996123 3774575.723268441)))",1,GovMap,https://www.govmap.gov.il/api/real-estate/street-deals/73096893?limit=100&offset=0&dealType=2&startDate=2021-01&endDate=2026-08,2026-08-22 13:43:02.497558+00:00
1627397,5000,תל אביב-יפו,50000456.0,ז'בוטינסקי,146.0,ראשונה,64,3800000,6259592900,דירה,דירה בבית קומות,3.0,הצפון החדש סביבת כיכר המדינה,2025-06-29T00:00:00.000Z,6108,279,22,73096893,"MULTIPOLYGON(((3873155.2328996123 3774575.723268441,3873161.0729411603 3774598.7872333727,3873180.465419424 3774593.8290997935,3873174.625225108 3774570.765152941,3873155.2328996123 3774575.723268441)))",1,GovMap,https://www.govmap.gov.il/api/real-estate/street-deals/73096893?limit=100&offset=0&dealType=2&startDate=2021-01&endDate=2026-08,2026-08-22 13:43:02.497558+00:00
1627392,5000,תל אביב-יפו,50000456.0,ז'בוטינסקי,146.0,שמינית,126,9750000,6251165450,דירה,דירה בבית קומות,4.5,הצפון החדש סביבת כיכר המדינה,2024-12-24T00:00:00.000Z,6108,279,18,73096893,"MULTIPOLYGON(((3873155.2328996123 3774575.723268441,3873161.0729411603 3774598.7872333727,3873180.465419424 3774593.8290997935,3873174.625225108 3774570.765152941,3873155.2328996123 3774575.723268441)))",1,GovMap,https://www.govmap.gov.il/api/real-estate/street-deals/73096893?limit=100&offset=0&dealType=2&startDate=2021-01&endDate=2026-08,2026-08-22 13:43:02.497558+00:00
1627398,5000,תל אביב-יפו,50000456.0,ז'בוטינסקי,146.0,שמינית,53,4300000,6213457150,דירה,דירה בבית קומות,2.0,הצפון החדש סביבת כיכר המדינה,2024-11-14T00:00:00.000Z,6108,279,23,73096893,"MULTIPOLYGON(((3873155.2328996123 3774575.723268441,3873161.0729411603 3774598.7872333727,3873180.465419424 3774593.8290997935,3873174.625225108 3774570.765152941,3873155.2328996123 3774575.723268441)))",1,GovMap,https://www.govmap.gov.il/api/real-estate/street-deals/73096893?limit=100&offset=0&dealType=2&startDate=2021-01&endDate=2026-08,2026-08-22 13:43:02.497558+00:00
1627390,5000,תל אביב-יפו,50000456.0,ז'בוטינסקי,146.0,ראשונה,75,4270000,6203186800,דירה,דירה בבית קומות,3.0,הצפון החדש סביבת כיכר המדינה,2024-03-18T00:00:00.000Z,6108,279,16,73096893,"MULTIPOLYGON(((3873155.2328996123 3774575.723268441,3873161.0729411603 3774598.7872333727,3873180.465419424 3774593.8290997935,3873174.625225108 3774570.765152941,3873155.2328996123 3774575.723268441)))",1,GovMap,https://www.govmap.gov.il/api/real-estate/street-deals/73096893?limit=100&offset=0&dealType=2&startDate=2021-01&endDate=2026-08,2026-08-22 13:43:02.497558+00:00
1627399,5000,תל אביב-יפו,50000456.0,ז'בוטינסקי,146.0,ראשונה,86,5200000,6203882600,דירה,דירה בבית קומות,3.0,הצפון החדש סביבת כיכר המדינה,2024-03-10T00:00:00.000Z,6108,279,24,73096893,"MULTIPOLYGON(((3873155.2328996123 3774575.723268441,3873161.0729411603 3774598.7872333727,3873180.465419424 3774593.8290997935,3873174.625225108 3774570.765152941,3873155.2328996123 3774575.723268441)))",1,GovMap,https://www.govmap.gov.il/api/real-estate/street-deals/73096893?limit=100&offset=0&dealType=2&startDate=2021-01&endDate=2026-08,2026-08-22 13:43:02.497558+00:00
1627400,5000,תל אביב-יפו,50000456.0,ז'בוטינסקי,146.0,שביעית,79,5350000,6202370800,דירה,דירה בבית קומות,3.0,הצפון החדש סביבת כיכר המדינה,2024-02-28T00:00:00.000Z,6108,279,25,73096893,"MULTIPOLYGON(((3873155.2328996123 3774575.723268441,3873161.0729411603 3774598.7872333727,3873180.465419424 3774593.8290997935,3873174.625225108 3774570.765152941,3873155.2328996123 3774575.723268441)))",1,GovMap,https://www.govmap.gov.il/api/real-estate/street-deals/73096893?limit=100&offset=0&dealType=2&startDate=2021-01&endDate=2026-08,2026-08-22 13:43:02.497558+00:00
1627387,5000,תל אביב-יפו,50000456.0,ז'בוטינסקי,146.0,שביעית,71,4800000,6108040350,דירה,דירה בבית קומות,3.0,הצפון החדש סביבת כיכר המדינה,2022-05-18T00:00:00.000Z,6108,279,13,73096893,"MULTIPOLYGON(((3873155.2328996123 3774575.723268441,3873161.0729411603 3774598.7872333727,3873180.465419424 3774593.8290997935,3873174.625225108 3774570.765152941,3873155.2328996123 3774575.723268441)))",1,GovMap,https://www.govmap.gov.il/api/real-estate/street-deals/73096893?limit=100&offset=0&dealType=2&startDate=2021-01&endDate=2026-08,2026-08-22 13:43:02.497558+00:00
1627405,5000,תל אביב-יפו,50000456.0,ז'בוטינסקי,146.0,רביעית,74,4300000,6069774350,דירה,דירה בבית קומות,3.0,הצפון החדש סביבת כיכר המדינה,2021-11-03T00:00:00.000Z,6108,279,3,73096893,"MULTIPOLYGON(((3873155.2328996123 3774575.723268441,3873161.0729411603 3774598.7872333727,3873180.465419424 3774593.8290997935,3873174.625225108 3774570.765152941,3873155.2328996123 3774575.723268441)))",1,GovMap,https://www.govmap.gov.il/api/real-estate/street-deals/73096893?limit=100&offset=0&dealType=2&startDate=2021-01&endDate=2026-08,2026-08-22 13:43:02.497558+00:00
1627401,5000,תל אביב-יפו,50000456.0,ז'בוטינסקי,146.0,שניה,80,5423000,6069246850,דירה,דירה בבית קומות,3.0,הצפון החדש סביבת כיכר המדינה,2021-11-02T00:00:00.000Z,6108,279,26,73096893,"MULTIPOLYGON(((3873155.2328996123 3774575.723268441,3873161.0729411603 3774598.7872333727,3873180.465419424 3774593.8290997935,3873174.625225108 3774570.765152941,3873155.2328996123 3774575.723268441)))",1,GovMap,https://www.govmap.gov.il/api/real-estate/street-deals/73096893?limit=100&offset=0&dealType=2&startDate=2021-01&endDate=2026-08,2026-08-22 13:43:02.497558+00:00
1627924,5000,תל אביב-יפו,50000456.0,ז'בוטינסקי,144.0,שניה,91,5450000,6306124900,דירה,דירה בבית קומות,3.0,הצפון החדש סביבת כיכר המדינה,2026-05-06T00:00:00.000Z,6108,413,5,52321585,"MULTIPOLYGON(((3873147.137272622 3774583.211282256,3873130.496414286 3774587.1522876774,3873135.1373098516 3774607.087362717,3873151.7778795785 3774603.2292828048,3873147.137272622 3774583.211282256)))",2,GovMap,https://www.govmap.gov.il/api/real-estate/street-deals/73096893?limit=100&offset=0&dealType=2&startDate=2021-01&endDate=2026-08,2026-08-22 13:43:02.497558+00:00
1787667,5000,תל אביב-יפו,50000456.0,ז'בוטינסקי,101.0,ראשונה,109,6500000,6305176100,דירה,דירה בבית קומות,5.0,הצפון החדש סביבת כיכר המדינה,2026-04-16T00:00:00.000Z,6213,948,7,52380956,"MULTIPOLYGON(((3872249.86984545 3774842.185548636,3872229.6794310138 3774846.0285694427,3872233.7216034676 3774867.9645053265,3872253.91150333 3774864.263653731,3872249.86984545 3774842.185548636)))",2,GovMap,https://www.govmap.gov.il/api/real-estate/street-deals/73096893?limit=100&offset=0&dealType=2&startDate=2021-01&endDate=2026-08,2026-08-22 13:43:02.497558+00:00
1787279,5000,תל אביב-יפו,50000456.0,ז'בוטינסקי,111.0,ראשונה,41,2440000,6303575650,דירה,דירה בבית קומות,2.0,הצפון החדש סביבת כיכר המדינה,2026-03-12T00:00:00.000Z,6213,863,4,52237976,"MULTIPOLYGON(((3872417.694185361 3774807.151807677,3872399.614871111 3774810.920382827,3872404.948466168 3774837.4585252744,3872423.003687585 3774833.8320247056,3872417.694185361 3774807.151807677)))",2,GovMap,https://www.govmap.gov.il/api/real-estate/street-deals/73096893?limit=100&offset=0&dealType=2&startDate=2021-01&endDate=2026-08,2026-08-22 13:43:02.497558+00:00
1787658,5000,תל אביב-יפו,50000456.0,ז'בוטינסקי,101.0,,7,178000,6303879250,בנין,מחסנים,,הצפון החדש סביבת כיכר המדינה,2026-02-19T00:00:00.000Z,6213,948,0,52380956,"MULTIPOLYGON(((3872249.86984545 3774842.185548636,3872229.6794310138 3774846.0285694427,3872233.7216034676 3774867.9645053265,3872253.91150333 3774864.263653731,3872249.86984545 3774842.185548636)))",2,GovMap,https://www.govmap.gov.il/api/real-estate/street-deals/73096893?limit=100&offset=0&dealType=2&startDate=2021-01&endDate=2026-08,2026-08-22 13:43:02.497558+00:00
1787377,5000,תל אביב-יפו,50000456.0,ז'בוטינסקי,117.0,רביעית,98,6189000,6303318600,דירה,דירה בבית קומות,4.0,הצפון החדש סביבת כיכר המדינה,2026-02-17T00:00:00.000Z,6213,884,11,52308575,"MULTIPOLYGON(((3872582.647024043 3774776.5360585507,3872555.742481222 3774784.7257165257,3872560.027623923 3774798.8185574976,3872586.8378639305 3774790.628514792,3872582.647024043 3774776.5360585507)))",2,GovMap,https://www.govmap.gov.il/api/real-estate/street-deals/73096893?limit=100&offset=0&dealType=2&startDate=2021-01&endDate=2026-08,2026-08-22 13:43:02.497558+00:00
1787138,5000,תל אביב-יפו,50000456.0,ז'בוטינסקי,107.0,שמינית,218,17552000,6303187950,דירה,דירה בבית קומות,8.0,הצפון החדש סביבת כיכר המדינה,2026-02-12T00:00:00.000Z,6213,847,11,52299107,"MULTIPOLYGON(((3872338.489394639 3774825.5759708304,3872317.249044197 3774829.5572246667,3872319.2097833925 3774840.904081856,3872329.723183006 3774839.084845735,3872330.299575671 3774842.4995215903,3872323.9158035116 3774843.659492039,3872325.0692271213 3774850.3229682385,3872341.5893088332 3774847.283034483,3872340.097049409 3774836.7555622477,3872338.489394639 3774825.5759708304)))",2,GovMap,https://www.govmap.gov.il/api/real-estate/street-deals/73096893?limit=100&offset=0&dealType=2&startDate=2021-01&endDate=2026-08,2026-08-22 13:43:02.497558+00:00
1789517,5000,תל אביב-יפו,50000456.0,ז'בוטינסקי,71.0,שניה,36,2640000,6300663350,דירה,דירה בבית קומות,2.0,הצפון הישן-החלק הצפוני,2025-12-30T00:00:00.000Z,6214,481,7,52360113,"MULTIPOLYGON(((3871824.0927762548 3774930.7070958093,3871803.193387236 3774934.8546954244,3871806.1990246675 3774950.26999501,3871818.129572449 3774947.9472845607,3871819.285594504 3774953.876248728,3871828.3487984715 3774952.0517195035,3871824.0927762548 3774930.7070958093)))",2,GovMap,https://www.govmap.gov.il/api/real-estate/street-deals/73096893?limit=100&offset=0&dealType=2&startDate=2021-01&endDate=2026-08,2026-08-22 13:43:02.497558+00:00
1782617,5000,תל אביב-יפו,50000456.0,ז'בוטינסקי,135.0,,103,8200000,6300685250,דירה,דירה בבית קומות,4.0,הצפון החדש סביבת כיכר המדינה,2025-12-25T00:00:00.000Z,6213,1162,12,52300574,"MULTIPOLYGON(((3873048.920187421 3774674.8026344124,3873029.683364587 3774679.183804254,3873033.742177204 3774697.114423509,3873015.0951970434 3774701.4149033795,3873021.009593848 3774727.50452525,3873040.719233802 3774722.840802142,3873036.078451941 3774702.90550211,3873054.3711458845 3774698.745811503,3873048.920187421 3774674.8026344124)))",2,GovMap,https://www.govmap.gov.il/api/real-estate/street-deals/73096893?limit=100&offset=0&dealType=2&startDate=2021-01&endDate=2026-08,2026-08-22 13:43:02.497558+00:00
1787278,5000,תל אביב-יפו,50000456.0,ז'בוטינסקי,111.0,ראשונה,60,3028000,6267047150,דירה,דירה בבית קומות,2.5,הצפון החדש סביבת כיכר המדינה,2025-12-12T00:00:00.000Z,6213,863,3,52237976,"MULTIPOLYGON(((3872417.694185361 3774807.151807677,3872399.614871111 3774810.920382827,3872404.948466168 3774837.4585252744,3872423.003687585 3774833.8320247056,3872417.694185361 3774807.151807677)))",2,GovMap,https://www.govmap.gov.il/api/real-estate/street-deals/73096893?limit=100&offset=0&dealType=2&startDate=2021-01&endDate=2026-08,2026-08-22 13:43:02.497558+00:00
1787552,5000,תל אביב-יפו,50000456.0,ז'בוטינסקי,133.0,שמינית,283,22006000,6267120500,דירה,דירה בבית קומות,5.0,הצפון החדש סביבת כיכר המדינה,2025-11-30T00:00:00.000Z,6213,924,9,52300754,"MULTIPOLYGON(((3873008.383458633 3774698.936454021,3872986.6710600387 3774700.037840972,3872988.2213794473 3774729.5230909763,3873009.933831019 3774728.4216990634,3873008.383458633 3774698.936454021)))",2,GovMap,https://www.govmap.gov.il/api/real-estate/street-deals/73096893?limit=100&offset=0&dealType=2&startDate=2021-01&endDate=2026-08,2026-08-22 13:43:02.497558+00:00
1787272,5000,תל אביב-יפו,50000456.0,ז'בוטינסקי,111.0,ראשונה,54,4056000,6265896650,דירה,דירת גן,3.0,הצפון החדש סביבת כיכר המדינה,2025-11-24T00:00:00.000Z,6213,863,1,52237976,"MULTIPOLYGON(((3872417.694185361 3774807.151807677,3872399.614871111 3774810.920382827,3872404.948466168 3774837.4585252744,3872423.003687585 3774833.8320247056,3872417.694185361 3774807.151807677)))",2,GovMap,https://www.govmap.gov.il/api/real-estate/street-deals/73096893?limit=100&offset=0&dealType=2&startDate=2021-01&endDate=2026-08,2026-08-22 13:43:02.497558+00:00
1787282,5000,תל אביב-יפו,50000456.0,ז'בוטינסקי,111.0,שניה,41,2592000,6265895850,דירה,דירה בבית קומות,2.0,הצפון החדש סביבת כיכר המדינה,2025-11-24T00:00:00.000Z,6213,863,8,52237976,"MULTIPOLYGON(((3872417.694185361 3774807.151807677,3872399.614871111 3774810.920382827,3872404.948466168 3774837.4585252744,3872423.003687585 3774833.8320247056,3872417.694185361 3774807.151807677)))",2,GovMap,https://www.govmap.gov.il/api/real-estate/street-deals/73096893?limit=100&offset=0&dealType=2&startDate=2021-01&endDate=2026-08,2026-08-22 13:43:02.497558+00:00
1627926,5000,תל אביב-יפו,50000456.0,ז'בוטינסקי,144.0,שלישית,62,3870000,6266714600,דירה,דירה בבית קומות,3.0,הצפון החדש סביבת כיכר המדינה,2025-11-20T00:00:00.000Z,6108,413,7,52321585,"MULTIPOLYGON(((3873147.137272622 3774583.211282256,3873130.496414286 3774587.1522876774,3873135.1373098516 3774607.087362717,3873151.7778795785 3774603.2292828048,3873147.137272622 3774583.211282256)))",2,GovMap,https://www.govmap.gov.il/api/real-estate/street-deals/73096893?limit=100&offset=0&dealType=2&startDate=2021-01&endDate=2026-08,2026-08-22 13:43:02.497558+00:00
1782559,5000,תל אביב-יפו,50000456.0,ז'בוטינסקי,138.0,מרתף,40,2288000,6265499850,דירה,דירה בבית קומות,2.0,הצפון החדש סביבת כיכר המדינה,2025-11-12T00:00:00.000Z,6213,1153,1,52306133,"MULTIPOLYGON(((3873029.908036495 3774592.240285985,3873018.107225264 3774594.706822336,3873025.6376885576 3774629.9139208696,3873075.8981762663 3774619.2181409164,3873073.4771239045 3774607.8106012377,3873034.8757946566 3774616.0985135287,3873029.908036495 3774592.240285985)))",2,GovMap,https://www.govmap.gov.il/api/real-estate/street-deals/73096893?limit=100&offset=0&dealType=2&startDate=2021-01&endDate=2026-08,2026-08-22 13:43:02.497558+00:00
1787139,5000,תל אביב-יפו,50000456.0,ז'בוטינסקי,107.0,שישית,99,6612000,6264524700,דירה,דירה בבית קומות,4.0,הצפון החדש סביבת כיכר המדינה,2025-11-09T00:00:00.000Z,6213,847,12,52299107,"MULTIPOLYGON(((3872338.489394639 3774825.5759708304,3872317.249044197 3774829.5572246667,3872319.2097833925 3774840.904081856,3872329.723183006 3774839.084845735,3872330.299575671 3774842.4995215903,3872323.9158035116 3774843.659492039,3872325.0692271213 3774850.3229682385,3872341.5893088332 3774847.283034483,3872340.097049409 3774836.7555622477,3872338.489394639 3774825.5759708304)))",2,GovMap,https://www.govmap.gov.il/api/real-estate/street-deals/73096893?limit=100&offset=0&dealType=2&startDate=2021-01&endDate=2026-08,2026-08-22 13:43:02.497558+00:00
1628100,5000,תל אביב-יפו,50000456.0,ז'בוטינסקי,148.0,שלישית,40,2550000,6264563900,דירה,דירה בבית קומות,2.0,הצפון החדש סביבת כיכר המדינה,2025-11-06T00:00:00.000Z,6108,542,10,52307592,"MULTIPOLYGON(((3873202.831829866 3774572.903130294,3873184.5416224636 3774576.4705934078,3873188.0138551183 3774593.664159147,3873206.3046265272 3774589.954506367,3873202.831829866 3774572.903130294)))",2,GovMap,https://www.govmap.gov.il/api/real-estate/street-deals/73096893?limit=100&offset=0&dealType=2&startDate=2021-01&endDate=2026-08,2026-08-22 13:43:02.497558+00:00
1789225,5000,תל אביב-יפו,50000456.0,ז'בוטינסקי,57.0,,78,3900000,6264265200,קרקע,מגורים,0.0,הצפון הישן-החלק הצפוני,2025-10-21T00:00:00.000Z,6214,387,1,52310589,"MULTIPOLYGON(((3871619.803709452 3774972.046103147,3871605.182616585 3774974.8674623054,3871610.4868560336 3775002.448889694,3871625.131889731 3774999.544670644,3871619.803709452 3774972.046103147)))",2,GovMap,https://www.govmap.gov.il/api/real-estate/street-deals/73096893?limit=100&offset=0&dealType=2&startDate=2021-01&endDate=2026-08,2026-08-22 13:43:02.497558+00:00
1784686,5000,תל אביב-יפו,50000456.0,ז'בוטינסקי,89.0,שביעית,88,5500000,6263795450,דירה,דירה בבית קומות,3.0,הצפון החדש סביבת כיכר המדינה,2025-10-09T00:00:00.000Z,6213,1506,2,6213-1506,"MULTIPOLYGON(((3872098.605787987 3774905.2142058336,3872090.7901179427 3774869.1041208194,3872090.7898816518 3774869.1042383807,3872072.9840201875 3774872.9439092777,3872080.4763915096 3774908.1221467336,3872090.9323789435 3774906.444952894,3872098.605787987 3774905.2142058336)))",2,GovMap,https://www.govmap.gov.il/api/real-estate/street-deals/73096893?limit=100&offset=0&dealType=2&startDate=2021-01&endDate=2026-08,2026-08-22 13:43:02.497558+00:00
1627936,5000,תל אביב-יפו,50000456.0,ז'בוטינסקי,154.0,ראשונה,37,2356000,6263345400,דירה,דירה בבית קומות,3.0,הצפון החדש סביבת כיכר המדינה,2025-09-28T00:00:00.000Z,6108,431,4,52319147,"MULTIPOLYGON(((3873313.642806916 3774552.3075616998,3873281.533173296 3774558.9859326812,3873284.1963809207 3774571.8872154974,3873316.293718744 3774565.350964885,3873313.642806916 3774552.3075616998)))",2,GovMap,https://www.govmap.gov.il/api/real-estate/street-deals/73096893?limit=100&offset=0&dealType=2&startDate=2021-01&endDate=2026-08,2026-08-22 13:43:02.497558+00:00
1787140,5000,תל אביב-יפו,50000456.0,ז'בוטינסקי,107.0,שישית,99,6657000,6263202200,דירה,דירה בבית קומות,4.0,הצפון החדש סביבת כיכר המדינה,2025-09-17T00:00:00.000Z,6213,847,13,52299107,"MULTIPOLYGON(((3872338.489394639 3774825.5759708304,3872317.249044197 3774829.5572246667,3872319.2097833925 3774840.904081856,3872329.723183006 3774839.084845735,3872330.299575671 3774842.4995215903,3872323.9158035116 3774843.659492039,3872325.0692271213 3774850.3229682385,3872341.5893088332 3774847.283034483,3872340.097049409 3774836.7555622477,3872338.489394639 3774825.5759708304)))",2,GovMap,https://www.govmap.gov.il/api/real-estate/street-deals/73096893?limit=100&offset=0&dealType=2&startDate=2021-01&endDate=2026-08,2026-08-22 13:43:02.497558+00:00
1627989,5000,תל אביב-יפו,50000456.0,ז'בוטינסקי,155.0,ראשונה,63,2985000,6262664700,דירה,דירה בבית קומות,2.0,הצפון החדש סביבת כיכר המדינה,2025-09-16T00:00:00.000Z,6108,462,1,52347607,"MULTIPOLYGON(((3873364.95697207 3774602.7763636317,3873349.514101355 3774604.862037071,3873352.383584301 3774625.607847869,3873367.8270181133 3774623.3799874443,3873364.95697207 3774602.7763636317)))",2,GovMap,https://www.govmap.gov.il/api/real-estate/street-deals/73096893?limit=100&offset=0&dealType=2&startDate=2021-01&endDate=2026-08,2026-08-22 13:43:02.497558+00:00
1789554,5000,תל אביב-יפו,50000456.0,ז'בוטינסקי,77.0,שניה,81,4990000,6262820600,דירה,דירה בבית קומות,3.0,הצפון הישן-החלק הצפוני,2025-09-04T00:00:00.000Z,6214,484,4,52333530,"MULTIPOLYGON(((3871897.3712911434 3774914.4074930516,3871883.799454647 3774917.3162525855,3871889.3559974744 3774943.8557282584,3871902.927862613 3774940.9469563635,3871897.3712911434 3774914.4074930516)))",2,GovMap,https://www.govmap.gov.il/api/real-estate/street-deals/73096893?limit=100&offset=0&dealType=2&startDate=2021-01&endDate=2026-08,2026-08-22 13:43:02.497558+00:00
1785442,5000,תל אביב-יפו,50000456.0,ז'בוטינסקי,134.0,שניה,92,6000000,6262496900,דירה,דירה בבית קומות,4.0,הצפון החדש סביבת כיכר המדינה,2025-08-28T00:00:00.000Z,6213,345,7,52321625,"MULTIPOLYGON(((3872986.2330270126 3774604.5133247157,3872969.2277331715 3774608.1446499783,3872971.6480549118 3774619.718086641,3872976.6161546395 3774618.6945276232,3872977.531328255 3774622.987203407,3872971.878790812 3774624.1503125182,3872975.2373331804 3774640.1587166833,3872991.7586860172 3774636.66769509,3872988.283292699 3774620.374486806,3872982.383140585 3774621.536648553,3872981.223778202 3774616.3425490814,3872988.4223667327 3774614.818077784,3872986.2330270126 3774604.5133247157)))",2,GovMap,https://www.govmap.gov.il/api/real-estate/street-deals/73096893?limit=100&offset=0&dealType=2&startDate=2021-01&endDate=2026-08,2026-08-22 13:43:02.497558+00:00
1789857,5000,תל אביב-יפו,50000456.0,ז'בוטינסקי,86.0,שלישית,84,3740000,6262935350,דירה,דירה בבית קומות,3.0,הצפון הישן-החלק הצפוני,2025-08-27T00:00:00.000Z,6214,529,11,52238576,"MULTIPOLYGON(((3871925.737256459 3774836.9928265456,3871895.651945921 3774841.246599008,3871897.256558579 3774853.101626753,3871915.6613986692 3774850.579195965,3871918.6558647505 3774871.9186835503,3871913.216792082 3774872.714843377,3871911.828164389 3774862.9223267674,3871900.277909977 3774864.511991018,3871903.376166279 3774886.444352695,3871927.4565177388 3774882.984486669,3871926.5155584496 3774876.32179141,3871931.128671996 3774875.664561062,3871925.737256459 3774836.9928265456)))",2,GovMap,https://www.govmap.gov.il/api/real-estate/street-deals/73096893?limit=100&offset=0&dealType=2&startDate=2021-01&endDate=2026-08,2026-08-22 13:43:02.497558+00:00
1783501,5000,תל אביב-יפו,50000456.0,ז'בוטינסקי,95.0,שישית,86,5130000,6260799400,דירה,דירה בבית קומות,4.0,הצפון החדש סביבת כיכר המדינה,2025-07-20T00:00:00.000Z,6213,1399,23,52285573,"MULTIPOLYGON(((3872170.6504795486 3774864.246151562,3872141.5203664787 3774871.525718421,3872148.1142397793 3774898.2941661375,3872170.433029726 3774892.9666539994,3872167.183898131 3774879.4108154126,3872174.029317849 3774877.8024799274,3872170.6504795486 3774864.246151562)))",2,GovMap,https://www.govmap.gov.il/api/real-estate/street-deals/73096893?limit=100&offset=0&dealType=2&startDate=2021-01&endDate=2026-08,2026-08-22 13:43:02.497558+00:00
1782849,5000,תל אביב-יפו,50000456.0,ז'בוטינסקי,114.0,שלישית,64,2880000,6260057600,דירה,דירה בבית קומות,2.5,הצפון החדש סביבת כיכר המדינה,2025-06-30T00:00:00.000Z,6213,1246,10,52350253,"MULTIPOLYGON(((3872487.447384109 3774726.034869657,3872470.462757315 3774730.3409698997,3872475.897036398 3774752.1990907644,3872492.90527497 3774747.893067012,3872487.447384109 3774726.034869657)))",2,GovMap,https://www.govmap.gov.il/api/real-estate/street-deals/73096893?limit=100&offset=0&dealType=2&startDate=2021-01&endDate=2026-08,2026-08-22 13:43:02.497558+00:00
1788627,5000,תל אביב-יפו,50000456.0,ז'בוטינסקי,50.0,שניה,90,4650000,6256857900,דירה,דירה בבית קומות,3.0,הצפון הישן-החלק הצפוני,2025-05-06T00:00:00.000Z,6214,281,3,52285572,"MULTIPOLYGON(((3871494.281702499 3774956.654419586,3871470.911052365 3774962.486014886,3871473.4643703047 3774972.87572854,3871496.835039433 3774967.0441234643,3871494.281702499 3774956.654419586)))",2,GovMap,https://www.govmap.gov.il/api/real-estate/street-deals/73096893?limit=100&offset=0&dealType=2&startDate=2021-01&endDate=2026-08,2026-08-22 13:43:02.497558+00:00
1788624,5000,תל אביב-יפו,50000456.0,ז'בוטינסקי,50.0,מרתף,20,250000,6257640050,בנין,מחסנים,,הצפון הישן-החלק הצפוני,2025-05-06T00:00:00.000Z,6214,281,1,52285572,"MULTIPOLYGON(((3871494.281702499 3774956.654419586,3871470.911052365 3774962.486014886,3871473.4643703047 3774972.87572854,3871496.835039433 3774967.0441234643,3871494.281702499 3774956.654419586)))",2,GovMap,https://www.govmap.gov.il/api/real-estate/street-deals/73096893?limit=100&offset=0&dealType=2&startDate=2021-01&endDate=2026-08,2026-08-22 13:43:02.497558+00:00
1789555,5000,תל אביב-יפו,50000456.0,ז'בוטינסקי,77.0,חמישית,78,4990000,6257375600,דירה,דירה בבית קומות,3.5,הצפון הישן-החלק הצפוני,2025-05-05T00:00:00.000Z,6214,484,5,52333530,"MULTIPOLYGON(((3871897.3712911434 3774914.4074930516,3871883.799454647 3774917.3162525855,3871889.3559974744 3774943.8557282584,3871902.927862613 3774940.9469563635,3871897.3712911434 3774914.4074930516)))",2,GovMap,https://www.govmap.gov.il/api/real-estate/street-deals/73096893?limit=100&offset=0&dealType=2&startDate=2021-01&endDate=2026-08,2026-08-22 13:43:02.497558+00:00
1782621,5000,תל אביב-יפו,50000456.0,ז'בוטינסקי,135.0,שניה,62,960000,6257309550,דירה,דירה בבית קומות,3.0,הצפון החדש סביבת כיכר המדינה,2025-04-10T00:00:00.000Z,6213,1162,13,52300574,"MULTIPOLYGON(((3873048.920187421 3774674.8026344124,3873029.683364587 3774679.183804254,3873033.742177204 3774697.114423509,3873015.0951970434 3774701.4149033795,3873021.009593848 3774727.50452525,3873040.719233802 3774722.840802142,3873036.078451941 3774702.90550211,3873054.3711458845 3774698.745811503,3873048.920187421 3774674.8026344124)))",2,GovMap,https://www.govmap.gov.il/api/real-estate/street-deals/73096893?limit=100&offset=0&dealType=2&startDate=2021-01&endDate=2026-08,2026-08-22 13:43:02.497558+00:00
1782620,5000,תל אביב-יפו,50000456.0,ז'בוטינסקי,135.0,שניה,62,480000,6257311650,דירה,דירה בבית קומות,3.0,הצפון החדש סביבת כיכר המדינה,2025-04-10T00:00:00.000Z,6213,1162,13,52300574,"MULTIPOLYGON(((3873048.920187421 3774674.8026344124,3873029.683364587 3774679.183804254,3873033.742177204 3774697.114423509,3873015.0951970434 3774701.4149033795,3873021.009593848 3774727.50452525,3873040.719233802 3774722.840802142,3873036.078451941 3774702.90550211,3873054.3711458845 3774698.745811503,3873048.920187421 3774674.8026344124)))",2,GovMap,https://www.govmap.gov.il/api/real-estate/street-deals/73096893?limit=100&offset=0&dealType=2&startDate=2021-01&endDate=2026-08,2026-08-22 13:43:02.497558+00:00
1782619,5000,תל אביב-יפו,50000456.0,ז'בוטינסקי,135.0,שניה,62,168000,6257310850,דירה,דירה בבית קומות,3.0,הצפון החדש סביבת כיכר המדינה,2025-04-10T00:00:00.000Z,6213,1162,13,52300574,"MULTIPOLYGON(((3873048.920187421 3774674.8026344124,3873029.683364587 3774679.183804254,3873033.742177204 3774697.114423509,3873015.0951970434 3774701.4149033795,3873021.009593848 3774727.50452525,3873040.719233802 3774722.840802142,3873036.078451941 3774702.90550211,3873054.3711458845 3774698.745811503,3873048.920187421 3774674.8026344124)))",2,GovMap,https://www.govmap.gov.il/api/real-estate/street-deals/73096893?limit=100&offset=0&dealType=2&startDate=2021-01&endDate=2026-08,2026-08-22 13:43:02.497558+00:00
1782618,5000,תל אביב-יפו,50000456.0,ז'בוטינסקי,135.0,שניה,115,282000,6257307100,דירה,דירה בבית קומות,4.0,הצפון החדש סביבת כיכר המדינה,2025-04-10T00:00:00.000Z,6213,1162,13,52300574,"MULTIPOLYGON(((3873048.920187421 3774674.8026344124,3873029.683364587 3774679.183804254,3873033.742177204 3774697.114423509,3873015.0951970434 3774701.4149033795,3873021.009593848 3774727.50452525,3873040.719233802 3774722.840802142,3873036.078451941 3774702.90550211,3873054.3711458845 3774698.745811503,3873048.920187421 3774674.8026344124)))",2,GovMap,https://www.govmap.gov.il/api/real-estate/street-deals/73096893?limit=100&offset=0&dealType=2&startDate=2021-01&endDate=2026-08,2026-08-22 13:43:02.497558+00:00
1782615,5000,תל אביב-יפו,50000456.0,ז'בוטינסקי,135.0,,1,199000,6257207700,קרקע,קומבינציה,,הצפון החדש סביבת כיכר המדינה,2025-04-10T00:00:00.000Z,6213,1162,10,52300574,"MULTIPOLYGON(((3873048.920187421 3774674.8026344124,3873029.683364587 3774679.183804254,3873033.742177204 3774697.114423509,3873015.0951970434 3774701.4149033795,3873021.009593848 3774727.50452525,3873040.719233802 3774722.840802142,3873036.078451941 3774702.90550211,3873054.3711458845 3774698.745811503,3873048.920187421 3774674.8026344124)))",2,GovMap,https://www.govmap.gov.il/api/real-estate/street-deals/73096893?limit=100&offset=0&dealType=2&startDate=2021-01&endDate=2026-08,2026-08-22 13:43:02.497558+00:00
1787550,5000,תל אביב-יפו,50000456.0,ז'בוטינסקי,133.0,,1,207000,6257190900,קרקע,קומבינציה,,הצפון החדש סביבת כיכר המדינה,2025-04-10T00:00:00.000Z,6213,924,7,52300754,"MULTIPOLYGON(((3873008.383458633 3774698.936454021,3872986.6710600387 3774700.037840972,3872988.2213794473 3774729.5230909763,3873009.933831019 3774728.4216990634,3873008.383458633 3774698.936454021)))",2,GovMap,https://www.govmap.gov.il/api/real-estate/street-deals/73096893?limit=100&offset=0&dealType=2&startDate=2021-01&endDate=2026-08,2026-08-22 13:43:02.497558+00:00
1787161,5000,תל אביב-יפו,50000456.0,ז'בוטינסקי,107.0,ראשונה,8,201000,6256695000,בנין,מחסנים,,הצפון החדש סביבת כיכר המדינה,2025-04-07T00:00:00.000Z,6213,847,8,52299107,"MULTIPOLYGON(((3872338.489394639 3774825.5759708304,3872317.249044197 3774829.5572246667,3872319.2097833925 3774840.904081856,3872329.723183006 3774839.084845735,3872330.299575671 3774842.4995215903,3872323.9158035116 3774843.659492039,3872325.0692271213 3774850.3229682385,3872341.5893088332 3774847.283034483,3872340.097049409 3774836.7555622477,3872338.489394639 3774825.5759708304)))",2,GovMap,https://www.govmap.gov.il/api/real-estate/street-deals/73096893?limit=100&offset=0&dealType=2&startDate=2021-01&endDate=2026-08,2026-08-22 13:43:02.497558+00:00
2155150,5000,תל אביב-יפו,50000456.0,ז'בוטינסקי,29.0,שלישית,49,1770000,6256594800,דירה,דירה בבית קומות,2.0,הצפון הישן-החלק הצפוני,2025-04-02T00:00:00.000Z,6956,153,7,52367754,"MULTIPOLYGON(((3871291.057515468 3775029.5338022034,3871267.9185829097 3775033.3634955143,3871271.615886794 3775055.606779693,3871280.8075035727 3775054.150479988,3871279.078535433 3775044.0720160576,3871283.798666593 3775043.214022792,3871285.4218410444 3775053.2091210983,3871294.626041529 3775051.5514298077,3871291.057515468 3775029.5338022034)))",2,GovMap,https://www.govmap.gov.il/api/real-estate/street-deals/73096893?limit=100&offset=0&dealType=2&startDate=2021-01&endDate=2026-08,2026-08-22 13:43:02.497558+00:00
1787141,5000,תל אביב-יפו,50000456.0,ז'בוטינסקי,107.0,רביעית,98,6356000,6256463500,דירה,דירה בבית קומות,3.0,הצפון החדש סביבת כיכר המדינה,2025-03-31T00:00:00.000Z,6213,847,14,52299107,"MULTIPOLYGON(((3872338.489394639 3774825.5759708304,3872317.249044197 3774829.5572246667,3872319.2097833925 3774840.904081856,3872329.723183006 3774839.084845735,3872330.299575671 3774842.4995215903,3872323.9158035116 3774843.659492039,3872325.0692271213 3774850.3229682385,3872341.5893088332 3774847.283034483,3872340.097049409 3774836.7555622477,3872338.489394639 3774825.5759708304)))",2,GovMap,https://www.govmap.gov.il/api/real-estate/street-deals/73096893?limit=100&offset=0&dealType=2&startDate=2021-01&endDate=2026-08,2026-08-22 13:43:02.497558+00:00
1789539,5000,תל אביב-יפו,50000456.0,ז'בוטינסקי,75.0,שניה,64,2800000,6255349850,דירה,דירה בבית קומות,2.0,הצפון הישן-החלק הצפוני,2025-03-04T00:00:00.000Z,6214,483,4,52380009,"MULTIPOLYGON(((3871876.016388158 3774920.4729241882,3871863.2460423945 3774923.4677598216,3871869.1730277 3774948.740894686,3871881.9198157066 3774945.7459538905,3871876.016388158 3774920.4729241882)))",2,GovMap,https://www.govmap.gov.il/api/real-estate/street-deals/73096893?limit=100&offset=0&dealType=2&startDate=2021-01&endDate=2026-08,2026-08-22 13:43:02.497558+00:00
1782830,5000,תל אביב-יפו,50000456.0,ז'בוטינסקי,115.0,רביעית,81,4000000,6253978300,דירה,דירה בבית קומות,3.0,הצפון החדש סביבת כיכר המדינה,2025-02-24T00:00:00.000Z,6213,1204,11,52322086,"MULTIPOLYGON(((3872524.565389746 3774793.9414075655,3872488.577589794 3774800.0102765244,3872490.3072178634 3774810.171312811,3872502.34275859 3774808.0734771527,3872503.6082189116 3774816.289530171,3872515.289472658 3774814.332487935,3872513.675138919 3774804.8472739477,3872526.0644140244 3774802.750789486,3872524.565389746 3774793.9414075655)))",2,GovMap,https://www.govmap.gov.il/api/real-estate/street-deals/73096893?limit=100&offset=0&dealType=2&startDate=2021-01&endDate=2026-08,2026-08-22 13:43:02.497558+00:00
1628131,5000,תל אביב-יפו,50000456.0,ז'בוטינסקי,152.0,ראשונה,73,4865000,6254843350,דירה,דירה בבית קומות,3.0,הצפון החדש סביבת כיכר המדינה,2025-02-20T00:00:00.000Z,6108,568,1,52425168,"MULTIPOLYGON(((3873271.044007148 3774557.6188293057,3873238.5917630624 3774564.461656547,3873242.5293029943 3774583.351299306,3873274.982133918 3774576.3662718246,3873271.044007148 3774557.6188293057)))",2,GovMap,https://www.govmap.gov.il/api/real-estate/street-deals/73096893?limit=100&offset=0&dealType=2&startDate=2021-01&endDate=2026-08,2026-08-22 13:43:02.497558+00:00
2154590,5000,תל אביב-יפו,50000456.0,ז'בוטינסקי,40.0,חמישית,89,7050000,6253599250,דירה,דירה בבית קומות,4.0,הצפון הישן-החלק הצפוני,2025-02-03T00:00:00.000Z,6955,19,13,52354105,"MULTIPOLYGON(((3871385.040242656 3774969.253890921,3871376.1909857797 3774970.6286820495,3871377.457375345 3774978.418404996,3871370.0234309277 3774979.715883813,3871368.7693982287 3774971.784022519,3871360.616402944 3774973.0193881458,3871364.070114355 3774994.2781099165,3871388.494790003 3774990.3111722455,3871385.040242656 3774969.253890921)))",2,GovMap,https://www.govmap.gov.il/api/real-estate/street-deals/73096893?limit=100&offset=0&dealType=2&startDate=2021-01&endDate=2026-08,2026-08-22 13:43:02.497558+00:00
1787142,5000,תל אביב-יפו,50000456.0,ז'בוטינסקי,107.0,ראשונה,78,4818000,6253431750,דירה,דירה בבית קומות,3.0,הצפון החדש סביבת כיכר המדינה,2025-01-23T00:00:00.000Z,6213,847,15,52299107,"MULTIPOLYGON(((3872338.489394639 3774825.5759708304,3872317.249044197 3774829.5572246667,3872319.2097833925 3774840.904081856,3872329.723183006 3774839.084845735,3872330.299575671 3774842.4995215903,3872323.9158035116 3774843.659492039,3872325.0692271213 3774850.3229682385,3872341.5893088332 3774847.283034483,3872340.097049409 3774836.7555622477,3872338.489394639 3774825.5759708304)))",2,GovMap,https://www.govmap.gov.il/api/real-estate/street-deals/73096893?limit=100&offset=0&dealType=2&startDate=2021-01&endDate=2026-08,2026-08-22 13:43:02.497558+00:00
1782624,5000,תל אביב-יפו,50000456.0,ז'בוטינסקי,135.0,שלישית,116,7736500,6251727300,דירה,דירה בבית קומות,5.0,הצפון החדש סביבת כיכר המדינה,2024-12-23T00:00:00.000Z,6213,1162,18,52300574,"MULTIPOLYGON(((3873048.920187421 3774674.8026344124,3873029.683364587 3774679.183804254,3873033.742177204 3774697.114423509,3873015.0951970434 3774701.4149033795,3873021.009593848 3774727.50452525,3873040.719233802 3774722.840802142,3873036.078451941 3774702.90550211,3873054.3711458845 3774698.745811503,3873048.920187421 3774674.8026344124)))",2,GovMap,https://www.govmap.gov.il/api/real-estate/street-deals/73096893?limit=100&offset=0&dealType=2&startDate=2021-01&endDate=2026-08,2026-08-22 13:43:02.497558+00:00
1782622,5000,תל אביב-יפו,50000456.0,ז'בוטינסקי,135.0,שלישית,79,5531500,6251726000,דירה,דירה בבית קומות,3.0,הצפון החדש סביבת כיכר המדינה,2024-12-23T00:00:00.000Z,6213,1162,18,52300574,"MULTIPOLYGON(((3873048.920187421 3774674.8026344124,3873029.683364587 3774679.183804254,3873033.742177204 3774697.114423509,3873015.0951970434 3774701.4149033795,3873021.009593848 3774727.50452525,3873040.719233802 3774722.840802142,3873036.078451941 3774702.90550211,3873054.3711458845 3774698.745811503,3873048.920187421 3774674.8026344124)))",2,GovMap,https://www.govmap.gov.il/api/real-estate/street-deals/73096893?limit=100&offset=0&dealType=2&startDate=2021-01&endDate=2026-08,2026-08-22 13:43:02.497558+00:00
1782623,5000,תל אביב-יפו,50000456.0,ז'בוטינסקי,135.0,שלישית,79,5471500,6251720650,דירה,דירה בבית קומות,3.0,הצפון החדש סביבת כיכר המדינה,2024-12-23T00:00:00.000Z,6213,1162,18,52300574,"MULTIPOLYGON(((3873048.920187421 3774674.8026344124,3873029.683364587 3774679.183804254,3873033.742177204 3774697.114423509,3873015.0951970434 3774701.4149033795,3873021.009593848 3774727.50452525,3873040.719233802 3774722.840802142,3873036.078451941 3774702.90550211,3873054.3711458845 3774698.745811503,3873048.920187421 3774674.8026344124)))",2,GovMap,https://www.govmap.gov.il/api/real-estate/street-deals/73096893?limit=100&offset=0&dealType=2&startDate=2021-01&endDate=2026-08,2026-08-22 13:43:02.497558+00:00
1782625,5000,תל אביב-יפו,50000456.0,ז'בוטינסקי,135.0,שלישית,116,7706500,6251724800,דירה,דירה בבית קומות,5.0,הצפון החדש סביבת כיכר המדינה,2024-12-23T00:00:00.000Z,6213,1162,18,52300574,"MULTIPOLYGON(((3873048.920187421 3774674.8026344124,3873029.683364587 3774679.183804254,3873033.742177204 3774697.114423509,3873015.0951970434 3774701.4149033795,3873021.009593848 3774727.50452525,3873040.719233802 3774722.840802142,3873036.078451941 3774702.90550211,3873054.3711458845 3774698.745811503,3873048.920187421 3774674.8026344124)))",2,GovMap,https://www.govmap.gov.il/api/real-estate/street-deals/73096893?limit=100&offset=0&dealType=2&startDate=2021-01&endDate=2026-08,2026-08-22 13:43:02.497558+00:00
2154591,5000,תל אביב-יפו,50000456.0,ז'בוטינסקי,40.0,רביעית,61,4868000,6250615500,דירה,דירה בבית קומות,3.0,הצפון הישן-החלק הצפוני,2024-12-10T00:00:00.000Z,6955,19,14,52354105,"MULTIPOLYGON(((3871385.040242656 3774969.253890921,3871376.1909857797 3774970.6286820495,3871377.457375345 3774978.418404996,3871370.0234309277 3774979.715883813,3871368.7693982287 3774971.784022519,3871360.616402944 3774973.0193881458,3871364.070114355 3774994.2781099165,3871388.494790003 3774990.3111722455,3871385.040242656 3774969.253890921)))",2,GovMap,https://www.govmap.gov.il/api/real-estate/street-deals/73096893?limit=100&offset=0&dealType=2&startDate=2021-01&endDate=2026-08,2026-08-22 13:43:02.497558+00:00
1787536,5000,תל אביב-יפו,50000456.0,ז'בוטינסקי,133.0,ראשונה,82,5726000,6213462950,דירה,דירה בבית קומות,3.0,הצפון החדש סביבת כיכר המדינה,2024-11-07T00:00:00.000Z,6213,924,11,52300754,"MULTIPOLYGON(((3873008.383458633 3774698.936454021,3872986.6710600387 3774700.037840972,3872988.2213794473 3774729.5230909763,3873009.933831019 3774728.4216990634,3873008.383458633 3774698.936454021)))",2,GovMap,https://www.govmap.gov.il/api/real-estate/street-deals/73096893?limit=100&offset=0&dealType=2&startDate=2021-01&endDate=2026-08,2026-08-22 13:43:02.497558+00:00
1787143,5000,תל אביב-יפו,50000456.0,ז'בוטינסקי,107.0,ראשונה,53,3806000,6213539700,דירה,דירת גן,2.0,הצפון החדש סביבת כיכר המדינה,2024-10-31T00:00:00.000Z,6213,847,16,52299107,"MULTIPOLYGON(((3872338.489394639 3774825.5759708304,3872317.249044197 3774829.5572246667,3872319.2097833925 3774840.904081856,3872329.723183006 3774839.084845735,3872330.299575671 3774842.4995215903,3872323.9158035116 3774843.659492039,3872325.0692271213 3774850.3229682385,3872341.5893088332 3774847.283034483,3872340.097049409 3774836.7555622477,3872338.489394639 3774825.5759708304)))",2,GovMap,https://www.govmap.gov.il/api/real-estate/street-deals/73096893?limit=100&offset=0&dealType=2&startDate=2021-01&endDate=2026-08,2026-08-22 13:43:02.497558+00:00
1782680,5000,תל אביב-יפו,50000456.0,ז'בוטינסקי,99.0,שלישית,125,260000,6213445250,דירה,דירה בבית קומות,4.0,הצפון החדש סביבת כיכר המדינה,2024-10-27T00:00:00.000Z,6213,1170,7,53310879,"MULTIPOLYGON(((3872223.765015647 3774850.8278766517,3872201.4696799233 3774856.2148059485,3872203.4521564473 3774864.966919176,3872205.9188761148 3774864.3841296756,3872208.2399152825 3774874.01437869,3872225.9441170203 3774869.7114151237,3872225.0168515663 3774865.5607338357,3872219.953385532 3774866.8087531356,3872218.54955252 3774860.878900097,3872225.7492506756 3774859.1297377367,3872223.765015647 3774850.8278766517)))",2,GovMap,https://www.govmap.gov.il/api/real-estate/street-deals/73096893?limit=100&offset=0&dealType=2&startDate=2021-01&endDate=2026-08,2026-08-22 13:43:02.497558+00:00
1782681,5000,תל אביב-יפו,50000456.0,ז'בוטינסקי,99.0,שלישית,125,130000,6213445650,דירה,דירה בבית קומות,3.0,הצפון החדש סביבת כיכר המדינה,2024-10-27T00:00:00.000Z,6213,1170,8,53310879,"MULTIPOLYGON(((3872223.765015647 3774850.8278766517,3872201.4696799233 3774856.2148059485,3872203.4521564473 3774864.966919176,3872205.9188761148 3774864.3841296756,3872208.2399152825 3774874.01437869,3872225.9441170203 3774869.7114151237,3872225.0168515663 3774865.5607338357,3872219.953385532 3774866.8087531356,3872218.54955252 3774860.878900097,3872225.7492506756 3774859.1297377367,3872223.765015647 3774850.8278766517)))",2,GovMap,https://www.govmap.gov.il/api/real-estate/street-deals/73096893?limit=100&offset=0&dealType=2&startDate=2021-01&endDate=2026-08,2026-08-22 13:43:02.497558+00:00
1787537,5000,תל אביב-יפו,50000456.0,ז'בוטינסקי,133.0,ראשונה,133,8530000,6212980350,דירה,דירה בבית קומות,5.0,הצפון החדש סביבת כיכר המדינה,2024-10-15T00:00:00.000Z,6213,924,12,52300754,"MULTIPOLYGON(((3873008.383458633 3774698.936454021,3872986.6710600387 3774700.037840972,3872988.2213794473 3774729.5230909763,3873009.933831019 3774728.4216990634,3873008.383458633 3774698.936454021)))",2,GovMap,https://www.govmap.gov.il/api/real-estate/street-deals/73096893?limit=100&offset=0&dealType=2&startDate=2021-01&endDate=2026-08,2026-08-22 13:43:02.497558+00:00
1787538,5000,תל אביב-יפו,50000456.0,ז'בוטינסקי,133.0,ראשונה,131,8390000,6212979050,דירה,דירה בבית קומות,5.0,הצפון החדש סביבת כיכר המדינה,2024-10-15T00:00:00.000Z,6213,924,12,52300754,"MULTIPOLYGON(((3873008.383458633 3774698.936454021,3872986.6710600387 3774700.037840972,3872988.2213794473 3774729.5230909763,3873009.933831019 3774728.4216990634,3873008.383458633 3774698.936454021)))",2,GovMap,https://www.govmap.gov.il/api/real-estate/street-deals/73096893?limit=100&offset=0&dealType=2&startDate=2021-01&endDate=2026-08,2026-08-22 13:43:02.497558+00:00
1787085,5000,תל אביב-יפו,50000456.0,ז'בוטינסקי,105.0,קרקע,108,6200000,6212374750,דירה,דירה בבית קומות,4.0,הצפון החדש סביבת כיכר המדינה,2024-09-30T00:00:00.000Z,6213,840,3,52270173,"MULTIPOLYGON(((3872308.875906817 3774829.8326208093,3872289.1704015997 3774833.3103209506,3872293.2103881 3774855.8386419816,3872304.6558823376 3774853.880879491,3872303.2706699045 3774846.1738081267,3872311.5307115237 3774844.6538596055,3872308.875906817 3774829.8326208093)))",2,GovMap,https://www.govmap.gov.il/api/real-estate/street-deals/73096893?limit=100&offset=0&dealType=2&startDate=2021-01&endDate=2026-08,2026-08-22 13:43:02.497558+00:00
1782627,5000,תל אביב-יפו,50000456.0,ז'בוטינסקי,135.0,שלישית,123,133000,6211219750,דירה,דירה בבית קומות,4.0,הצפון החדש סביבת כיכר המדינה,2024-08-25T00:00:00.000Z,6213,1162,23,52300574,"MULTIPOLYGON(((3873048.920187421 3774674.8026344124,3873029.683364587 3774679.183804254,3873033.742177204 3774697.114423509,3873015.0951970434 3774701.4149033795,3873021.009593848 3774727.50452525,3873040.719233802 3774722.840802142,3873036.078451941 3774702.90550211,3873054.3711458845 3774698.745811503,3873048.920187421 3774674.8026344124)))",2,GovMap,https://www.govmap.gov.il/api/real-estate/street-deals/73096893?limit=100&offset=0&dealType=2&startDate=2021-01&endDate=2026-08,2026-08-22 13:43:02.497558+00:00
1787144,5000,תל אביב-יפו,50000456.0,ז'בוטינסקי,107.0,ראשונה,66,4800000,6210936800,דירה,דירה בבית קומות,3.0,הצפון החדש סביבת כיכר המדינה,2024-08-22T00:00:00.000Z,6213,847,17,52299107,"MULTIPOLYGON(((3872338.489394639 3774825.5759708304,3872317.249044197 3774829.5572246667,3872319.2097833925 3774840.904081856,3872329.723183006 3774839.084845735,3872330.299575671 3774842.4995215903,3872323.9158035116 3774843.659492039,3872325.0692271213 3774850.3229682385,3872341.5893088332 3774847.283034483,3872340.097049409 3774836.7555622477,3872338.489394639 3774825.5759708304)))",2,GovMap,https://www.govmap.gov.il/api/real-estate/street-deals/73096893?limit=100&offset=0&dealType=2&startDate=2021-01&endDate=2026-08,2026-08-22 13:43:02.497558+00:00
1628110,5000,תל אביב-יפו,50000456.0,ז'בוטינסקי,148.0,ראשונה,64,3750000,6209221250,דירה,דירה בבית קומות,3.0,הצפון החדש סביבת כיכר המדינה,2024-07-31T00:00:00.000Z,6108,542,3,52307592,"MULTIPOLYGON(((3873202.831829866 3774572.903130294,3873184.5416224636 3774576.4705934078,3873188.0138551183 3774593.664159147,3873206.3046265272 3774589.954506367,3873202.831829866 3774572.903130294)))",2,GovMap,https://www.govmap.gov.il/api/real-estate/street-deals/73096893?limit=100&offset=0&dealType=2&startDate=2021-01&endDate=2026-08,2026-08-22 13:43:02.497558+00:00
1790520,5000,תל אביב-יפו,50000456.0,ז'בוטינסקי,58.0,מרתף,22,950000,6209386250,בנין,משרד,,הצפון הישן-החלק הצפוני,2024-07-30T00:00:00.000Z,6214,72,1,52371928,"MULTIPOLYGON(((3871592.1554159834 3774926.093547823,3871579.882893345 3774928.414673007,3871584.155973049 3774951.3116386607,3871596.310276994 3774949.0729781576,3871592.1554159834 3774926.093547823)))",2,GovMap,https://www.govmap.gov.il/api/real-estate/street-deals/73096893?limit=100&offset=0&dealType=2&startDate=2021-01&endDate=2026-08,2026-08-22 13:43:02.497558+00:00
1787935,5000,תל אביב-יפו,50000456.0,ז'בוטינסקי,78.0,ראשונה,42,2250000,6207531600,דירה,דירה בבית קומות,1.0,הצפון הישן-החלק הצפוני,2024-06-19T00:00:00.000Z,6214,133,4,52395991,"MULTIPOLYGON(((3871806.701316788 3774882.058563961,3871795.492429736 3774883.791660573,3871799.2887340602 3774908.0965903844,3871810.3797277915 3774906.363021931,3871806.701316788 3774882.058563961)))",2,GovMap,https://www.govmap.gov.il/api/real-estate/street-deals/73096893?limit=100&offset=0&dealType=2&startDate=2021-01&endDate=2026-08,2026-08-22 13:43:02.497558+00:00
1782628,5000,תל אביב-יפו,50000456.0,ז'בוטינסקי,135.0,שמינית,90,7575000,6206325450,דירה,דירה בבית קומות,3.0,הצפון החדש סביבת כיכר המדינה,2024-05-12T00:00:00.000Z,6213,1162,24,52300574,"MULTIPOLYGON(((3873048.920187421 3774674.8026344124,3873029.683364587 3774679.183804254,3873033.742177204 3774697.114423509,3873015.0951970434 3774701.4149033795,3873021.009593848 3774727.50452525,3873040.719233802 3774722.840802142,3873036.078451941 3774702.90550211,3873054.3711458845 3774698.745811503,3873048.920187421 3774674.8026344124)))",2,GovMap,https://www.govmap.gov.il/api/real-estate/street-deals/73096893?limit=100&offset=0&dealType=2&startDate=2021-01&endDate=2026-08,2026-08-22 13:43:02.497558+00:00
1627982,5000,תל אביב-יפו,50000456.0,ז'בוטינסקי,150.0,ראשונה,69,4200000,6205800650,דירה,דירה בבית קומות,3.0,הצפון החדש סביבת כיכר המדינה,2024-05-09T00:00:00.000Z,6108,460,1,52346114,"MULTIPOLYGON(((3873228.796067426 3774566.7938819863,3873211.4511957634 3774569.831820168,3873214.5643847394 3774588.433962708,3873231.909058051 3774585.455257083,3873228.796067426 3774566.7938819863)))",2,GovMap,https://www.govmap.gov.il/api/real-estate/street-deals/73096893?limit=100&offset=0&dealType=2&startDate=2021-01&endDate=2026-08,2026-08-22 13:43:02.497558+00:00
1787669,5000,תל אביב-יפו,50000456.0,ז'בוטינסקי,101.0,שניה,103,6000000,6205129550,דירה,דירה בבית קומות,3.0,הצפון החדש סביבת כיכר המדינה,2024-04-18T00:00:00.000Z,6213,948,9,52380956,"MULTIPOLYGON(((3872249.86984545 3774842.185548636,3872229.6794310138 3774846.0285694427,3872233.7216034676 3774867.9645053265,3872253.91150333 3774864.263653731,3872249.86984545 3774842.185548636)))",2,GovMap,https://www.govmap.gov.il/api/real-estate/street-deals/73096893?limit=100&offset=0&dealType=2&startDate=2021-01&endDate=2026-08,2026-08-22 13:43:02.497558+00:00
1787666,5000,תל אביב-יפו,50000456.0,ז'בוטינסקי,101.0,ראשונה,65,3800000,6205139050,דירה,דירה בבית קומות,3.0,הצפון החדש סביבת כיכר המדינה,2024-04-17T00:00:00.000Z,6213,948,6,52380956,"MULTIPOLYGON(((3872249.86984545 3774842.185548636,3872229.6794310138 3774846.0285694427,3872233.7216034676 3774867.9645053265,3872253.91150333 3774864.263653731,3872249.86984545 3774842.185548636)))",2,GovMap,https://www.govmap.gov.il/api/real-estate/street-deals/73096893?limit=100&offset=0&dealType=2&startDate=2021-01&endDate=2026-08,2026-08-22 13:43:02.497558+00:00
1787145,5000,תל אביב-יפו,50000456.0,ז'בוטינסקי,107.0,שלישית,89,5690000,6205126700,דירה,דירה בבית קומות,3.0,הצפון החדש סביבת כיכר המדינה,2024-04-14T00:00:00.000Z,6213,847,18,52299107,"MULTIPOLYGON(((3872338.489394639 3774825.5759708304,3872317.249044197 3774829.5572246667,3872319.2097833925 3774840.904081856,3872329.723183006 3774839.084845735,3872330.299575671 3774842.4995215903,3872323.9158035116 3774843.659492039,3872325.0692271213 3774850.3229682385,3872341.5893088332 3774847.283034483,3872340.097049409 3774836.7555622477,3872338.489394639 3774825.5759708304)))",2,GovMap,https://www.govmap.gov.il/api/real-estate/street-deals/73096893?limit=100&offset=0&dealType=2&startDate=2021-01&endDate=2026-08,2026-08-22 13:43:02.497558+00:00
1782629,5000,תל אביב-יפו,50000456.0,ז'בוטינסקי,135.0,שישית,62,4486000,6204388400,דירה,דירה בבית קומות,3.0,הצפון החדש סביבת כיכר המדינה,2024-03-28T00:00:00.000Z,6213,1162,25,52300574,"MULTIPOLYGON(((3873048.920187421 3774674.8026344124,3873029.683364587 3774679.183804254,3873033.742177204 3774697.114423509,3873015.0951970434 3774701.4149033795,3873021.009593848 3774727.50452525,3873040.719233802 3774722.840802142,3873036.078451941 3774702.90550211,3873054.3711458845 3774698.745811503,3873048.920187421 3774674.8026344124)))",2,GovMap,https://www.govmap.gov.il/api/real-estate/street-deals/73096893?limit=100&offset=0&dealType=2&startDate=2021-01&endDate=2026-08,2026-08-22 13:43:02.497558+00:00
1784687,5000,תל אביב-יפו,50000456.0,ז'בוטינסקי,89.0,חמישית,88,5490000,6203714350,דירה,דירה בבית קומות,3.0,הצפון החדש סביבת כיכר המדינה,2024-03-17T00:00:00.000Z,6213,1506,3,6213-1506,"MULTIPOLYGON(((3872098.605787987 3774905.2142058336,3872090.7901179427 3774869.1041208194,3872090.7898816518 3774869.1042383807,3872072.9840201875 3774872.9439092777,3872080.4763915096 3774908.1221467336,3872090.9323789435 3774906.444952894,3872098.605787987 3774905.2142058336)))",2,GovMap,https://www.govmap.gov.il/api/real-estate/street-deals/73096893?limit=100&offset=0&dealType=2&startDate=2021-01&endDate=2026-08,2026-08-22 13:43:02.497558+00:00
1784688,5000,תל אביב-יפו,50000456.0,ז'בוטינסקי,89.0,שמינית,88,5740000,6203241650,דירה,דירה בבית קומות,3.0,הצפון החדש סביבת כיכר המדינה,2024-03-10T00:00:00.000Z,6213,1506,4,6213-1506,"MULTIPOLYGON(((3872098.605787987 3774905.2142058336,3872090.7901179427 3774869.1041208194,3872090.7898816518 3774869.1042383807,3872072.9840201875 3774872.9439092777,3872080.4763915096 3774908.1221467336,3872090.9323789435 3774906.444952894,3872098.605787987 3774905.2142058336)))",2,GovMap,https://www.govmap.gov.il/api/real-estate/street-deals/73096893?limit=100&offset=0&dealType=2&startDate=2021-01&endDate=2026-08,2026-08-22 13:43:02.497558+00:00
1789511,5000,תל אביב-יפו,50000456.0,ז'בוטינסקי,71.0,שלישית,88,4100000,6201526850,דירה,דירה בבית קומות,4.0,הצפון הישן-החלק הצפוני,2024-02-11T00:00:00.000Z,6214,481,13,52360113,"MULTIPOLYGON(((3871824.0927762548 3774930.7070958093,3871803.193387236 3774934.8546954244,3871806.1990246675 3774950.26999501,3871818.129572449 3774947.9472845607,3871819.285594504 3774953.876248728,3871828.3487984715 3774952.0517195035,3871824.0927762548 3774930.7070958093)))",2,GovMap,https://www.govmap.gov.il/api/real-estate/street-deals/73096893?limit=100&offset=0&dealType=2&startDate=2021-01&endDate=2026-08,2026-08-22 13:43:02.497558+00:00
1782630,5000,תל אביב-יפו,50000456.0,ז'בוטינסקי,135.0,ראשונה,62,4176200,6201116400,דירה,דירה בבית קומות,3.0,הצפון החדש סביבת כיכר המדינה,2024-01-18T00:00:00.000Z,6213,1162,26,52300574,"MULTIPOLYGON(((3873048.920187421 3774674.8026344124,3873029.683364587 3774679.183804254,3873033.742177204 3774697.114423509,3873015.0951970434 3774701.4149033795,3873021.009593848 3774727.50452525,3873040.719233802 3774722.840802142,3873036.078451941 3774702.90550211,3873054.3711458845 3774698.745811503,3873048.920187421 3774674.8026344124)))",2,GovMap,https://www.govmap.gov.il/api/real-estate/street-deals/73096893?limit=100&offset=0&dealType=2&startDate=2021-01&endDate=2026-08,2026-08-22 13:43:02.497558+00:00
1787146,5000,תל אביב-יפו,50000456.0,ז'בוטינסקי,107.0,ראשונה,74,4906000,6162569050,דירה,דירה בבית קומות,3.0,הצפון החדש סביבת כיכר המדינה,2023-12-08T00:00:00.000Z,6213,847,19,52299107,"MULTIPOLYGON(((3872338.489394639 3774825.5759708304,3872317.249044197 3774829.5572246667,3872319.2097833925 3774840.904081856,3872329.723183006 3774839.084845735,3872330.299575671 3774842.4995215903,3872323.9158035116 3774843.659492039,3872325.0692271213 3774850.3229682385,3872341.5893088332 3774847.283034483,3872340.097049409 3774836.7555622477,3872338.489394639 3774825.5759708304)))",2,GovMap,https://www.govmap.gov.il/api/real-estate/street-deals/73096893?limit=100&offset=0&dealType=2&startDate=2021-01&endDate=2026-08,2026-08-22 13:43:02.497558+00:00
1782631,5000,תל אביב-יפו,50000456.0,ז'בוטינסקי,135.0,שביעית,62,4606000,6162161500,דירה,דירה בבית קומות,3.0,הצפון החדש סביבת כיכר המדינה,2023-10-31T00:00:00.000Z,6213,1162,27,52300574,"MULTIPOLYGON(((3873048.920187421 3774674.8026344124,3873029.683364587 3774679.183804254,3873033.742177204 3774697.114423509,3873015.0951970434 3774701.4149033795,3873021.009593848 3774727.50452525,3873040.719233802 3774722.840802142,3873036.078451941 3774702.90550211,3873054.3711458845 3774698.745811503,3873048.920187421 3774674.8026344124)))",2,GovMap,https://www.govmap.gov.il/api/real-estate/street-deals/73096893?limit=100&offset=0&dealType=2&startDate=2021-01&endDate=2026-08,2026-08-22 13:43:02.497558+00:00
2130714,5000,תל אביב-יפו,50000456.0,ז'בוטינסקי,10.0,שלישית,69,4350000,6161780400,דירה,דירה בבית קומות,3.0,הצפון הישן-החלק הצפוני,2023-10-19T00:00:00.000Z,6901,58,10,52240026,"MULTIPOLYGON(((3870953.521505882 3775042.994232391,3870945.8507498736 3775044.5156316925,3870951.8548460975 3775076.614751763,3870961.7554773726 3775074.794225922,3870960.268791846 3775066.126694385,3870962.864988952 3775065.627614833,3870962.057286526 3775061.169179644,3870960.169392313 3775061.4696713006,3870957.974961733 3775049.8963257894,3870954.9064412448 3775050.5593916383,3870953.521505882 3775042.994232391)))",2,GovMap,https://www.govmap.gov.il/api/real-estate/street-deals/73096893?limit=100&offset=0&dealType=2&startDate=2021-01&endDate=2026-08,2026-08-22 13:43:02.497558+00:00
1789675,5000,תל אביב -יפו,50000456.0,ז'בוטינסקי,48.0,ראשונה,44,2900000,6159270750,דירה,דירה בבית קומות,2.0,הצפון הישן-החלק הצפוני,2023-08-06T00:00:00.000Z,6214,51,2,52286419,"MULTIPOLYGON(((3871465.0111533627 3774963.5052731866,3871442.1067854874 3774967.7035296937,3871443.8378853532 3774977.272416195,3871466.7417114335 3774973.216336997,3871465.0111533627 3774963.5052731866)))",2,GovMap,https://www.govmap.gov.il/api/real-estate/street-deals/73096893?limit=100&offset=0&dealType=2&startDate=2021-01&endDate=2026-08,2026-08-22 13:43:02.497558+00:00
2158417,5000,תל אביב-יפו,50000456.0,ז'בוטינסקי,7.0,ראשונה,53,3445000,6157420650,דירה,דירה בבית קומות,2.0,הצפון הישן-החלק הצפוני,2023-07-16T00:00:00.000Z,6960,52,7,53116133,"MULTIPOLYGON(((3870995.7902297853 3775088.782232733,3870959.9042658224 3775095.522432342,3870962.9194281986 3775111.2462522187,3870988.644568478 3775106.5269841687,3870988.171985691 3775103.787978841,3870996.562399077 3775102.1864899,3870995.4087932976 3775095.7478813143,3870997.049301433 3775095.3871459984,3870995.7902297853 3775088.782232733)))",2,GovMap,https://www.govmap.gov.il/api/real-estate/street-deals/73096893?limit=100&offset=0&dealType=2&startDate=2021-01&endDate=2026-08,2026-08-22 13:43:02.497558+00:00
1787659,5000,תל אביב-יפו,50000456.0,ז'בוטינסקי,101.0,מרתף,50,1950000,6156603000,דירה,דירה בבית קומות,3.0,הצפון החדש סביבת כיכר המדינה,2023-06-18T00:00:00.000Z,6213,948,1,52380956,"MULTIPOLYGON(((3872249.86984545 3774842.185548636,3872229.6794310138 3774846.0285694427,3872233.7216034676 3774867.9645053265,3872253.91150333 3774864.263653731,3872249.86984545 3774842.185548636)))",2,GovMap,https://www.govmap.gov.il/api/real-estate/street-deals/73096893?limit=100&offset=0&dealType=2&startDate=2021-01&endDate=2026-08,2026-08-22 13:43:02.497558+00:00
1787660,5000,תל אביב-יפו,50000456.0,ז'בוטינסקי,101.0,מרתף,77,500000,6157883050,דירה,דירה בבית קומות,3.0,הצפון החדש סביבת כיכר המדינה,2023-05-29T00:00:00.000Z,6213,948,1,52380956,"MULTIPOLYGON(((3872249.86984545 3774842.185548636,3872229.6794310138 3774846.0285694427,3872233.7216034676 3774867.9645053265,3872253.91150333 3774864.263653731,3872249.86984545 3774842.185548636)))",2,GovMap,https://www.govmap.gov.il/api/real-estate/street-deals/73096893?limit=100&offset=0&dealType=2&startDate=2021-01&endDate=2026-08,2026-08-22 13:43:02.497558+00:00
1784555,5000,תל אביב-יפו,50000456.0,ז'בוטינסקי,88.0,,120,1532000,6154146350,קרקע,ללא תיכנון,,הצפון החדש סביבת כיכר המדינה,2023-03-20T00:00:00.000Z,6213,1490,15,6213-1490,"MULTIPOLYGON(((3871956.6290182425 3774807.169726273,3871959.274769599 3774822.810551194,3871962.8295168197 3774843.819825892,3871962.955348832 3774844.240001796,3871963.0900350767 3774844.657487316,3871963.2333411076 3774845.071926069,3871963.3853848404 3774845.483318517,3871963.5460492847 3774845.8914272306,3871963.7150999946 3774846.2958958205,3871963.892772341 3774846.696843697,3871964.078713962 3774847.0939140175,3871964.2729257816 3774847.4868698115,3871964.4752898826 3774847.8757106094,3871964.6859251074 3774848.2601999044,3871964.904478632 3774848.6400993383,3871965.1309509203 3774849.0152904247,3871965.365224979 3774849.385535724,3871965.6073008073 3774849.7508352357,3871965.856825586 3774850.1109506045,3871966.1140360637 3774850.465645777,3871966.378461051 3774850.8148004203,3871966.6502189143 3774851.1582965082,3871966.929192667 3774851.4958966044,3871967.2151464773 3774851.8275997806,3871967.5079633547 3774852.1531686075,3871967.8075263053 3774852.4723656424,3871968.113716955 3774852.785308911,3871968.4265371463 3774853.091524467,3871968.7455142997 3774853.391247431,3871969.070886088 3774853.6840047836,3871969.4021808514 3774853.9697946715,3871969.7395165055 3774854.248617559,3871970.08254069 3774854.520116596,3871970.4311354863 3774854.7842913177,3871970.785300899 3774855.0411417256,3871971.144802475 3774855.290311432,3871971.509286017 3774855.531917535,3871971.878870353 3774855.7657235223,3871972.253320118 3774855.9916099864,3871972.6323999446 3774856.209457509,3871973.0158735374 3774856.419383649,3871973.403742282 3774856.62103295,3871973.795770347 3774856.814404484,3871974.1917219018 3774856.999497324,3871974.5914794933 3774857.1761925197,3871974.99480821 3774857.344252174,3871975.401589677 3774857.503794303,3871975.811705983 3774857.6548184506,3871976.2248047586 3774857.7969677662,3871976.6408855454 3774857.9303607317,3871977.0595950554 3774858.0548774716,3871977.480932833 3774858.1706364774,3871977.904428596 3774858.277280432,3871978.330199339 3774858.3750467706,3871978.757891774 3774858.4638156164,3871979.18738891 3774858.543349536,3871979.6183360782 3774858.613884113,3871980.0508521143 3774858.675182832,3871980.484464437 3774858.727480818,3871980.9190565124 3774858.770422147,3871981.354391586 3774858.80424286,3871981.790470583 3774858.828705995,3871982.2268209145 3774858.8440466593,3871982.66356096 3774858.850146841,3871983.100219517 3774858.8468861873,3871983.536795665 3774858.8345016823,3871983.972936117 3774858.8128734436,3871984.4085234194 3774858.781882527,3871984.843438735 3774858.7417654363,3871985.2773283157 3774858.692520778,3871985.7101930818 3774858.6339115943,3871986.141677908 3774858.566291943,3871986.5716653354 3774858.489542872,3871986.9999195356 3774858.4036634644,3871987.426204214 3774858.3087712754,3872045.8743976336 3774845.680283084,3872037.0184069406 3774793.8018429787,3871956.6290182425 3774807.169726273)))",2,GovMap,https://www.govmap.gov.il/api/real-estate/street-deals/73096893?limit=100&offset=0&dealType=2&startDate=2021-01&endDate=2026-08,2026-08-22 13:43:02.497558+00:00
1789751,5000,תל אביב-יפו,50000456.0,ז'בוטינסקי,80.0,ראשונה,78,3808000,6116981650,דירה,דירה בבית קומות,3.0,הצפון הישן-החלק הצפוני,2022-11-20T00:00:00.000Z,6214,519,5,52188551,"MULTIPOLYGON(((3871842.071804285 3774883.2407088475,3871818.119701848 3774887.068219645,3871820.665153181 3774902.5645818813,3871844.6058178726 3774898.6540748943,3871842.071804285 3774883.2407088475)))",2,GovMap,https://www.govmap.gov.il/api/real-estate/street-deals/73096893?limit=100&offset=0&dealType=2&startDate=2021-01&endDate=2026-08,2026-08-22 13:43:02.497558+00:00
1783152,5000,תל אביב-יפו,50000456.0,ז'בוטינסקי,131.0,ראשונה,86,4450000,6113907300,דירה,דירה בבית קומות,3.0,הצפון החדש סביבת כיכר המדינה,2022-09-22T00:00:00.000Z,6213,1341,9,52307540,"MULTIPOLYGON(((3872973.7552715754 3774685.6277057147,3872953.5988098737 3774686.8771987953,3872954.929378595 3774709.027300127,3872975.097126962 3774707.920029143,3872973.7552715754 3774685.6277057147)))",2,GovMap,https://www.govmap.gov.il/api/real-estate/street-deals/73096893?limit=100&offset=0&dealType=2&startDate=2021-01&endDate=2026-08,2026-08-22 13:43:02.497558+00:00
1787928,5000,תל אביב-יפו,50000456.0,ז'בוטינסקי,76.0,שניה,99,5192800,6110483050,דירה,דירה בבית קומות,3.0,הצפון הישן-החלק הצפוני,2022-06-28T00:00:00.000Z,6214,132,5,53424579,"MULTIPOLYGON(((3871789.9445813242 3774885.2627144232,3871779.7969261375 3774886.999983871,3871783.830234654 3774910.9977920465,3871793.9779095147 3774909.26051595,3871789.9445813242 3774885.2627144232)))",2,GovMap,https://www.govmap.gov.il/api/real-estate/street-deals/73096893?limit=100&offset=0&dealType=2&startDate=2021-01&endDate=2026-08,2026-08-22 13:43:02.497558+00:00
1783494,5000,תל אביב-יפו,50000456.0,ז'בוטינסקי,95.0,שלישית,84,6000000,6104789850,דירה,דירה בבית קומות,4.0,הצפון החדש סביבת כיכר המדינה,2022-03-08T00:00:00.000Z,6213,1399,11,52285573,"MULTIPOLYGON(((3872170.6504795486 3774864.246151562,3872141.5203664787 3774871.525718421,3872148.1142397793 3774898.2941661375,3872170.433029726 3774892.9666539994,3872167.183898131 3774879.4108154126,3872174.029317849 3774877.8024799274,3872170.6504795486 3774864.246151562)))",2,GovMap,https://www.govmap.gov.il/api/real-estate/street-deals/73096893?limit=100&offset=0&dealType=2&startDate=2021-01&endDate=2026-08,2026-08-22 13:43:02.497558+00:00
1783030,5000,תל אביב-יפו,50000456.0,ז'בוטינסקי,112.0,שלישית,67,4450000,6103395550,דירה,דירה בבית קומות,3.0,הצפון החדש סביבת כיכר המדינה,2022-02-27T00:00:00.000Z,6213,1300,7,52348054,"MULTIPOLYGON(((3872461.9551940416 3774731.860051967,3872445.089651167 3774735.858517476,3872450.5190019947 3774758.9844435276,3872467.4199497635 3774754.986100631,3872461.9551940416 3774731.860051967)))",2,GovMap,https://www.govmap.gov.il/api/real-estate/street-deals/73096893?limit=100&offset=0&dealType=2&startDate=2021-01&endDate=2026-08,2026-08-22 13:43:02.497558+00:00
2130606,5000,תל אביב-יפו,50000456.0,ז'בוטינסקי,8.0,שלישית,170,541000,6100200650,דירה,דירה בבית קומות,5.0,הצפון הישן-החלק הצפוני,2021-12-23T00:00:00.000Z,6901,33,5,53313941,"MULTIPOLYGON(((3870945.084908388 3775062.143727434,3870919.5895006787 3775065.4537869385,3870922.0029935404 3775084.19663826,3870938.5202417616 3775082.0354000353,3870938.153796574 3775079.296824663,3870941.351138359 3775078.859408732,3870940.9041776313 3775075.61100686,3870946.673003494 3775074.9587889053,3870945.084908388 3775062.143727434)))",2,GovMap,https://www.govmap.gov.il/api/real-estate/street-deals/73096893?limit=100&offset=0&dealType=2&startDate=2021-01&endDate=2026-08,2026-08-22 13:43:02.497558+00:00
2154436,5000,תל אביב-יפו,50000456.0,ז'בוטינסקי,32.0,ראשונה,93,4350000,6069168400,דירה,דירה בבית קומות,3.0,הצפון הישן-החלק הצפוני,2021-11-14T00:00:00.000Z,6955,116,3,53294859,"MULTIPOLYGON(((3871306.0936451065 3774984.3429417023,3871293.5839622226 3774986.9709077515,3871298.213494401 3775009.0519320564,3871310.723433136 3775006.3647132427,3871306.0936451065 3774984.3429417023)))",2,GovMap,https://www.govmap.gov.il/api/real-estate/street-deals/73096893?limit=100&offset=0&dealType=2&startDate=2021-01&endDate=2026-08,2026-08-22 13:43:02.497558+00:00
1789552,5000,תל אביב-יפו,50000456.0,ז'בוטינסקי,77.0,,1,131000,6111193000,קרקע,ללא תיכנון,,הצפון הישן-החלק הצפוני,2021-11-14T00:00:00.000Z,6214,484,2,52333530,"MULTIPOLYGON(((3871897.3712911434 3774914.4074930516,3871883.799454647 3774917.3162525855,3871889.3559974744 3774943.8557282584,3871902.927862613 3774940.9469563635,3871897.3712911434 3774914.4074930516)))",2,GovMap,https://www.govmap.gov.il/api/real-estate/street-deals/73096893?limit=100&offset=0&dealType=2&startDate=2021-01&endDate=2026-08,2026-08-22 13:43:02.497558+00:00
1783029,5000,תל אביב-יפו,50000456.0,ז'בוטינסקי,112.0,שניה,73,500000,6069866350,דירה,דירה בבית קומות,3.0,הצפון החדש סביבת כיכר המדינה,2021-10-30T00:00:00.000Z,6213,1300,5,52348054,"MULTIPOLYGON(((3872461.9551940416 3774731.860051967,3872445.089651167 3774735.858517476,3872450.5190019947 3774758.9844435276,3872467.4199497635 3774754.986100631,3872461.9551940416 3774731.860051967)))",2,GovMap,https://www.govmap.gov.il/api/real-estate/street-deals/73096893?limit=100&offset=0&dealType=2&startDate=2021-01&endDate=2026-08,2026-08-22 13:43:02.497558+00:00
2158418,5000,תל אביב-יפו,50000456.0,ז'בוטינסקי,7.0,ראשונה,53,3150000,6067253000,דירה,דירה בבית קומות,2.0,הצפון הישן-החלק הצפוני,2021-10-14T00:00:00.000Z,6960,52,7,53116133,"MULTIPOLYGON(((3870995.7902297853 3775088.782232733,3870959.9042658224 3775095.522432342,3870962.9194281986 3775111.2462522187,3870988.644568478 3775106.5269841687,3870988.171985691 3775103.787978841,3870996.562399077 3775102.1864899,3870995.4087932976 3775095.7478813143,3870997.049301433 3775095.3871459984,3870995.7902297853 3775088.782232733)))",2,GovMap,https://www.govmap.gov.il/api/real-estate/street-deals/73096893?limit=100&offset=0&dealType=2&startDate=2021-01&endDate=2026-08,2026-08-22 13:43:02.497558+00:00
1783499,5000,תל אביב-יפו,50000456.0,ז'בוטינסקי,95.0,חמישית,99,5550000,6067707300,דירה,דירה בבית קומות,4.0,הצפון החדש סביבת כיכר המדינה,2021-10-12T00:00:00.000Z,6213,1399,17,52285573,"MULTIPOLYGON(((3872170.6504795486 3774864.246151562,3872141.5203664787 3774871.525718421,3872148.1142397793 3774898.2941661375,3872170.433029726 3774892.9666539994,3872167.183898131 3774879.4108154126,3872174.029317849 3774877.8024799274,3872170.6504795486 3774864.246151562)))",2,GovMap,https://www.govmap.gov.il/api/real-estate/street-deals/73096893?limit=100&offset=0&dealType=2&startDate=2021-01&endDate=2026-08,2026-08-22 13:43:02.497558+00:00
1628151,5000,תל אביב-יפו,50000456.0,ז'בוטינסקי,149.0,שניה,103,4750000,6065330450,דירה,דירה בבית קומות,4.0,הצפון החדש סביבת כיכר המדינה,2021-09-05T00:00:00.000Z,6108,572,4,53297710,"MULTIPOLYGON(((3873286.1322325896 3774621.2079656897,3873280.951913705 3774622.2308429624,3873280.9106119275 3774622.2392160855,3873266.543543376 3774625.1379113086,3873270.3651612466 3774643.517709906,3873280.838340384 3774641.338974573,3873280.8796431217 3774641.3303644727,3873289.835966156 3774639.5873019663,3873286.1322325896 3774621.2079656897)))",2,GovMap,https://www.govmap.gov.il/api/real-estate/street-deals/73096893?limit=100&offset=0&dealType=2&startDate=2021-01&endDate=2026-08,2026-08-22 13:43:02.497558+00:00
1783505,5000,תל אביב-יפו,50000456.0,ז'בוטינסקי,95.0,ראשונה,87,2520000,6064810300,דירה,דירה בבית קומות,4.0,הצפון החדש סביבת כיכר המדינה,2021-08-26T00:00:00.000Z,6213,1399,3,52285573,"MULTIPOLYGON(((3872170.6504795486 3774864.246151562,3872141.5203664787 3774871.525718421,3872148.1142397793 3774898.2941661375,3872170.433029726 3774892.9666539994,3872167.183898131 3774879.4108154126,3872174.029317849 3774877.8024799274,3872170.6504795486 3774864.246151562)))",2,GovMap,https://www.govmap.gov.il/api/real-estate/street-deals/73096893?limit=100&offset=100&dealType=2&startDate=2021-01&endDate=2026-08,2026-08-22 13:43:02.817005+00:00
1789238,5000,תל אביב-יפו,50000456.0,ז'בוטינסקי,61.0,ראשונה,75,4110000,6064366000,דירה,דירה בבית קומות,3.0,הצפון הישן-החלק הצפוני,2021-08-25T00:00:00.000Z,6214,389,5,52301515,"MULTIPOLYGON(((3871658.399401013 3774962.719814688,3871646.0098195435 3774964.8154238067,3871650.7173691043 3774994.231021576,3871663.106980064 3774992.1354028145,3871658.399401013 3774962.719814688)))",2,GovMap,https://www.govmap.gov.il/api/real-estate/street-deals/73096893?limit=100&offset=100&dealType=2&startDate=2021-01&endDate=2026-08,2026-08-22 13:43:02.817005+00:00
1789538,5000,תל אביב-יפו,50000456.0,ז'בוטינסקי,75.0,,67,1775000,6064525700,בנין,משרד,,הצפון הישן-החלק הצפוני,2021-08-19T00:00:00.000Z,6214,483,3,52380009,"MULTIPOLYGON(((3871876.016388158 3774920.4729241882,3871863.2460423945 3774923.4677598216,3871869.1730277 3774948.740894686,3871881.9198157066 3774945.7459538905,3871876.016388158 3774920.4729241882)))",2,GovMap,https://www.govmap.gov.il/api/real-estate/street-deals/73096893?limit=100&offset=100&dealType=2&startDate=2021-01&endDate=2026-08,2026-08-22 13:43:02.817005+00:00
1627937,5000,תל אביב-יפו,50000456.0,ז'בוטינסקי,154.0,ראשונה,86,4300000,6062526700,דירה,דירה בבית קומות,3.0,הצפון החדש סביבת כיכר המדינה,2021-08-04T00:00:00.000Z,6108,431,4,52319147,"MULTIPOLYGON(((3873313.642806916 3774552.3075616998,3873281.533173296 3774558.9859326812,3873284.1963809207 3774571.8872154974,3873316.293718744 3774565.350964885,3873313.642806916 3774552.3075616998)))",2,GovMap,https://www.govmap.gov.il/api/real-estate/street-deals/73096893?limit=100&offset=100&dealType=2&startDate=2021-01&endDate=2026-08,2026-08-22 13:43:02.817005+00:00
1782564,5000,תל אביב-יפו,50000456.0,ז'בוטינסקי,138.0,ראשונה,66,3200000,6062625700,דירה,דירה בבית קומות,3.0,הצפון החדש סביבת כיכר המדינה,2021-07-27T00:00:00.000Z,6213,1153,17,52306133,"MULTIPOLYGON(((3873029.908036495 3774592.240285985,3873018.107225264 3774594.706822336,3873025.6376885576 3774629.9139208696,3873075.8981762663 3774619.2181409164,3873073.4771239045 3774607.8106012377,3873034.8757946566 3774616.0985135287,3873029.908036495 3774592.240285985)))",2,GovMap,https://www.govmap.gov.il/api/real-estate/street-deals/73096893?limit=100&offset=100&dealType=2&startDate=2021-01&endDate=2026-08,2026-08-22 13:43:02.817005+00:00
2154595,5000,תל אביב-יפו,50000456.0,ז'בוטינסקי,40.0,שניה,55,225000,6061921100,קרקע,קרקע למגורים,,הצפון הישן-החלק הצפוני,2021-06-23T00:00:00.000Z,6955,19,5,52354105,"MULTIPOLYGON(((3871385.040242656 3774969.253890921,3871376.1909857797 3774970.6286820495,3871377.457375345 3774978.418404996,3871370.0234309277 3774979.715883813,3871368.7693982287 3774971.784022519,3871360.616402944 3774973.0193881458,3871364.070114355 3774994.2781099165,3871388.494790003 3774990.3111722455,3871385.040242656 3774969.253890921)))",2,GovMap,https://www.govmap.gov.il/api/real-estate/street-deals/73096893?limit=100&offset=100&dealType=2&startDate=2021-01&endDate=2026-08,2026-08-22 13:43:02.817005+00:00
2154994,5000,תל אביב-יפו,50000456.0,ז'בוטינסקי,27.0,שניה,1,3160000,6065997050,דירה,דירה בבית קומות,2.0,הצפון הישן-החלק הצפוני,2021-06-18T00:00:00.000Z,6956,108,6,52367754,"MULTIPOLYGON(((3871291.057515468 3775029.5338022034,3871267.9185829097 3775033.3634955143,3871271.615886794 3775055.606779693,3871280.8075035727 3775054.150479988,3871279.078535433 3775044.0720160576,3871283.798666593 3775043.214022792,3871285.4218410444 3775053.2091210983,3871294.626041529 3775051.5514298077,3871291.057515468 3775029.5338022034)))",2,GovMap,https://www.govmap.gov.il/api/real-estate/street-deals/73096893?limit=100&offset=100&dealType=2&startDate=2021-01&endDate=2026-08,2026-08-22 13:43:02.817005+00:00
1627493,5000,תל אביב-יפו,50000456.0,ז'בוטינסקי,145.0,מרתף,22,362000,6061179900,בנין,משרד,,הצפון החדש סביבת כיכר המדינה,2021-05-26T00:00:00.000Z,6108,363,2,52303115,"MULTIPOLYGON(((3873231.012195878 3774632.336290481,3873207.8964814637 3774636.619956654,3873211.593364927 3774656.77659345,3873234.7212222503 3774652.410019994,3873231.012195878 3774632.336290481)))",2,GovMap,https://www.govmap.gov.il/api/real-estate/street-deals/73096893?limit=100&offset=100&dealType=2&startDate=2021-01&endDate=2026-08,2026-08-22 13:43:02.817005+00:00
1789750,5000,תל אביב-יפו,50000456.0,ז'בוטינסקי,80.0,ראשונה,78,682000,6060638650,דירה,דירה בבית קומות,3.0,הצפון הישן-החלק הצפוני,2021-05-20T00:00:00.000Z,6214,519,5,52188551,"MULTIPOLYGON(((3871842.071804285 3774883.2407088475,3871818.119701848 3774887.068219645,3871820.665153181 3774902.5645818813,3871844.6058178726 3774898.6540748943,3871842.071804285 3774883.2407088475)))",2,GovMap,https://www.govmap.gov.il/api/real-estate/street-deals/73096893?limit=100&offset=100&dealType=2&startDate=2021-01&endDate=2026-08,2026-08-22 13:43:02.817005+00:00
1784551,5000,תל אביב-יפו,50000456.0,ז'בוטינסקי,88.0,,3110,18395000,6058850900,קרקע,קרקע למגורים,,הצפון החדש סביבת כיכר המדינה,2021-04-27T00:00:00.000Z,6213,1490,11,6213-1490,"MULTIPOLYGON(((3871956.6290182425 3774807.169726273,3871959.274769599 3774822.810551194,3871962.8295168197 3774843.819825892,3871962.955348832 3774844.240001796,3871963.0900350767 3774844.657487316,3871963.2333411076 3774845.071926069,3871963.3853848404 3774845.483318517,3871963.5460492847 3774845.8914272306,3871963.7150999946 3774846.2958958205,3871963.892772341 3774846.696843697,3871964.078713962 3774847.0939140175,3871964.2729257816 3774847.4868698115,3871964.4752898826 3774847.8757106094,3871964.6859251074 3774848.2601999044,3871964.904478632 3774848.6400993383,3871965.1309509203 3774849.0152904247,3871965.365224979 3774849.385535724,3871965.6073008073 3774849.7508352357,3871965.856825586 3774850.1109506045,3871966.1140360637 3774850.465645777,3871966.378461051 3774850.8148004203,3871966.6502189143 3774851.1582965082,3871966.929192667 3774851.4958966044,3871967.2151464773 3774851.8275997806,3871967.5079633547 3774852.1531686075,3871967.8075263053 3774852.4723656424,3871968.113716955 3774852.785308911,3871968.4265371463 3774853.091524467,3871968.7455142997 3774853.391247431,3871969.070886088 3774853.6840047836,3871969.4021808514 3774853.9697946715,3871969.7395165055 3774854.248617559,3871970.08254069 3774854.520116596,3871970.4311354863 3774854.7842913177,3871970.785300899 3774855.0411417256,3871971.144802475 3774855.290311432,3871971.509286017 3774855.531917535,3871971.878870353 3774855.7657235223,3871972.253320118 3774855.9916099864,3871972.6323999446 3774856.209457509,3871973.0158735374 3774856.419383649,3871973.403742282 3774856.62103295,3871973.795770347 3774856.814404484,3871974.1917219018 3774856.999497324,3871974.5914794933 3774857.1761925197,3871974.99480821 3774857.344252174,3871975.401589677 3774857.503794303,3871975.811705983 3774857.6548184506,3871976.2248047586 3774857.7969677662,3871976.6408855454 3774857.9303607317,3871977.0595950554 3774858.0548774716,3871977.480932833 3774858.1706364774,3871977.904428596 3774858.277280432,3871978.330199339 3774858.3750467706,3871978.757891774 3774858.4638156164,3871979.18738891 3774858.543349536,3871979.6183360782 3774858.613884113,3871980.0508521143 3774858.675182832,3871980.484464437 3774858.727480818,3871980.9190565124 3774858.770422147,3871981.354391586 3774858.80424286,3871981.790470583 3774858.828705995,3871982.2268209145 3774858.8440466593,3871982.66356096 3774858.850146841,3871983.100219517 3774858.8468861873,3871983.536795665 3774858.8345016823,3871983.972936117 3774858.8128734436,3871984.4085234194 3774858.781882527,3871984.843438735 3774858.7417654363,3871985.2773283157 3774858.692520778,3871985.7101930818 3774858.6339115943,3871986.141677908 3774858.566291943,3871986.5716653354 3774858.489542872,3871986.9999195356 3774858.4036634644,3871987.426204214 3774858.3087712754,3872045.8743976336 3774845.680283084,3872037.0184069406 3774793.8018429787,3871956.6290182425 3774807.169726273)))",2,GovMap,https://www.govmap.gov.il/api/real-estate/street-deals/73096893?limit=100&offset=100&dealType=2&startDate=2021-01&endDate=2026-08,2026-08-22 13:43:02.817005+00:00
1784552,5000,תל אביב-יפו,50000456.0,ז'בוטינסקי,88.0,,3110,26782000,6068631350,קרקע,קרקע למגורים,,הצפון החדש סביבת כיכר המדינה,2021-04-27T00:00:00.000Z,6213,1490,12,6213-1490,"MULTIPOLYGON(((3871956.6290182425 3774807.169726273,3871959.274769599 3774822.810551194,3871962.8295168197 3774843.819825892,3871962.955348832 3774844.240001796,3871963.0900350767 3774844.657487316,3871963.2333411076 3774845.071926069,3871963.3853848404 3774845.483318517,3871963.5460492847 3774845.8914272306,3871963.7150999946 3774846.2958958205,3871963.892772341 3774846.696843697,3871964.078713962 3774847.0939140175,3871964.2729257816 3774847.4868698115,3871964.4752898826 3774847.8757106094,3871964.6859251074 3774848.2601999044,3871964.904478632 3774848.6400993383,3871965.1309509203 3774849.0152904247,3871965.365224979 3774849.385535724,3871965.6073008073 3774849.7508352357,3871965.856825586 3774850.1109506045,3871966.1140360637 3774850.465645777,3871966.378461051 3774850.8148004203,3871966.6502189143 3774851.1582965082,3871966.929192667 3774851.4958966044,3871967.2151464773 3774851.8275997806,3871967.5079633547 3774852.1531686075,3871967.8075263053 3774852.4723656424,3871968.113716955 3774852.785308911,3871968.4265371463 3774853.091524467,3871968.7455142997 3774853.391247431,3871969.070886088 3774853.6840047836,3871969.4021808514 3774853.9697946715,3871969.7395165055 3774854.248617559,3871970.08254069 3774854.520116596,3871970.4311354863 3774854.7842913177,3871970.785300899 3774855.0411417256,3871971.144802475 3774855.290311432,3871971.509286017 3774855.531917535,3871971.878870353 3774855.7657235223,3871972.253320118 3774855.9916099864,3871972.6323999446 3774856.209457509,3871973.0158735374 3774856.419383649,3871973.403742282 3774856.62103295,3871973.795770347 3774856.814404484,3871974.1917219018 3774856.999497324,3871974.5914794933 3774857.1761925197,3871974.99480821 3774857.344252174,3871975.401589677 3774857.503794303,3871975.811705983 3774857.6548184506,3871976.2248047586 3774857.7969677662,3871976.6408855454 3774857.9303607317,3871977.0595950554 3774858.0548774716,3871977.480932833 3774858.1706364774,3871977.904428596 3774858.277280432,3871978.330199339 3774858.3750467706,3871978.757891774 3774858.4638156164,3871979.18738891 3774858.543349536,3871979.6183360782 3774858.613884113,3871980.0508521143 3774858.675182832,3871980.484464437 3774858.727480818,3871980.9190565124 3774858.770422147,3871981.354391586 3774858.80424286,3871981.790470583 3774858.828705995,3871982.2268209145 3774858.8440466593,3871982.66356096 3774858.850146841,3871983.100219517 3774858.8468861873,3871983.536795665 3774858.8345016823,3871983.972936117 3774858.8128734436,3871984.4085234194 3774858.781882527,3871984.843438735 3774858.7417654363,3871985.2773283157 3774858.692520778,3871985.7101930818 3774858.6339115943,3871986.141677908 3774858.566291943,3871986.5716653354 3774858.489542872,3871986.9999195356 3774858.4036634644,3871987.426204214 3774858.3087712754,3872045.8743976336 3774845.680283084,3872037.0184069406 3774793.8018429787,3871956.6290182425 3774807.169726273)))",2,GovMap,https://www.govmap.gov.il/api/real-estate/street-deals/73096893?limit=100&offset=100&dealType=2&startDate=2021-01&endDate=2026-08,2026-08-22 13:43:02.817005+00:00
1784553,5000,תל אביב-יפו,50000456.0,ז'בוטינסקי,88.0,,1,28309000,6058845150,קרקע,קרקע למגורים,,הצפון החדש סביבת כיכר המדינה,2021-04-27T00:00:00.000Z,6213,1490,13,6213-1490,"MULTIPOLYGON(((3871956.6290182425 3774807.169726273,3871959.274769599 3774822.810551194,3871962.8295168197 3774843.819825892,3871962.955348832 3774844.240001796,3871963.0900350767 3774844.657487316,3871963.2333411076 3774845.071926069,3871963.3853848404 3774845.483318517,3871963.5460492847 3774845.8914272306,3871963.7150999946 3774846.2958958205,3871963.892772341 3774846.696843697,3871964.078713962 3774847.0939140175,3871964.2729257816 3774847.4868698115,3871964.4752898826 3774847.8757106094,3871964.6859251074 3774848.2601999044,3871964.904478632 3774848.6400993383,3871965.1309509203 3774849.0152904247,3871965.365224979 3774849.385535724,3871965.6073008073 3774849.7508352357,3871965.856825586 3774850.1109506045,3871966.1140360637 3774850.465645777,3871966.378461051 3774850.8148004203,3871966.6502189143 3774851.1582965082,3871966.929192667 3774851.4958966044,3871967.2151464773 3774851.8275997806,3871967.5079633547 3774852.1531686075,3871967.8075263053 3774852.4723656424,3871968.113716955 3774852.785308911,3871968.4265371463 3774853.091524467,3871968.7455142997 3774853.391247431,3871969.070886088 3774853.6840047836,3871969.4021808514 3774853.9697946715,3871969.7395165055 3774854.248617559,3871970.08254069 3774854.520116596,3871970.4311354863 3774854.7842913177,3871970.785300899 3774855.0411417256,3871971.144802475 3774855.290311432,3871971.509286017 3774855.531917535,3871971.878870353 3774855.7657235223,3871972.253320118 3774855.9916099864,3871972.6323999446 3774856.209457509,3871973.0158735374 3774856.419383649,3871973.403742282 3774856.62103295,3871973.795770347 3774856.814404484,3871974.1917219018 3774856.999497324,3871974.5914794933 3774857.1761925197,3871974.99480821 3774857.344252174,3871975.401589677 3774857.503794303,3871975.811705983 3774857.6548184506,3871976.2248047586 3774857.7969677662,3871976.6408855454 3774857.9303607317,3871977.0595950554 3774858.0548774716,3871977.480932833 3774858.1706364774,3871977.904428596 3774858.277280432,3871978.330199339 3774858.3750467706,3871978.757891774 3774858.4638156164,3871979.18738891 3774858.543349536,3871979.6183360782 3774858.613884113,3871980.0508521143 3774858.675182832,3871980.484464437 3774858.727480818,3871980.9190565124 3774858.770422147,3871981.354391586 3774858.80424286,3871981.790470583 3774858.828705995,3871982.2268209145 3774858.8440466593,3871982.66356096 3774858.850146841,3871983.100219517 3774858.8468861873,3871983.536795665 3774858.8345016823,3871983.972936117 3774858.8128734436,3871984.4085234194 3774858.781882527,3871984.843438735 3774858.7417654363,3871985.2773283157 3774858.692520778,3871985.7101930818 3774858.6339115943,3871986.141677908 3774858.566291943,3871986.5716653354 3774858.489542872,3871986.9999195356 3774858.4036634644,3871987.426204214 3774858.3087712754,3872045.8743976336 3774845.680283084,3872037.0184069406 3774793.8018429787,3871956.6290182425 3774807.169726273)))",2,GovMap,https://www.govmap.gov.il/api/real-estate/street-deals/73096893?limit=100&offset=100&dealType=2&startDate=2021-01&endDate=2026-08,2026-08-22 13:43:02.817005+00:00
1784554,5000,תל אביב-יפו,50000456.0,ז'בוטינסקי,88.0,,3110,42250000,6058474700,קרקע,קרקע למגורים,,הצפון החדש סביבת כיכר המדינה,2021-04-27T00:00:00.000Z,6213,1490,14,6213-1490,"MULTIPOLYGON(((3871956.6290182425 3774807.169726273,3871959.274769599 3774822.810551194,3871962.8295168197 3774843.819825892,3871962.955348832 3774844.240001796,3871963.0900350767 3774844.657487316,3871963.2333411076 3774845.071926069,3871963.3853848404 3774845.483318517,3871963.5460492847 3774845.8914272306,3871963.7150999946 3774846.2958958205,3871963.892772341 3774846.696843697,3871964.078713962 3774847.0939140175,3871964.2729257816 3774847.4868698115,3871964.4752898826 3774847.8757106094,3871964.6859251074 3774848.2601999044,3871964.904478632 3774848.6400993383,3871965.1309509203 3774849.0152904247,3871965.365224979 3774849.385535724,3871965.6073008073 3774849.7508352357,3871965.856825586 3774850.1109506045,3871966.1140360637 3774850.465645777,3871966.378461051 3774850.8148004203,3871966.6502189143 3774851.1582965082,3871966.929192667 3774851.4958966044,3871967.2151464773 3774851.8275997806,3871967.5079633547 3774852.1531686075,3871967.8075263053 3774852.4723656424,3871968.113716955 3774852.785308911,3871968.4265371463 3774853.091524467,3871968.7455142997 3774853.391247431,3871969.070886088 3774853.6840047836,3871969.4021808514 3774853.9697946715,3871969.7395165055 3774854.248617559,3871970.08254069 3774854.520116596,3871970.4311354863 3774854.7842913177,3871970.785300899 3774855.0411417256,3871971.144802475 3774855.290311432,3871971.509286017 3774855.531917535,3871971.878870353 3774855.7657235223,3871972.253320118 3774855.9916099864,3871972.6323999446 3774856.209457509,3871973.0158735374 3774856.419383649,3871973.403742282 3774856.62103295,3871973.795770347 3774856.814404484,3871974.1917219018 3774856.999497324,3871974.5914794933 3774857.1761925197,3871974.99480821 3774857.344252174,3871975.401589677 3774857.503794303,3871975.811705983 3774857.6548184506,3871976.2248047586 3774857.7969677662,3871976.6408855454 3774857.9303607317,3871977.0595950554 3774858.0548774716,3871977.480932833 3774858.1706364774,3871977.904428596 3774858.277280432,3871978.330199339 3774858.3750467706,3871978.757891774 3774858.4638156164,3871979.18738891 3774858.543349536,3871979.6183360782 3774858.613884113,3871980.0508521143 3774858.675182832,3871980.484464437 3774858.727480818,3871980.9190565124 3774858.770422147,3871981.354391586 3774858.80424286,3871981.790470583 3774858.828705995,3871982.2268209145 3774858.8440466593,3871982.66356096 3774858.850146841,3871983.100219517 3774858.8468861873,3871983.536795665 3774858.8345016823,3871983.972936117 3774858.8128734436,3871984.4085234194 3774858.781882527,3871984.843438735 3774858.7417654363,3871985.2773283157 3774858.692520778,3871985.7101930818 3774858.6339115943,3871986.141677908 3774858.566291943,3871986.5716653354 3774858.489542872,3871986.9999195356 3774858.4036634644,3871987.426204214 3774858.3087712754,3872045.8743976336 3774845.680283084,3872037.0184069406 3774793.8018429787,3871956.6290182425 3774807.169726273)))",2,GovMap,https://www.govmap.gov.il/api/real-estate/street-deals/73096893?limit=100&offset=100&dealType=2&startDate=2021-01&endDate=2026-08,2026-08-22 13:43:02.817005+00:00
1784563,5000,תל אביב-יפו,50000456.0,ז'בוטינסקי,88.0,,3110,6131000,6058806350,קרקע,קרקע למגורים,,הצפון החדש סביבת כיכר המדינה,2021-04-27T00:00:00.000Z,6213,1490,9,6213-1490,"MULTIPOLYGON(((3871956.6290182425 3774807.169726273,3871959.274769599 3774822.810551194,3871962.8295168197 3774843.819825892,3871962.955348832 3774844.240001796,3871963.0900350767 3774844.657487316,3871963.2333411076 3774845.071926069,3871963.3853848404 3774845.483318517,3871963.5460492847 3774845.8914272306,3871963.7150999946 3774846.2958958205,3871963.892772341 3774846.696843697,3871964.078713962 3774847.0939140175,3871964.2729257816 3774847.4868698115,3871964.4752898826 3774847.8757106094,3871964.6859251074 3774848.2601999044,3871964.904478632 3774848.6400993383,3871965.1309509203 3774849.0152904247,3871965.365224979 3774849.385535724,3871965.6073008073 3774849.7508352357,3871965.856825586 3774850.1109506045,3871966.1140360637 3774850.465645777,3871966.378461051 3774850.8148004203,3871966.6502189143 3774851.1582965082,3871966.929192667 3774851.4958966044,3871967.2151464773 3774851.8275997806,3871967.5079633547 3774852.1531686075,3871967.8075263053 3774852.4723656424,3871968.113716955 3774852.785308911,3871968.4265371463 3774853.091524467,3871968.7455142997 3774853.391247431,3871969.070886088 3774853.6840047836,3871969.4021808514 3774853.9697946715,3871969.7395165055 3774854.248617559,3871970.08254069 3774854.520116596,3871970.4311354863 3774854.7842913177,3871970.785300899 3774855.0411417256,3871971.144802475 3774855.290311432,3871971.509286017 3774855.531917535,3871971.878870353 3774855.7657235223,3871972.253320118 3774855.9916099864,3871972.6323999446 3774856.209457509,3871973.0158735374 3774856.419383649,3871973.403742282 3774856.62103295,3871973.795770347 3774856.814404484,3871974.1917219018 3774856.999497324,3871974.5914794933 3774857.1761925197,3871974.99480821 3774857.344252174,3871975.401589677 3774857.503794303,3871975.811705983 3774857.6548184506,3871976.2248047586 3774857.7969677662,3871976.6408855454 3774857.9303607317,3871977.0595950554 3774858.0548774716,3871977.480932833 3774858.1706364774,3871977.904428596 3774858.277280432,3871978.330199339 3774858.3750467706,3871978.757891774 3774858.4638156164,3871979.18738891 3774858.543349536,3871979.6183360782 3774858.613884113,3871980.0508521143 3774858.675182832,3871980.484464437 3774858.727480818,3871980.9190565124 3774858.770422147,3871981.354391586 3774858.80424286,3871981.790470583 3774858.828705995,3871982.2268209145 3774858.8440466593,3871982.66356096 3774858.850146841,3871983.100219517 3774858.8468861873,3871983.536795665 3774858.8345016823,3871983.972936117 3774858.8128734436,3871984.4085234194 3774858.781882527,3871984.843438735 3774858.7417654363,3871985.2773283157 3774858.692520778,3871985.7101930818 3774858.6339115943,3871986.141677908 3774858.566291943,3871986.5716653354 3774858.489542872,3871986.9999195356 3774858.4036634644,3871987.426204214 3774858.3087712754,3872045.8743976336 3774845.680283084,3872037.0184069406 3774793.8018429787,3871956.6290182425 3774807.169726273)))",2,GovMap,https://www.govmap.gov.il/api/real-estate/street-deals/73096893?limit=100&offset=100&dealType=2&startDate=2021-01&endDate=2026-08,2026-08-22 13:43:02.817005+00:00
1784562,5000,תל אביב-יפו,50000456.0,ז'בוטינסקי,88.0,,1,6124000,6058839400,קרקע,קרקע למגורים,,הצפון החדש סביבת כיכר המדינה,2021-04-27T00:00:00.000Z,6213,1490,8,6213-1490,"MULTIPOLYGON(((3871956.6290182425 3774807.169726273,3871959.274769599 3774822.810551194,3871962.8295168197 3774843.819825892,3871962.955348832 3774844.240001796,3871963.0900350767 3774844.657487316,3871963.2333411076 3774845.071926069,3871963.3853848404 3774845.483318517,3871963.5460492847 3774845.8914272306,3871963.7150999946 3774846.2958958205,3871963.892772341 3774846.696843697,3871964.078713962 3774847.0939140175,3871964.2729257816 3774847.4868698115,3871964.4752898826 3774847.8757106094,3871964.6859251074 3774848.2601999044,3871964.904478632 3774848.6400993383,3871965.1309509203 3774849.0152904247,3871965.365224979 3774849.385535724,3871965.6073008073 3774849.7508352357,3871965.856825586 3774850.1109506045,3871966.1140360637 3774850.465645777,3871966.378461051 3774850.8148004203,3871966.6502189143 3774851.1582965082,3871966.929192667 3774851.4958966044,3871967.2151464773 3774851.8275997806,3871967.5079633547 3774852.1531686075,3871967.8075263053 3774852.4723656424,3871968.113716955 3774852.785308911,3871968.4265371463 3774853.091524467,3871968.7455142997 3774853.391247431,3871969.070886088 3774853.6840047836,3871969.4021808514 3774853.9697946715,3871969.7395165055 3774854.248617559,3871970.08254069 3774854.520116596,3871970.4311354863 3774854.7842913177,3871970.785300899 3774855.0411417256,3871971.144802475 3774855.290311432,3871971.509286017 3774855.531917535,3871971.878870353 3774855.7657235223,3871972.253320118 3774855.9916099864,3871972.6323999446 3774856.209457509,3871973.0158735374 3774856.419383649,3871973.403742282 3774856.62103295,3871973.795770347 3774856.814404484,3871974.1917219018 3774856.999497324,3871974.5914794933 3774857.1761925197,3871974.99480821 3774857.344252174,3871975.401589677 3774857.503794303,3871975.811705983 3774857.6548184506,3871976.2248047586 3774857.7969677662,3871976.6408855454 3774857.9303607317,3871977.0595950554 3774858.0548774716,3871977.480932833 3774858.1706364774,3871977.904428596 3774858.277280432,3871978.330199339 3774858.3750467706,3871978.757891774 3774858.4638156164,3871979.18738891 3774858.543349536,3871979.6183360782 3774858.613884113,3871980.0508521143 3774858.675182832,3871980.484464437 3774858.727480818,3871980.9190565124 3774858.770422147,3871981.354391586 3774858.80424286,3871981.790470583 3774858.828705995,3871982.2268209145 3774858.8440466593,3871982.66356096 3774858.850146841,3871983.100219517 3774858.8468861873,3871983.536795665 3774858.8345016823,3871983.972936117 3774858.8128734436,3871984.4085234194 3774858.781882527,3871984.843438735 3774858.7417654363,3871985.2773283157 3774858.692520778,3871985.7101930818 3774858.6339115943,3871986.141677908 3774858.566291943,3871986.5716653354 3774858.489542872,3871986.9999195356 3774858.4036634644,3871987.426204214 3774858.3087712754,3872045.8743976336 3774845.680283084,3872037.0184069406 3774793.8018429787,3871956.6290182425 3774807.169726273)))",2,GovMap,https://www.govmap.gov.il/api/real-estate/street-deals/73096893?limit=100&offset=100&dealType=2&startDate=2021-01&endDate=2026-08,2026-08-22 13:43:02.817005+00:00
1784561,5000,תל אביב-יפו,50000456.0,ז'בוטינסקי,88.0,,3110,4822000,6058190100,קרקע,קרקע למגורים,,הצפון החדש סביבת כיכר המדינה,2021-04-27T00:00:00.000Z,6213,1490,7,6213-1490,"MULTIPOLYGON(((3871956.6290182425 3774807.169726273,3871959.274769599 3774822.810551194,3871962.8295168197 3774843.819825892,3871962.955348832 3774844.240001796,3871963.0900350767 3774844.657487316,3871963.2333411076 3774845.071926069,3871963.3853848404 3774845.483318517,3871963.5460492847 3774845.8914272306,3871963.7150999946 3774846.2958958205,3871963.892772341 3774846.696843697,3871964.078713962 3774847.0939140175,3871964.2729257816 3774847.4868698115,3871964.4752898826 3774847.8757106094,3871964.6859251074 3774848.2601999044,3871964.904478632 3774848.6400993383,3871965.1309509203 3774849.0152904247,3871965.365224979 3774849.385535724,3871965.6073008073 3774849.7508352357,3871965.856825586 3774850.1109506045,3871966.1140360637 3774850.465645777,3871966.378461051 3774850.8148004203,3871966.6502189143 3774851.1582965082,3871966.929192667 3774851.4958966044,3871967.2151464773 3774851.8275997806,3871967.5079633547 3774852.1531686075,3871967.8075263053 3774852.4723656424,3871968.113716955 3774852.785308911,3871968.4265371463 3774853.091524467,3871968.7455142997 3774853.391247431,3871969.070886088 3774853.6840047836,3871969.4021808514 3774853.9697946715,3871969.7395165055 3774854.248617559,3871970.08254069 3774854.520116596,3871970.4311354863 3774854.7842913177,3871970.785300899 3774855.0411417256,3871971.144802475 3774855.290311432,3871971.509286017 3774855.531917535,3871971.878870353 3774855.7657235223,3871972.253320118 3774855.9916099864,3871972.6323999446 3774856.209457509,3871973.0158735374 3774856.419383649,3871973.403742282 3774856.62103295,3871973.795770347 3774856.814404484,3871974.1917219018 3774856.999497324,3871974.5914794933 3774857.1761925197,3871974.99480821 3774857.344252174,3871975.401589677 3774857.503794303,3871975.811705983 3774857.6548184506,3871976.2248047586 3774857.7969677662,3871976.6408855454 3774857.9303607317,3871977.0595950554 3774858.0548774716,3871977.480932833 3774858.1706364774,3871977.904428596 3774858.277280432,3871978.330199339 3774858.3750467706,3871978.757891774 3774858.4638156164,3871979.18738891 3774858.543349536,3871979.6183360782 3774858.613884113,3871980.0508521143 3774858.675182832,3871980.484464437 3774858.727480818,3871980.9190565124 3774858.770422147,3871981.354391586 3774858.80424286,3871981.790470583 3774858.828705995,3871982.2268209145 3774858.8440466593,3871982.66356096 3774858.850146841,3871983.100219517 3774858.8468861873,3871983.536795665 3774858.8345016823,3871983.972936117 3774858.8128734436,3871984.4085234194 3774858.781882527,3871984.843438735 3774858.7417654363,3871985.2773283157 3774858.692520778,3871985.7101930818 3774858.6339115943,3871986.141677908 3774858.566291943,3871986.5716653354 3774858.489542872,3871986.9999195356 3774858.4036634644,3871987.426204214 3774858.3087712754,3872045.8743976336 3774845.680283084,3872037.0184069406 3774793.8018429787,3871956.6290182425 3774807.169726273)))",2,GovMap,https://www.govmap.gov.il/api/real-estate/street-deals/73096893?limit=100&offset=100&dealType=2&startDate=2021-01&endDate=2026-08,2026-08-22 13:43:02.817005+00:00
1784560,5000,תל אביב-יפו,50000456.0,ז'בוטינסקי,88.0,,3110,1532000,6059368550,קרקע,קרקע למגורים,,הצפון החדש סביבת כיכר המדינה,2021-04-27T00:00:00.000Z,6213,1490,6,6213-1490,"MULTIPOLYGON(((3871956.6290182425 3774807.169726273,3871959.274769599 3774822.810551194,3871962.8295168197 3774843.819825892,3871962.955348832 3774844.240001796,3871963.0900350767 3774844.657487316,3871963.2333411076 3774845.071926069,3871963.3853848404 3774845.483318517,3871963.5460492847 3774845.8914272306,3871963.7150999946 3774846.2958958205,3871963.892772341 3774846.696843697,3871964.078713962 3774847.0939140175,3871964.2729257816 3774847.4868698115,3871964.4752898826 3774847.8757106094,3871964.6859251074 3774848.2601999044,3871964.904478632 3774848.6400993383,3871965.1309509203 3774849.0152904247,3871965.365224979 3774849.385535724,3871965.6073008073 3774849.7508352357,3871965.856825586 3774850.1109506045,3871966.1140360637 3774850.465645777,3871966.378461051 3774850.8148004203,3871966.6502189143 3774851.1582965082,3871966.929192667 3774851.4958966044,3871967.2151464773 3774851.8275997806,3871967.5079633547 3774852.1531686075,3871967.8075263053 3774852.4723656424,3871968.113716955 3774852.785308911,3871968.4265371463 3774853.091524467,3871968.7455142997 3774853.391247431,3871969.070886088 3774853.6840047836,3871969.4021808514 3774853.9697946715,3871969.7395165055 3774854.248617559,3871970.08254069 3774854.520116596,3871970.4311354863 3774854.7842913177,3871970.785300899 3774855.0411417256,3871971.144802475 3774855.290311432,3871971.509286017 3774855.531917535,3871971.878870353 3774855.7657235223,3871972.253320118 3774855.9916099864,3871972.6323999446 3774856.209457509,3871973.0158735374 3774856.419383649,3871973.403742282 3774856.62103295,3871973.795770347 3774856.814404484,3871974.1917219018 3774856.999497324,3871974.5914794933 3774857.1761925197,3871974.99480821 3774857.344252174,3871975.401589677 3774857.503794303,3871975.811705983 3774857.6548184506,3871976.2248047586 3774857.7969677662,3871976.6408855454 3774857.9303607317,3871977.0595950554 3774858.0548774716,3871977.480932833 3774858.1706364774,3871977.904428596 3774858.277280432,3871978.330199339 3774858.3750467706,3871978.757891774 3774858.4638156164,3871979.18738891 3774858.543349536,3871979.6183360782 3774858.613884113,3871980.0508521143 3774858.675182832,3871980.484464437 3774858.727480818,3871980.9190565124 3774858.770422147,3871981.354391586 3774858.80424286,3871981.790470583 3774858.828705995,3871982.2268209145 3774858.8440466593,3871982.66356096 3774858.850146841,3871983.100219517 3774858.8468861873,3871983.536795665 3774858.8345016823,3871983.972936117 3774858.8128734436,3871984.4085234194 3774858.781882527,3871984.843438735 3774858.7417654363,3871985.2773283157 3774858.692520778,3871985.7101930818 3774858.6339115943,3871986.141677908 3774858.566291943,3871986.5716653354 3774858.489542872,3871986.9999195356 3774858.4036634644,3871987.426204214 3774858.3087712754,3872045.8743976336 3774845.680283084,3872037.0184069406 3774793.8018429787,3871956.6290182425 3774807.169726273)))",2,GovMap,https://www.govmap.gov.il/api/real-estate/street-deals/73096893?limit=100&offset=100&dealType=2&startDate=2021-01&endDate=2026-08,2026-08-22 13:43:02.817005+00:00
1784557,5000,תל אביב-יפו,50000456.0,ז'בוטינסקי,88.0,,3110,383000,6059588950,קרקע,קרקע למגורים,,הצפון החדש סביבת כיכר המדינה,2021-04-27T00:00:00.000Z,6213,1490,3,6213-1490,"MULTIPOLYGON(((3871956.6290182425 3774807.169726273,3871959.274769599 3774822.810551194,3871962.8295168197 3774843.819825892,3871962.955348832 3774844.240001796,3871963.0900350767 3774844.657487316,3871963.2333411076 3774845.071926069,3871963.3853848404 3774845.483318517,3871963.5460492847 3774845.8914272306,3871963.7150999946 3774846.2958958205,3871963.892772341 3774846.696843697,3871964.078713962 3774847.0939140175,3871964.2729257816 3774847.4868698115,3871964.4752898826 3774847.8757106094,3871964.6859251074 3774848.2601999044,3871964.904478632 3774848.6400993383,3871965.1309509203 3774849.0152904247,3871965.365224979 3774849.385535724,3871965.6073008073 3774849.7508352357,3871965.856825586 3774850.1109506045,3871966.1140360637 3774850.465645777,3871966.378461051 3774850.8148004203,3871966.6502189143 3774851.1582965082,3871966.929192667 3774851.4958966044,3871967.2151464773 3774851.8275997806,3871967.5079633547 3774852.1531686075,3871967.8075263053 3774852.4723656424,3871968.113716955 3774852.785308911,3871968.4265371463 3774853.091524467,3871968.7455142997 3774853.391247431,3871969.070886088 3774853.6840047836,3871969.4021808514 3774853.9697946715,3871969.7395165055 3774854.248617559,3871970.08254069 3774854.520116596,3871970.4311354863 3774854.7842913177,3871970.785300899 3774855.0411417256,3871971.144802475 3774855.290311432,3871971.509286017 3774855.531917535,3871971.878870353 3774855.7657235223,3871972.253320118 3774855.9916099864,3871972.6323999446 3774856.209457509,3871973.0158735374 3774856.419383649,3871973.403742282 3774856.62103295,3871973.795770347 3774856.814404484,3871974.1917219018 3774856.999497324,3871974.5914794933 3774857.1761925197,3871974.99480821 3774857.344252174,3871975.401589677 3774857.503794303,3871975.811705983 3774857.6548184506,3871976.2248047586 3774857.7969677662,3871976.6408855454 3774857.9303607317,3871977.0595950554 3774858.0548774716,3871977.480932833 3774858.1706364774,3871977.904428596 3774858.277280432,3871978.330199339 3774858.3750467706,3871978.757891774 3774858.4638156164,3871979.18738891 3774858.543349536,3871979.6183360782 3774858.613884113,3871980.0508521143 3774858.675182832,3871980.484464437 3774858.727480818,3871980.9190565124 3774858.770422147,3871981.354391586 3774858.80424286,3871981.790470583 3774858.828705995,3871982.2268209145 3774858.8440466593,3871982.66356096 3774858.850146841,3871983.100219517 3774858.8468861873,3871983.536795665 3774858.8345016823,3871983.972936117 3774858.8128734436,3871984.4085234194 3774858.781882527,3871984.843438735 3774858.7417654363,3871985.2773283157 3774858.692520778,3871985.7101930818 3774858.6339115943,3871986.141677908 3774858.566291943,3871986.5716653354 3774858.489542872,3871986.9999195356 3774858.4036634644,3871987.426204214 3774858.3087712754,3872045.8743976336 3774845.680283084,3872037.0184069406 3774793.8018429787,3871956.6290182425 3774807.169726273)))",2,GovMap,https://www.govmap.gov.il/api/real-estate/street-deals/73096893?limit=100&offset=100&dealType=2&startDate=2021-01&endDate=2026-08,2026-08-22 13:43:02.817005+00:00
1784559,5000,תל אביב-יפו,50000456.0,ז'בוטינסקי,88.0,,3110,1149000,6060464500,קרקע,קרקע למגורים,,הצפון החדש סביבת כיכר המדינה,2021-04-27T00:00:00.000Z,6213,1490,5,6213-1490,"MULTIPOLYGON(((3871956.6290182425 3774807.169726273,3871959.274769599 3774822.810551194,3871962.8295168197 3774843.819825892,3871962.955348832 3774844.240001796,3871963.0900350767 3774844.657487316,3871963.2333411076 3774845.071926069,3871963.3853848404 3774845.483318517,3871963.5460492847 3774845.8914272306,3871963.7150999946 3774846.2958958205,3871963.892772341 3774846.696843697,3871964.078713962 3774847.0939140175,3871964.2729257816 3774847.4868698115,3871964.4752898826 3774847.8757106094,3871964.6859251074 3774848.2601999044,3871964.904478632 3774848.6400993383,3871965.1309509203 3774849.0152904247,3871965.365224979 3774849.385535724,3871965.6073008073 3774849.7508352357,3871965.856825586 3774850.1109506045,3871966.1140360637 3774850.465645777,3871966.378461051 3774850.8148004203,3871966.6502189143 3774851.1582965082,3871966.929192667 3774851.4958966044,3871967.2151464773 3774851.8275997806,3871967.5079633547 3774852.1531686075,3871967.8075263053 3774852.4723656424,3871968.113716955 3774852.785308911,3871968.4265371463 3774853.091524467,3871968.7455142997 3774853.391247431,3871969.070886088 3774853.6840047836,3871969.4021808514 3774853.9697946715,3871969.7395165055 3774854.248617559,3871970.08254069 3774854.520116596,3871970.4311354863 3774854.7842913177,3871970.785300899 3774855.0411417256,3871971.144802475 3774855.290311432,3871971.509286017 3774855.531917535,3871971.878870353 3774855.7657235223,3871972.253320118 3774855.9916099864,3871972.6323999446 3774856.209457509,3871973.0158735374 3774856.419383649,3871973.403742282 3774856.62103295,3871973.795770347 3774856.814404484,3871974.1917219018 3774856.999497324,3871974.5914794933 3774857.1761925197,3871974.99480821 3774857.344252174,3871975.401589677 3774857.503794303,3871975.811705983 3774857.6548184506,3871976.2248047586 3774857.7969677662,3871976.6408855454 3774857.9303607317,3871977.0595950554 3774858.0548774716,3871977.480932833 3774858.1706364774,3871977.904428596 3774858.277280432,3871978.330199339 3774858.3750467706,3871978.757891774 3774858.4638156164,3871979.18738891 3774858.543349536,3871979.6183360782 3774858.613884113,3871980.0508521143 3774858.675182832,3871980.484464437 3774858.727480818,3871980.9190565124 3774858.770422147,3871981.354391586 3774858.80424286,3871981.790470583 3774858.828705995,3871982.2268209145 3774858.8440466593,3871982.66356096 3774858.850146841,3871983.100219517 3774858.8468861873,3871983.536795665 3774858.8345016823,3871983.972936117 3774858.8128734436,3871984.4085234194 3774858.781882527,3871984.843438735 3774858.7417654363,3871985.2773283157 3774858.692520778,3871985.7101930818 3774858.6339115943,3871986.141677908 3774858.566291943,3871986.5716653354 3774858.489542872,3871986.9999195356 3774858.4036634644,3871987.426204214 3774858.3087712754,3872045.8743976336 3774845.680283084,3872037.0184069406 3774793.8018429787,3871956.6290182425 3774807.169726273)))",2,GovMap,https://www.govmap.gov.il/api/real-estate/street-deals/73096893?limit=100&offset=100&dealType=2&startDate=2021-01&endDate=2026-08,2026-08-22 13:43:02.817005+00:00
1784550,5000,תל אביב-יפו,50000456.0,ז'בוטינסקי,88.0,,3110,13697000,6058339450,קרקע,קרקע למגורים,,הצפון החדש סביבת כיכר המדינה,2021-04-27T00:00:00.000Z,6213,1490,10,6213-1490,"MULTIPOLYGON(((3871956.6290182425 3774807.169726273,3871959.274769599 3774822.810551194,3871962.8295168197 3774843.819825892,3871962.955348832 3774844.240001796,3871963.0900350767 3774844.657487316,3871963.2333411076 3774845.071926069,3871963.3853848404 3774845.483318517,3871963.5460492847 3774845.8914272306,3871963.7150999946 3774846.2958958205,3871963.892772341 3774846.696843697,3871964.078713962 3774847.0939140175,3871964.2729257816 3774847.4868698115,3871964.4752898826 3774847.8757106094,3871964.6859251074 3774848.2601999044,3871964.904478632 3774848.6400993383,3871965.1309509203 3774849.0152904247,3871965.365224979 3774849.385535724,3871965.6073008073 3774849.7508352357,3871965.856825586 3774850.1109506045,3871966.1140360637 3774850.465645777,3871966.378461051 3774850.8148004203,3871966.6502189143 3774851.1582965082,3871966.929192667 3774851.4958966044,3871967.2151464773 3774851.8275997806,3871967.5079633547 3774852.1531686075,3871967.8075263053 3774852.4723656424,3871968.113716955 3774852.785308911,3871968.4265371463 3774853.091524467,3871968.7455142997 3774853.391247431,3871969.070886088 3774853.6840047836,3871969.4021808514 3774853.9697946715,3871969.7395165055 3774854.248617559,3871970.08254069 3774854.520116596,3871970.4311354863 3774854.7842913177,3871970.785300899 3774855.0411417256,3871971.144802475 3774855.290311432,3871971.509286017 3774855.531917535,3871971.878870353 3774855.7657235223,3871972.253320118 3774855.9916099864,3871972.6323999446 3774856.209457509,3871973.0158735374 3774856.419383649,3871973.403742282 3774856.62103295,3871973.795770347 3774856.814404484,3871974.1917219018 3774856.999497324,3871974.5914794933 3774857.1761925197,3871974.99480821 3774857.344252174,3871975.401589677 3774857.503794303,3871975.811705983 3774857.6548184506,3871976.2248047586 3774857.7969677662,3871976.6408855454 3774857.9303607317,3871977.0595950554 3774858.0548774716,3871977.480932833 3774858.1706364774,3871977.904428596 3774858.277280432,3871978.330199339 3774858.3750467706,3871978.757891774 3774858.4638156164,3871979.18738891 3774858.543349536,3871979.6183360782 3774858.613884113,3871980.0508521143 3774858.675182832,3871980.484464437 3774858.727480818,3871980.9190565124 3774858.770422147,3871981.354391586 3774858.80424286,3871981.790470583 3774858.828705995,3871982.2268209145 3774858.8440466593,3871982.66356096 3774858.850146841,3871983.100219517 3774858.8468861873,3871983.536795665 3774858.8345016823,3871983.972936117 3774858.8128734436,3871984.4085234194 3774858.781882527,3871984.843438735 3774858.7417654363,3871985.2773283157 3774858.692520778,3871985.7101930818 3774858.6339115943,3871986.141677908 3774858.566291943,3871986.5716653354 3774858.489542872,3871986.9999195356 3774858.4036634644,3871987.426204214 3774858.3087712754,3872045.8743976336 3774845.680283084,3872037.0184069406 3774793.8018429787,3871956.6290182425 3774807.169726273)))",2,GovMap,https://www.govmap.gov.il/api/real-estate/street-deals/73096893?limit=100&offset=100&dealType=2&startDate=2021-01&endDate=2026-08,2026-08-22 13:43:02.817005+00:00
1784558,5000,תל אביב-יפו,50000456.0,ז'בוטינסקי,88.0,,3110,510000,6058921000,קרקע,קרקע למגורים,,הצפון החדש סביבת כיכר המדינה,2021-04-27T00:00:00.000Z,6213,1490,4,6213-1490,"MULTIPOLYGON(((3871956.6290182425 3774807.169726273,3871959.274769599 3774822.810551194,3871962.8295168197 3774843.819825892,3871962.955348832 3774844.240001796,3871963.0900350767 3774844.657487316,3871963.2333411076 3774845.071926069,3871963.3853848404 3774845.483318517,3871963.5460492847 3774845.8914272306,3871963.7150999946 3774846.2958958205,3871963.892772341 3774846.696843697,3871964.078713962 3774847.0939140175,3871964.2729257816 3774847.4868698115,3871964.4752898826 3774847.8757106094,3871964.6859251074 3774848.2601999044,3871964.904478632 3774848.6400993383,3871965.1309509203 3774849.0152904247,3871965.365224979 3774849.385535724,3871965.6073008073 3774849.7508352357,3871965.856825586 3774850.1109506045,3871966.1140360637 3774850.465645777,3871966.378461051 3774850.8148004203,3871966.6502189143 3774851.1582965082,3871966.929192667 3774851.4958966044,3871967.2151464773 3774851.8275997806,3871967.5079633547 3774852.1531686075,3871967.8075263053 3774852.4723656424,3871968.113716955 3774852.785308911,3871968.4265371463 3774853.091524467,3871968.7455142997 3774853.391247431,3871969.070886088 3774853.6840047836,3871969.4021808514 3774853.9697946715,3871969.7395165055 3774854.248617559,3871970.08254069 3774854.520116596,3871970.4311354863 3774854.7842913177,3871970.785300899 3774855.0411417256,3871971.144802475 3774855.290311432,3871971.509286017 3774855.531917535,3871971.878870353 3774855.7657235223,3871972.253320118 3774855.9916099864,3871972.6323999446 3774856.209457509,3871973.0158735374 3774856.419383649,3871973.403742282 3774856.62103295,3871973.795770347 3774856.814404484,3871974.1917219018 3774856.999497324,3871974.5914794933 3774857.1761925197,3871974.99480821 3774857.344252174,3871975.401589677 3774857.503794303,3871975.811705983 3774857.6548184506,3871976.2248047586 3774857.7969677662,3871976.6408855454 3774857.9303607317,3871977.0595950554 3774858.0548774716,3871977.480932833 3774858.1706364774,3871977.904428596 3774858.277280432,3871978.330199339 3774858.3750467706,3871978.757891774 3774858.4638156164,3871979.18738891 3774858.543349536,3871979.6183360782 3774858.613884113,3871980.0508521143 3774858.675182832,3871980.484464437 3774858.727480818,3871980.9190565124 3774858.770422147,3871981.354391586 3774858.80424286,3871981.790470583 3774858.828705995,3871982.2268209145 3774858.8440466593,3871982.66356096 3774858.850146841,3871983.100219517 3774858.8468861873,3871983.536795665 3774858.8345016823,3871983.972936117 3774858.8128734436,3871984.4085234194 3774858.781882527,3871984.843438735 3774858.7417654363,3871985.2773283157 3774858.692520778,3871985.7101930818 3774858.6339115943,3871986.141677908 3774858.566291943,3871986.5716653354 3774858.489542872,3871986.9999195356 3774858.4036634644,3871987.426204214 3774858.3087712754,3872045.8743976336 3774845.680283084,3872037.0184069406 3774793.8018429787,3871956.6290182425 3774807.169726273)))",2,GovMap,https://www.govmap.gov.il/api/real-estate/street-deals/73096893?limit=100&offset=100&dealType=2&startDate=2021-01&endDate=2026-08,2026-08-22 13:43:02.817005+00:00
2158401,5000,תל אביב -יפו,50000456.0,ז'בוטינסקי,5.0,שלישית,72,5100000,6055416800,דירה,דירה בבית קומות,3.0,הצפון הישן-החלק הצפוני,2021-03-31T00:00:00.000Z,6960,51,17,52236062,"MULTIPOLYGON(((3870955.1343882657 3775093.2525719674,3870933.406420564 3775098.047066695,3870939.774914662 3775127.4699285445,3870958.7884763354 3775123.2569606532,3870956.716017489 3775113.6272759116,3870947.9707079474 3775115.511688125,3870946.9179737754 3775110.4005566766,3870958.2595804282 3775107.993368255,3870955.1343882657 3775093.2525719674)))",2,GovMap,https://www.govmap.gov.il/api/real-estate/street-deals/73096893?limit=100&offset=100&dealType=2&startDate=2021-01&endDate=2026-08,2026-08-22 13:43:02.817005+00:00
2158473,5000,תל אביב-יפו,50000456.0,ז'בוטינסקי,9.0,שלישית,80,3400000,6055834650,דירה,דירה בבית קומות,3.0,הצפון הישן-החלק הצפוני,2021-03-17T00:00:00.000Z,6960,62,3,52359661,"MULTIPOLYGON(((3871052.0913336645 3775075.2395312088,3871042.4145219843 3775077.1202738453,3871042.888245013 3775079.574901311,3871022.934361443 3775083.049583943,3871026.1666819323 3775100.527887828,3871051.773529583 3775095.890956021,3871049.696828025 3775084.3417637404,3871053.5907715457 3775083.681979546,3871052.0913336645 3775075.2395312088)))",2,GovMap,https://www.govmap.gov.il/api/real-estate/street-deals/73096893?limit=100&offset=100&dealType=2&startDate=2021-01&endDate=2026-08,2026-08-22 13:43:02.817005+00:00
1783497,5000,תל אביב-יפו,50000456.0,ז'בוטינסקי,95.0,רביעית,112,5150000,6054659050,דירה,דירה בבית קומות,5.0,הצפון החדש סביבת כיכר המדינה,2021-03-17T00:00:00.000Z,6213,1399,14,52285573,"MULTIPOLYGON(((3872170.6504795486 3774864.246151562,3872141.5203664787 3774871.525718421,3872148.1142397793 3774898.2941661375,3872170.433029726 3774892.9666539994,3872167.183898131 3774879.4108154126,3872174.029317849 3774877.8024799274,3872170.6504795486 3774864.246151562)))",2,GovMap,https://www.govmap.gov.il/api/real-estate/street-deals/73096893?limit=100&offset=100&dealType=2&startDate=2021-01&endDate=2026-08,2026-08-22 13:43:02.817005+00:00
2158421,5000,תל אביב-יפו,50000456.0,ז'בוטינסקי,7.0,ראשונה,51,2710000,6054546100,דירה,דירה בבית קומות,2.0,הצפון הישן-החלק הצפוני,2021-03-16T00:00:00.000Z,6960,52,8,53116133,"MULTIPOLYGON(((3870995.7902297853 3775088.782232733,3870959.9042658224 3775095.522432342,3870962.9194281986 3775111.2462522187,3870988.644568478 3775106.5269841687,3870988.171985691 3775103.787978841,3870996.562399077 3775102.1864899,3870995.4087932976 3775095.7478813143,3870997.049301433 3775095.3871459984,3870995.7902297853 3775088.782232733)))",2,GovMap,https://www.govmap.gov.il/api/real-estate/street-deals/73096893?limit=100&offset=100&dealType=2&startDate=2021-01&endDate=2026-08,2026-08-22 13:43:02.817005+00:00
1785433,5000,תל אביב-יפו,50000456.0,ז'בוטינסקי,134.0,רביעית,93,2000000,6055258350,קרקע,קרקע למגורים,4.0,הצפון החדש סביבת כיכר המדינה,2021-03-15T00:00:00.000Z,6213,345,15,52321625,"MULTIPOLYGON(((3872986.2330270126 3774604.5133247157,3872969.2277331715 3774608.1446499783,3872971.6480549118 3774619.718086641,3872976.6161546395 3774618.6945276232,3872977.531328255 3774622.987203407,3872971.878790812 3774624.1503125182,3872975.2373331804 3774640.1587166833,3872991.7586860172 3774636.66769509,3872988.283292699 3774620.374486806,3872982.383140585 3774621.536648553,3872981.223778202 3774616.3425490814,3872988.4223667327 3774614.818077784,3872986.2330270126 3774604.5133247157)))",2,GovMap,https://www.govmap.gov.il/api/real-estate/street-deals/73096893?limit=100&offset=100&dealType=2&startDate=2021-01&endDate=2026-08,2026-08-22 13:43:02.817005+00:00
1627987,5000,תל אביב-יפו,50000456.0,ז'בוטינסקי,155.0,ראשונה,63,2600000,6053645200,דירה,דירה בבית קומות,2.0,הצפון החדש סביבת כיכר המדינה,2021-03-02T00:00:00.000Z,6108,462,1,52347607,"MULTIPOLYGON(((3873364.95697207 3774602.7763636317,3873349.514101355 3774604.862037071,3873352.383584301 3774625.607847869,3873367.8270181133 3774623.3799874443,3873364.95697207 3774602.7763636317)))",2,GovMap,https://www.govmap.gov.il/api/real-estate/street-deals/73096893?limit=100&offset=100&dealType=2&startDate=2021-01&endDate=2026-08,2026-08-22 13:43:02.817005+00:00
2158408,5000,תל אביב-יפו,50000456.0,ז'בוטינסקי,7.0,שלישית,33,2800000,6055524900,דירה,דירה בבית קומות,2.0,הצפון הישן-החלק הצפוני,2021-02-11T00:00:00.000Z,6960,52,15,53116133,"MULTIPOLYGON(((3870995.7902297853 3775088.782232733,3870959.9042658224 3775095.522432342,3870962.9194281986 3775111.2462522187,3870988.644568478 3775106.5269841687,3870988.171985691 3775103.787978841,3870996.562399077 3775102.1864899,3870995.4087932976 3775095.7478813143,3870997.049301433 3775095.3871459984,3870995.7902297853 3775088.782232733)))",2,GovMap,https://www.govmap.gov.il/api/real-estate/street-deals/73096893?limit=100&offset=100&dealType=2&startDate=2021-01&endDate=2026-08,2026-08-22 13:43:02.817005+00:00
1627093,5000,תל אביב-יפו,50000933.0,ליסין,17.0,שביעית,148,10500000,6211488300,דירה,דירה בבית קומות,5.0,הצפון החדש סביבת כיכר המדינה,2024-09-19T00:00:00.000Z,6108,156,31,52045525,"MULTIPOLYGON(((3873127.462929711 3774547.5905462694,3873109.0652236547 3774551.5247757924,3873110.0961018265 3774556.4102834794,3873097.4569943678 3774559.1817358835,3873102.217986925 3774581.629111463,3873116.3795817005 3774578.4961846825,3873113.1460718354 3774563.6732238363,3873118.7991078123 3774562.367874035,3873121.811694967 3774576.3724414,3873133.152609837 3774573.9040433676,3873127.462929711 3774547.5905462694)))",1,GovMap,https://www.govmap.gov.il/api/real-estate/street-deals/52045525?limit=100&offset=0&dealType=2&startDate=2021-01&endDate=2026-08,2026-08-22 13:43:03.167195+00:00
1627094,5000,תל אביב-יפו,50000933.0,ליסין,17.0,שלישית,60,4350000,6209951750,דירה,דירה בבית קומות,3.0,הצפון החדש סביבת כיכר המדינה,2024-08-15T00:00:00.000Z,6108,156,32,52045525,"MULTIPOLYGON(((3873127.462929711 3774547.5905462694,3873109.0652236547 3774551.5247757924,3873110.0961018265 3774556.4102834794,3873097.4569943678 3774559.1817358835,3873102.217986925 3774581.629111463,3873116.3795817005 3774578.4961846825,3873113.1460718354 3774563.6732238363,3873118.7991078123 3774562.367874035,3873121.811694967 3774576.3724414,3873133.152609837 3774573.9040433676,3873127.462929711 3774547.5905462694)))",1,GovMap,https://www.govmap.gov.il/api/real-estate/street-deals/52045525?limit=100&offset=0&dealType=2&startDate=2021-01&endDate=2026-08,2026-08-22 13:43:03.167195+00:00
1627088,5000,תל אביב-יפו,50000933.0,ליסין,17.0,ראשונה,20,1219000,6202974300,דירה,דירה בבית קומות,1.0,הצפון החדש סביבת כיכר המדינה,2024-02-13T00:00:00.000Z,6108,156,26,52045525,"MULTIPOLYGON(((3873127.462929711 3774547.5905462694,3873109.0652236547 3774551.5247757924,3873110.0961018265 3774556.4102834794,3873097.4569943678 3774559.1817358835,3873102.217986925 3774581.629111463,3873116.3795817005 3774578.4961846825,3873113.1460718354 3774563.6732238363,3873118.7991078123 3774562.367874035,3873121.811694967 3774576.3724414,3873133.152609837 3774573.9040433676,3873127.462929711 3774547.5905462694)))",1,GovMap,https://www.govmap.gov.il/api/real-estate/street-deals/52045525?limit=100&offset=0&dealType=2&startDate=2021-01&endDate=2026-08,2026-08-22 13:43:03.167195+00:00
1627095,5000,תל אביב-יפו,50000933.0,ליסין,17.0,,71,440000,6203463950,קרקע,קומבינציה,0.0,הצפון החדש סביבת כיכר המדינה,2024-02-13T00:00:00.000Z,6108,156,33,52045525,"MULTIPOLYGON(((3873127.462929711 3774547.5905462694,3873109.0652236547 3774551.5247757924,3873110.0961018265 3774556.4102834794,3873097.4569943678 3774559.1817358835,3873102.217986925 3774581.629111463,3873116.3795817005 3774578.4961846825,3873113.1460718354 3774563.6732238363,3873118.7991078123 3774562.367874035,3873121.811694967 3774576.3724414,3873133.152609837 3774573.9040433676,3873127.462929711 3774547.5905462694)))",1,GovMap,https://www.govmap.gov.il/api/real-estate/street-deals/52045525?limit=100&offset=0&dealType=2&startDate=2021-01&endDate=2026-08,2026-08-22 13:43:03.167195+00:00
1627096,5000,תל אביב-יפו,50000933.0,ליסין,17.0,,96,2330000,6203966800,קרקע,קומבינציה,0.0,הצפון החדש סביבת כיכר המדינה,2024-02-13T00:00:00.000Z,6108,156,33,52045525,"MULTIPOLYGON(((3873127.462929711 3774547.5905462694,3873109.0652236547 3774551.5247757924,3873110.0961018265 3774556.4102834794,3873097.4569943678 3774559.1817358835,3873102.217986925 3774581.629111463,3873116.3795817005 3774578.4961846825,3873113.1460718354 3774563.6732238363,3873118.7991078123 3774562.367874035,3873121.811694967 3774576.3724414,3873133.152609837 3774573.9040433676,3873127.462929711 3774547.5905462694)))",1,GovMap,https://www.govmap.gov.il/api/real-estate/street-deals/52045525?limit=100&offset=0&dealType=2&startDate=2021-01&endDate=2026-08,2026-08-22 13:43:03.167195+00:00
1627086,5000,תל אביב-יפו,50000933.0,ליסין,17.0,שניה,10,120000,6202973000,דירה,דירה בבית קומות,2.0,הצפון החדש סביבת כיכר המדינה,2024-02-13T00:00:00.000Z,6108,156,24,52045525,"MULTIPOLYGON(((3873127.462929711 3774547.5905462694,3873109.0652236547 3774551.5247757924,3873110.0961018265 3774556.4102834794,3873097.4569943678 3774559.1817358835,3873102.217986925 3774581.629111463,3873116.3795817005 3774578.4961846825,3873113.1460718354 3774563.6732238363,3873118.7991078123 3774562.367874035,3873121.811694967 3774576.3724414,3873133.152609837 3774573.9040433676,3873127.462929711 3774547.5905462694)))",1,GovMap,https://www.govmap.gov.il/api/real-estate/street-deals/52045525?limit=100&offset=0&dealType=2&startDate=2021-01&endDate=2026-08,2026-08-22 13:43:03.167195+00:00
1627087,5000,תל אביב-יפו,50000933.0,ליסין,17.0,ראשונה,1,882000,6203146400,דירה,דירה בבית קומות,1.0,הצפון החדש סביבת כיכר המדינה,2024-02-13T00:00:00.000Z,6108,156,25,52045525,"MULTIPOLYGON(((3873127.462929711 3774547.5905462694,3873109.0652236547 3774551.5247757924,3873110.0961018265 3774556.4102834794,3873097.4569943678 3774559.1817358835,3873102.217986925 3774581.629111463,3873116.3795817005 3774578.4961846825,3873113.1460718354 3774563.6732238363,3873118.7991078123 3774562.367874035,3873121.811694967 3774576.3724414,3873133.152609837 3774573.9040433676,3873127.462929711 3774547.5905462694)))",1,GovMap,https://www.govmap.gov.il/api/real-estate/street-deals/52045525?limit=100&offset=0&dealType=2&startDate=2021-01&endDate=2026-08,2026-08-22 13:43:03.167195+00:00
1627097,5000,תל אביב-יפו,50000933.0,ליסין,17.0,שניה,42,2984000,6201376650,דירה,דירה בבית קומות,2.0,הצפון החדש סביבת כיכר המדינה,2024-01-08T00:00:00.000Z,6108,156,35,52045525,"MULTIPOLYGON(((3873127.462929711 3774547.5905462694,3873109.0652236547 3774551.5247757924,3873110.0961018265 3774556.4102834794,3873097.4569943678 3774559.1817358835,3873102.217986925 3774581.629111463,3873116.3795817005 3774578.4961846825,3873113.1460718354 3774563.6732238363,3873118.7991078123 3774562.367874035,3873121.811694967 3774576.3724414,3873133.152609837 3774573.9040433676,3873127.462929711 3774547.5905462694)))",1,GovMap,https://www.govmap.gov.il/api/real-estate/street-deals/52045525?limit=100&offset=0&dealType=2&startDate=2021-01&endDate=2026-08,2026-08-22 13:43:03.167195+00:00
1627098,5000,תל אביב-יפו,50000933.0,ליסין,17.0,שניה,49,3312000,6201385750,דירה,דירה בבית קומות,2.0,הצפון החדש סביבת כיכר המדינה,2024-01-08T00:00:00.000Z,6108,156,35,52045525,"MULTIPOLYGON(((3873127.462929711 3774547.5905462694,3873109.0652236547 3774551.5247757924,3873110.0961018265 3774556.4102834794,3873097.4569943678 3774559.1817358835,3873102.217986925 3774581.629111463,3873116.3795817005 3774578.4961846825,3873113.1460718354 3774563.6732238363,3873118.7991078123 3774562.367874035,3873121.811694967 3774576.3724414,3873133.152609837 3774573.9040433676,3873127.462929711 3774547.5905462694)))",1,GovMap,https://www.govmap.gov.il/api/real-estate/street-deals/52045525?limit=100&offset=0&dealType=2&startDate=2021-01&endDate=2026-08,2026-08-22 13:43:03.167195+00:00
1627099,5000,תל אביב-יפו,50000933.0,ליסין,17.0,שניה,42,3010000,6201387450,דירה,דירה בבית קומות,2.0,הצפון החדש סביבת כיכר המדינה,2024-01-08T00:00:00.000Z,6108,156,35,52045525,"MULTIPOLYGON(((3873127.462929711 3774547.5905462694,3873109.0652236547 3774551.5247757924,3873110.0961018265 3774556.4102834794,3873097.4569943678 3774559.1817358835,3873102.217986925 3774581.629111463,3873116.3795817005 3774578.4961846825,3873113.1460718354 3774563.6732238363,3873118.7991078123 3774562.367874035,3873121.811694967 3774576.3724414,3873133.152609837 3774573.9040433676,3873127.462929711 3774547.5905462694)))",1,GovMap,https://www.govmap.gov.il/api/real-estate/street-deals/52045525?limit=100&offset=0&dealType=2&startDate=2021-01&endDate=2026-08,2026-08-22 13:43:03.167195+00:00
1627100,5000,תל אביב-יפו,50000933.0,ליסין,17.0,רביעית,46,3250000,6157317950,דירה,דירה בבית קומות,2.0,הצפון החדש סביבת כיכר המדינה,2023-07-06T00:00:00.000Z,6108,156,39,52045525,"MULTIPOLYGON(((3873127.462929711 3774547.5905462694,3873109.0652236547 3774551.5247757924,3873110.0961018265 3774556.4102834794,3873097.4569943678 3774559.1817358835,3873102.217986925 3774581.629111463,3873116.3795817005 3774578.4961846825,3873113.1460718354 3774563.6732238363,3873118.7991078123 3774562.367874035,3873121.811694967 3774576.3724414,3873133.152609837 3774573.9040433676,3873127.462929711 3774547.5905462694)))",1,GovMap,https://www.govmap.gov.il/api/real-estate/street-deals/52045525?limit=100&offset=0&dealType=2&startDate=2021-01&endDate=2026-08,2026-08-22 13:43:03.167195+00:00
1627102,5000,תל אביב-יפו,50000933.0,ליסין,17.0,שניה,49,3100000,6156695100,דירה,דירה בבית קומות,2.0,הצפון החדש סביבת כיכר המדינה,2023-05-31T00:00:00.000Z,6108,156,40,52045525,"MULTIPOLYGON(((3873127.462929711 3774547.5905462694,3873109.0652236547 3774551.5247757924,3873110.0961018265 3774556.4102834794,3873097.4569943678 3774559.1817358835,3873102.217986925 3774581.629111463,3873116.3795817005 3774578.4961846825,3873113.1460718354 3774563.6732238363,3873118.7991078123 3774562.367874035,3873121.811694967 3774576.3724414,3873133.152609837 3774573.9040433676,3873127.462929711 3774547.5905462694)))",1,GovMap,https://www.govmap.gov.il/api/real-estate/street-deals/52045525?limit=100&offset=0&dealType=2&startDate=2021-01&endDate=2026-08,2026-08-22 13:43:03.167195+00:00
1787106,5000,תל אביב-יפו,50000933.0,ליסין,9.0,ראשונה,91,6850000,6256930100,דירה,דירה בבית קומות,3.0,הצפון החדש סביבת כיכר המדינה,2025-05-04T00:00:00.000Z,6213,841,7,52275545,"MULTIPOLYGON(((3873005.8695629253 3774557.0528001213,3873002.995223624 3774565.620022326,3872989.4533613794 3774560.8285859204,3872985.983762737 3774570.886422313,3872972.4419015464 3774566.094964564,3872969.246284203 3774575.4192500706,3872957.4703100026 3774571.3691699826,3872951.7237191997 3774587.934897792,3872967.5154684503 3774593.327466282,3872970.13942501 3774585.4938748814,3872981.7857135884 3774589.543448572,3872984.897929108 3774580.443948859,3873000.0768548283 3774585.751175259,3873003.5464461567 3774575.693322428,3873015.9111457053 3774579.970741686,3873021.872456727 3774562.730457128,3873005.8695629253 3774557.0528001213)))",2,GovMap,https://www.govmap.gov.il/api/real-estate/street-deals/52045525?limit=100&offset=0&dealType=2&startDate=2021-01&endDate=2026-08,2026-08-22 13:43:03.167195+00:00
1787635,5000,תל אביב-יפו,50000933.0,ליסין,5.0,שניה,72,4810000,6256330350,דירה,דירה בבית קומות,3.0,הצפון החדש סביבת כיכר המדינה,2025-04-01T00:00:00.000Z,6213,947,21,53050725,"MULTIPOLYGON(((3872938.1364183067 3774539.3869339894,3872930.4969430673 3774560.6846962282,3872939.0926998 3774563.8220769344,3872937.3045483064 3774568.921873327,3872945.429205391 3774571.9152568337,3872954.8332213233 3774545.517583301,3872938.1364183067 3774539.3869339894)))",2,GovMap,https://www.govmap.gov.il/api/real-estate/street-deals/52045525?limit=100&offset=0&dealType=2&startDate=2021-01&endDate=2026-08,2026-08-22 13:43:03.167195+00:00
1785215,5000,תל אביב -יפו,50000933.0,ליסין,1.0,שלישית,127,7025000,6255161700,דירה,דירה בבית קומות,5.5,הצפון החדש סביבת כיכר המדינה,2025-03-02T00:00:00.000Z,6213,268,5,52295066,"MULTIPOLYGON(((3872900.327181011 3774525.5327272913,3872895.6997211585 3774536.1784680863,3872923.1159169017 3774548.2154240157,3872927.7433573883 3774537.569661892,3872900.327181011 3774525.5327272913)))",2,GovMap,https://www.govmap.gov.il/api/real-estate/street-deals/52045525?limit=100&offset=0&dealType=2&startDate=2021-01&endDate=2026-08,2026-08-22 13:43:03.167195+00:00
1787102,5000,תל אביב-יפו,50000933.0,ליסין,13.0,ראשונה,96,5766600,6254414700,דירה,דירה בבית קומות,3.0,הצפון החדש סביבת כיכר המדינה,2025-02-26T00:00:00.000Z,6213,841,5,52275545,"MULTIPOLYGON(((3873005.8695629253 3774557.0528001213,3873002.995223624 3774565.620022326,3872989.4533613794 3774560.8285859204,3872985.983762737 3774570.886422313,3872972.4419015464 3774566.094964564,3872969.246284203 3774575.4192500706,3872957.4703100026 3774571.3691699826,3872951.7237191997 3774587.934897792,3872967.5154684503 3774593.327466282,3872970.13942501 3774585.4938748814,3872981.7857135884 3774589.543448572,3872984.897929108 3774580.443948859,3873000.0768548283 3774585.751175259,3873003.5464461567 3774575.693322428,3873015.9111457053 3774579.970741686,3873021.872456727 3774562.730457128,3873005.8695629253 3774557.0528001213)))",2,GovMap,https://www.govmap.gov.il/api/real-estate/street-deals/52045525?limit=100&offset=0&dealType=2&startDate=2021-01&endDate=2026-08,2026-08-22 13:43:03.167195+00:00
1787636,5000,תל אביב-יפו,50000933.0,ליסין,5.0,שישית,74,5660000,6250213350,דירה,דירה בבית קומות,3.0,הצפון החדש סביבת כיכר המדינה,2024-12-26T00:00:00.000Z,6213,947,22,53050725,"MULTIPOLYGON(((3872938.1364183067 3774539.3869339894,3872930.4969430673 3774560.6846962282,3872939.0926998 3774563.8220769344,3872937.3045483064 3774568.921873327,3872945.429205391 3774571.9152568337,3872954.8332213233 3774545.517583301,3872938.1364183067 3774539.3869339894)))",2,GovMap,https://www.govmap.gov.il/api/real-estate/street-deals/52045525?limit=100&offset=0&dealType=2&startDate=2021-01&endDate=2026-08,2026-08-22 13:43:03.167195+00:00
1787177,5000,תל אביב-יפו,50000933.0,ליסין,15.0,מרתף,1,91000,6251994150,בנין,מחסנים,,הצפון החדש סביבת כיכר המדינה,2024-12-24T00:00:00.000Z,6213,851,2,52294776,"MULTIPOLYGON(((3873062.7907953546 3774562.1530009313,3873033.8991889884 3774562.859599499,3873034.2019466674 3774576.2613568367,3873063.2002468016 3774575.412985078,3873062.7907953546 3774562.1530009313)))",2,GovMap,https://www.govmap.gov.il/api/real-estate/street-deals/52045525?limit=100&offset=0&dealType=2&startDate=2021-01&endDate=2026-08,2026-08-22 13:43:03.167195+00:00
1787637,5000,תל אביב-יפו,50000933.0,ליסין,5.0,שניה,98,6226000,6214994200,דירה,דירה בבית קומות,4.0,הצפון החדש סביבת כיכר המדינה,2024-12-15T00:00:00.000Z,6213,947,23,53050725,"MULTIPOLYGON(((3872938.1364183067 3774539.3869339894,3872930.4969430673 3774560.6846962282,3872939.0926998 3774563.8220769344,3872937.3045483064 3774568.921873327,3872945.429205391 3774571.9152568337,3872954.8332213233 3774545.517583301,3872938.1364183067 3774539.3869339894)))",2,GovMap,https://www.govmap.gov.il/api/real-estate/street-deals/52045525?limit=100&offset=0&dealType=2&startDate=2021-01&endDate=2026-08,2026-08-22 13:43:03.167195+00:00
1787638,5000,תל אביב-יפו,50000933.0,ליסין,5.0,שניה,76,5156000,6213632100,דירה,דירה בבית קומות,3.0,הצפון החדש סביבת כיכר המדינה,2024-11-28T00:00:00.000Z,6213,947,24,53050725,"MULTIPOLYGON(((3872938.1364183067 3774539.3869339894,3872930.4969430673 3774560.6846962282,3872939.0926998 3774563.8220769344,3872937.3045483064 3774568.921873327,3872945.429205391 3774571.9152568337,3872954.8332213233 3774545.517583301,3872938.1364183067 3774539.3869339894)))",2,GovMap,https://www.govmap.gov.il/api/real-estate/street-deals/52045525?limit=100&offset=0&dealType=2&startDate=2021-01&endDate=2026-08,2026-08-22 13:43:03.167195+00:00
1627050,5000,תל אביב-יפו,50000933.0,ליסין,25.0,ראשונה,26,1800000,6212843400,דירה,דירה בבית קומות,3.0,הצפון החדש סביבת כיכר המדינה,2024-10-14T00:00:00.000Z,6108,153,7,52310345,"MULTIPOLYGON(((3873205.5867095822 3774530.484440409,3873192.8524672785 3774533.4807439083,3873198.7593316203 3774558.527228536,3873211.3877025465 3774555.4712654543,3873205.5867095822 3774530.484440409)))",2,GovMap,https://www.govmap.gov.il/api/real-estate/street-deals/52045525?limit=100&offset=0&dealType=2&startDate=2021-01&endDate=2026-08,2026-08-22 13:43:03.167195+00:00
1787639,5000,תל אביב-יפו,50000933.0,ליסין,5.0,שישית,115,8894000,6209209250,דירה,דירה בבית קומות,4.0,הצפון החדש סביבת כיכר המדינה,2024-07-30T00:00:00.000Z,6213,947,25,53050725,"MULTIPOLYGON(((3872938.1364183067 3774539.3869339894,3872930.4969430673 3774560.6846962282,3872939.0926998 3774563.8220769344,3872937.3045483064 3774568.921873327,3872945.429205391 3774571.9152568337,3872954.8332213233 3774545.517583301,3872938.1364183067 3774539.3869339894)))",2,GovMap,https://www.govmap.gov.il/api/real-estate/street-deals/52045525?limit=100&offset=0&dealType=2&startDate=2021-01&endDate=2026-08,2026-08-22 13:43:03.167195+00:00
1787640,5000,תל אביב-יפו,50000933.0,ליסין,5.0,ראשונה,72,4556000,6206086600,דירה,דירה בבית קומות,3.0,הצפון החדש סביבת כיכר המדינה,2024-05-16T00:00:00.000Z,6213,947,26,53050725,"MULTIPOLYGON(((3872938.1364183067 3774539.3869339894,3872930.4969430673 3774560.6846962282,3872939.0926998 3774563.8220769344,3872937.3045483064 3774568.921873327,3872945.429205391 3774571.9152568337,3872954.8332213233 3774545.517583301,3872938.1364183067 3774539.3869339894)))",2,GovMap,https://www.govmap.gov.il/api/real-estate/street-deals/52045525?limit=100&offset=0&dealType=2&startDate=2021-01&endDate=2026-08,2026-08-22 13:43:03.167195+00:00
1787641,5000,תל אביב-יפו,50000933.0,ליסין,5.0,ראשונה,74,4856000,6206088250,דירה,דירה בבית קומות,3.0,הצפון החדש סביבת כיכר המדינה,2024-05-16T00:00:00.000Z,6213,947,26,53050725,"MULTIPOLYGON(((3872938.1364183067 3774539.3869339894,3872930.4969430673 3774560.6846962282,3872939.0926998 3774563.8220769344,3872937.3045483064 3774568.921873327,3872945.429205391 3774571.9152568337,3872954.8332213233 3774545.517583301,3872938.1364183067 3774539.3869339894)))",2,GovMap,https://www.govmap.gov.il/api/real-estate/street-deals/52045525?limit=100&offset=0&dealType=2&startDate=2021-01&endDate=2026-08,2026-08-22 13:43:03.167195+00:00
1787642,5000,תל אביב-יפו,50000933.0,ליסין,5.0,שביעית,107,7516000,6200587150,דירה,דירה בבית קומות,4.0,הצפון החדש סביבת כיכר המדינה,2023-12-25T00:00:00.000Z,6213,947,28,53050725,"MULTIPOLYGON(((3872938.1364183067 3774539.3869339894,3872930.4969430673 3774560.6846962282,3872939.0926998 3774563.8220769344,3872937.3045483064 3774568.921873327,3872945.429205391 3774571.9152568337,3872954.8332213233 3774545.517583301,3872938.1364183067 3774539.3869339894)))",2,GovMap,https://www.govmap.gov.il/api/real-estate/street-deals/52045525?limit=100&offset=0&dealType=2&startDate=2021-01&endDate=2026-08,2026-08-22 13:43:03.167195+00:00
1782806,5000,תל אביב-יפו,50000933.0,ליסין,10.0,שלישית,104,5650000,6158251850,דירה,דירה בבית קומות,2.5,הצפון החדש סביבת כיכר המדינה,2023-07-08T00:00:00.000Z,6213,1197,6,52301823,"MULTIPOLYGON(((3873007.428654351 3774512.99454086,3873003.814941808 3774533.039996471,3873019.2630072534 3774535.777105754,3873022.9938403745 3774515.933513525,3873007.428654351 3774512.99454086)))",2,GovMap,https://www.govmap.gov.il/api/real-estate/street-deals/52045525?limit=100&offset=0&dealType=2&startDate=2021-01&endDate=2026-08,2026-08-22 13:43:03.167195+00:00
1627040,5000,תל אביב-יפו,50000933.0,ליסין,27.0,ראשונה,62,3000000,6108097650,דירה,דירה בבית קומות,3.0,הצפון החדש סביבת כיכר המדינה,2022-05-19T00:00:00.000Z,6108,152,1,52316072,"MULTIPOLYGON(((3873235.079011203 3774526.8176231445,3873217.8405438103 3774529.796725864,3873221.877682384 3774553.5090138298,3873239.234094916 3774550.5303507075,3873235.079011203 3774526.8176231445)))",2,GovMap,https://www.govmap.gov.il/api/real-estate/street-deals/52045525?limit=100&offset=0&dealType=2&startDate=2021-01&endDate=2026-08,2026-08-22 13:43:03.167195+00:00
1627051,5000,תל אביב-יפו,50000933.0,ליסין,25.0,ראשונה,47,1350000,6066146450,דירה,דירה בבית קומות,3.0,הצפון החדש סביבת כיכר המדינה,2021-09-23T00:00:00.000Z,6108,153,7,52310345,"MULTIPOLYGON(((3873205.5867095822 3774530.484440409,3873192.8524672785 3774533.4807439083,3873198.7593316203 3774558.527228536,3873211.3877025465 3774555.4712654543,3873205.5867095822 3774530.484440409)))",2,GovMap,https://www.govmap.gov.il/api/real-estate/street-deals/52045525?limit=100&offset=0&dealType=2&startDate=2021-01&endDate=2026-08,2026-08-22 13:43:03.167195+00:00
1628005,5000,תל אביב -יפו,50000933.0,ליסין,31.0,רביעית וגג,80,5480000,6060760300,דירה,דירה בבית קומות,4.0,הצפון החדש סביבת כיכר המדינה,2021-06-13T00:00:00.000Z,6108,464,24,52311577,"MULTIPOLYGON(((3873306.241460533 3774510.8098593703,3873281.946348696 3774515.231304919,3873284.128663863 3774527.4553448474,3873294.1584379333 3774525.5742148045,3873295.647053977 3774534.158149653,3873284.567542329 3774536.118210972,3873286.4146425175 3774546.5637267223,3873311.913370344 3774541.9217364313,3873306.241460533 3774510.8098593703)))",2,GovMap,https://www.govmap.gov.il/api/real-estate/street-deals/52045525?limit=100&offset=0&dealType=2&startDate=2021-01&endDate=2026-08,2026-08-22 13:43:03.167195+00:00
1627034,5000,תל אביב-יפו,50000933.0,ליסין,29.0,ראשונה,93,5656200,6058948700,דירה,דירה בבית קומות,4.0,הצפון החדש סביבת כיכר המדינה,2021-05-25T00:00:00.000Z,6108,151,2,52276386,"MULTIPOLYGON(((3873263.164156761 3774521.083733919,3873245.4630660606 3774524.7957081394,3873249.618760392 3774545.2382647726,3873267.3195660114 3774541.6092162025,3873263.164156761 3774521.083733919)))",2,GovMap,https://www.govmap.gov.il/api/real-estate/street-deals/52045525?limit=100&offset=0&dealType=2&startDate=2021-01&endDate=2026-08,2026-08-22 13:43:03.167195+00:00
1627064,5000,תל אביב-יפו,50000933.0,ליסין,23.0,שישית,139,8000000,6058236350,דירה,דירה בבית קומות,5.0,הצפון החדש סביבת כיכר המדינה,2021-04-28T00:00:00.000Z,6108,154,15,52323693,"MULTIPOLYGON(((3873180.678066343 3774534.986277752,3873163.4612242724 3774538.4748686394,3873168.194255382 3774562.106917427,3873185.4347123825 3774558.6184035563,3873180.678066343 3774534.986277752)))",2,GovMap,https://www.govmap.gov.il/api/real-estate/street-deals/52045525?limit=100&offset=0&dealType=2&startDate=2021-01&endDate=2026-08,2026-08-22 13:43:03.167195+00:00
1627052,5000,תל אביב-יפו,50000933.0,ליסין,23.0,,1226,23500000,6053777500,קרקע,קומבינציה,,הצפון החדש סביבת כיכר המדינה,2021-02-04T00:00:00.000Z,6108,154,1,52323693,"MULTIPOLYGON(((3873180.678066343 3774534.986277752,3873163.4612242724 3774538.4748686394,3873168.194255382 3774562.106917427,3873185.4347123825 3774558.6184035563,3873180.678066343 3774534.986277752)))",2,GovMap,https://www.govmap.gov.il/api/real-estate/street-deals/52045525?limit=100&offset=0&dealType=2&startDate=2021-01&endDate=2026-08,2026-08-22 13:43:03.167195+00:00
1627976,5000,תל אביב -יפו,50000941.0,גלוסקין,6.0,רביעית,109,6500000,6106938050,דירה,דירה בבית קומות,4.0,הצפון החדש סביבת כיכר המדינה,2022-04-27T00:00:00.000Z,6108,455,9,53262189,"MULTIPOLYGON(((3873239.7805072707 3774717.5964547996,3873226.446420495 3774720.1402984825,3873231.5490685496 3774745.8594466224,3873244.741685953 3774743.315051105,3873239.7805072707 3774717.5964547996)))",1,GovMap,https://www.govmap.gov.il/api/real-estate/street-deals/53262189?limit=100&offset=0&dealType=2&startDate=2021-01&endDate=2026-08,2026-08-22 13:43:04.135934+00:00
1627917,5000,תל אביב-יפו,50000941.0,גלוסקין,5.0,שלישית,110,6325000,6157291550,דירה,דירה בבית קומות,4.0,הצפון החדש סביבת כיכר המדינה,2023-07-06T00:00:00.000Z,6108,411,5,53124913,"MULTIPOLYGON(((3873200.343121512 3774734.851171804,3873182.6399907423 3774739.0133555946,3873186.806880419 3774756.4941782528,3873204.403598455 3774752.4145155926,3873200.343121512 3774734.851171804)))",2,GovMap,https://www.govmap.gov.il/api/real-estate/street-deals/53262189?limit=100&offset=0&dealType=2&startDate=2021-01&endDate=2026-08,2026-08-22 13:43:04.135934+00:00
1627916,5000,תל אביב-יפו,50000941.0,גלוסקין,5.0,שלישית,110,453000,6156338650,דירה,דירה בבית קומות,4.0,הצפון החדש סביבת כיכר המדינה,2023-06-08T00:00:00.000Z,6108,411,5,53124913,"MULTIPOLYGON(((3873200.343121512 3774734.851171804,3873182.6399907423 3774739.0133555946,3873186.806880419 3774756.4941782528,3873204.403598455 3774752.4145155926,3873200.343121512 3774734.851171804)))",2,GovMap,https://www.govmap.gov.il/api/real-estate/street-deals/53262189?limit=100&offset=0&dealType=2&startDate=2021-01&endDate=2026-08,2026-08-22 13:43:04.135934+00:00
1628058,5000,תל אביב -יפו,50000941.0,גלוסקין,1.0,ראשונה,153,4397000,6106887750,דירה,דירה בבית קומות,5.0,הצפון החדש סביבת כיכר המדינה,2022-04-26T00:00:00.000Z,6108,505,1,52304175,"MULTIPOLYGON(((3873181.731923345 3774657.0170388976,3873169.468340404 3774660.240272066,3873178.0597249703 3774692.54863052,3873190.453807149 3774689.124454141,3873181.731923345 3774657.0170388976)))",2,GovMap,https://www.govmap.gov.il/api/real-estate/street-deals/53262189?limit=100&offset=0&dealType=2&startDate=2021-01&endDate=2026-08,2026-08-22 13:43:04.135934+00:00
1629793,5000,תל אביב-יפו,50000935.0,פייבל,13.0,שלישית,179,9500000,6061713600,דירה,דירה בבית קומות,5.0,הצפון החדש סביבת כיכר המדינה,2021-06-16T00:00:00.000Z,6108,94,7,52271030,"MULTIPOLYGON(((3873125.323100736 3774396.8831337886,3873103.1465875744 3774402.3549458156,3873106.7337762876 3774417.179069118,3873128.922106275 3774411.7072892236,3873125.323100736 3774396.8831337886)))",1,GovMap,https://www.govmap.gov.il/api/real-estate/street-deals/52271030?limit=100&offset=0&dealType=2&startDate=2021-01&endDate=2026-08,2026-08-22 13:43:04.779157+00:00
1629799,5000,תל אביב-יפו,50000935.0,פייבל,11.0,חמישית,73,5000000,6308671300,דירה,דירה בבית קומות,3.0,הצפון החדש סביבת כיכר המדינה,2026-06-28T00:00:00.000Z,6108,95,12,52311724,"MULTIPOLYGON(((3873120.1202790104 3774369.6951116407,3873097.1075049625 3774374.938577495,3873100.585768497 3774390.496844337,3873123.5991106504 3774385.111188209,3873120.1202790104 3774369.6951116407)))",2,GovMap,https://www.govmap.gov.il/api/real-estate/street-deals/52271030?limit=100&offset=0&dealType=2&startDate=2021-01&endDate=2026-08,2026-08-22 13:43:04.779157+00:00
1629767,5000,תל אביב-יפו,50000935.0,פייבל,15.0,שישית,87,5675000,6305698800,דירה,דירה בבית קומות,3.5,הצפון החדש סביבת כיכר המדינה,2026-05-11T00:00:00.000Z,6108,93,11,52311955,"MULTIPOLYGON(((3873132.3046833416 3774421.4240119304,3873113.6680201897 3774426.2340678833,3873114.5857033795 3774429.8750179834,3873106.6780648106 3774431.8470596415,3873108.652761595 3774439.698219019,3873116.443033891 3774437.5835449724,3873117.733310122 3774442.4700008486,3873136.4882226875 3774437.5774472323,3873132.3046833416 3774421.4240119304)))",2,GovMap,https://www.govmap.gov.il/api/real-estate/street-deals/52271030?limit=100&offset=0&dealType=2&startDate=2021-01&endDate=2026-08,2026-08-22 13:43:04.779157+00:00
1629768,5000,תל אביב-יפו,50000935.0,פייבל,15.0,ראשונה,91,5135000,6305468500,דירה,דירה בבית קומות,4.0,הצפון החדש סביבת כיכר המדינה,2026-04-29T00:00:00.000Z,6108,93,12,52311955,"MULTIPOLYGON(((3873132.3046833416 3774421.4240119304,3873113.6680201897 3774426.2340678833,3873114.5857033795 3774429.8750179834,3873106.6780648106 3774431.8470596415,3873108.652761595 3774439.698219019,3873116.443033891 3774437.5835449724,3873117.733310122 3774442.4700008486,3873136.4882226875 3774437.5774472323,3873132.3046833416 3774421.4240119304)))",2,GovMap,https://www.govmap.gov.il/api/real-estate/street-deals/52271030?limit=100&offset=0&dealType=2&startDate=2021-01&endDate=2026-08,2026-08-22 13:43:04.779157+00:00
1629769,5000,תל אביב-יפו,50000935.0,פייבל,15.0,שניה,65,3900000,6301506050,דירה,דירה בבית קומות,3.0,הצפון החדש סביבת כיכר המדינה,2026-01-21T00:00:00.000Z,6108,93,13,52311955,"MULTIPOLYGON(((3873132.3046833416 3774421.4240119304,3873113.6680201897 3774426.2340678833,3873114.5857033795 3774429.8750179834,3873106.6780648106 3774431.8470596415,3873108.652761595 3774439.698219019,3873116.443033891 3774437.5835449724,3873117.733310122 3774442.4700008486,3873136.4882226875 3774437.5774472323,3873132.3046833416 3774421.4240119304)))",2,GovMap,https://www.govmap.gov.il/api/real-estate/street-deals/52271030?limit=100&offset=0&dealType=2&startDate=2021-01&endDate=2026-08,2026-08-22 13:43:04.779157+00:00
1629800,5000,תל אביב-יפו,50000935.0,פייבל,11.0,חמישית,88,6000000,6266726200,דירה,דירה בבית קומות,3.0,הצפון החדש סביבת כיכר המדינה,2025-11-24T00:00:00.000Z,6108,95,13,52311724,"MULTIPOLYGON(((3873120.1202790104 3774369.6951116407,3873097.1075049625 3774374.938577495,3873100.585768497 3774390.496844337,3873123.5991106504 3774385.111188209,3873120.1202790104 3774369.6951116407)))",2,GovMap,https://www.govmap.gov.il/api/real-estate/street-deals/52271030?limit=100&offset=0&dealType=2&startDate=2021-01&endDate=2026-08,2026-08-22 13:43:04.779157+00:00
1629763,5000,תל אביב-יפו,50000935.0,פייבל,17.0,שלישית,105,5150000,6265207700,דירה,דירה בבית קומות,4.0,הצפון החדש סביבת כיכר המדינה,2025-11-04T00:00:00.000Z,6108,92,13,52312160,"MULTIPOLYGON(((3873136.5788440746 3774447.8739889483,3873122.282352327 3774452.4163415693,3873122.6201110203 3774453.5195315797,3873114.604088408 3774456.0835835882,3873115.5248785834 3774458.9070189367,3873114.001888953 3774459.410657901,3873116.086584392 3774466.243297708,3873123.5478906417 3774463.8192961896,3873124.4681436755 3774466.7849107757,3873128.9541260093 3774465.392153819,3873129.5374753396 3774467.029461881,3873140.398806658 3774463.5165857635,3873139.4794043587 3774460.325857933,3873142.5374875464 3774459.235681245,3873140.2074132334 3774451.8096928485,3873138.082448952 3774452.4769043643,3873136.5788440746 3774447.8739889483)))",2,GovMap,https://www.govmap.gov.il/api/real-estate/street-deals/52271030?limit=100&offset=0&dealType=2&startDate=2021-01&endDate=2026-08,2026-08-22 13:43:04.779157+00:00
1629801,5000,תל אביב-יפו,50000935.0,פייבל,11.0,חמישית,87,6000000,6263107700,דירה,דירה בבית קומות,3.0,הצפון החדש סביבת כיכר המדינה,2025-09-18T00:00:00.000Z,6108,95,14,52311724,"MULTIPOLYGON(((3873120.1202790104 3774369.6951116407,3873097.1075049625 3774374.938577495,3873100.585768497 3774390.496844337,3873123.5991106504 3774385.111188209,3873120.1202790104 3774369.6951116407)))",2,GovMap,https://www.govmap.gov.il/api/real-estate/street-deals/52271030?limit=100&offset=0&dealType=2&startDate=2021-01&endDate=2026-08,2026-08-22 13:43:04.779157+00:00
1629770,5000,תל אביב-יפו,50000935.0,פייבל,15.0,שביעית,109,7300000,6262876350,דירה,דירה בבית קומות,4.0,הצפון החדש סביבת כיכר המדינה,2025-09-15T00:00:00.000Z,6108,93,14,52311955,"MULTIPOLYGON(((3873132.3046833416 3774421.4240119304,3873113.6680201897 3774426.2340678833,3873114.5857033795 3774429.8750179834,3873106.6780648106 3774431.8470596415,3873108.652761595 3774439.698219019,3873116.443033891 3774437.5835449724,3873117.733310122 3774442.4700008486,3873136.4882226875 3774437.5774472323,3873132.3046833416 3774421.4240119304)))",2,GovMap,https://www.govmap.gov.il/api/real-estate/street-deals/52271030?limit=100&offset=0&dealType=2&startDate=2021-01&endDate=2026-08,2026-08-22 13:43:04.779157+00:00
1629820,5000,תל אביב-יפו,50000935.0,פייבל,5.0,שניה,120,7500000,6262107800,דירה,דירה בבית קומות,5.0,הצפון החדש סביבת כיכר המדינה,2025-08-07T00:00:00.000Z,6108,98,12,73096972,"MULTIPOLYGON(((3873080.258009657 3774294.1053341967,3873084.5116147404 3774310.749639337,3873106.059009274 3774305.1895900625,3873101.8053762787 3774288.545299914,3873080.258009657 3774294.1053341967)))",2,GovMap,https://www.govmap.gov.il/api/real-estate/street-deals/52271030?limit=100&offset=0&dealType=2&startDate=2021-01&endDate=2026-08,2026-08-22 13:43:04.779157+00:00
1629821,5000,תל אביב-יפו,50000935.0,פייבל,5.0,שישית,144,9218000,6261611150,דירה,דירה בבית קומות,5.0,הצפון החדש סביבת כיכר המדינה,2025-07-06T00:00:00.000Z,6108,98,13,73096972,"MULTIPOLYGON(((3873080.258009657 3774294.1053341967,3873084.5116147404 3774310.749639337,3873106.059009274 3774305.1895900625,3873101.8053762787 3774288.545299914,3873080.258009657 3774294.1053341967)))",2,GovMap,https://www.govmap.gov.il/api/real-estate/street-deals/52271030?limit=100&offset=0&dealType=2&startDate=2021-01&endDate=2026-08,2026-08-22 13:43:04.779157+00:00
1629771,5000,תל אביב-יפו,50000935.0,פייבל,15.0,שישית,115,7500000,6258538950,דירה,דירה בבית קומות,4.0,הצפון החדש סביבת כיכר המדינה,2025-06-09T00:00:00.000Z,6108,93,15,52311955,"MULTIPOLYGON(((3873132.3046833416 3774421.4240119304,3873113.6680201897 3774426.2340678833,3873114.5857033795 3774429.8750179834,3873106.6780648106 3774431.8470596415,3873108.652761595 3774439.698219019,3873116.443033891 3774437.5835449724,3873117.733310122 3774442.4700008486,3873136.4882226875 3774437.5774472323,3873132.3046833416 3774421.4240119304)))",2,GovMap,https://www.govmap.gov.il/api/real-estate/street-deals/52271030?limit=100&offset=0&dealType=2&startDate=2021-01&endDate=2026-08,2026-08-22 13:43:04.779157+00:00
1627433,5000,תל אביב-יפו,50000935.0,פייבל,12.0,רביעית,135,1496000,6256551850,דירה,דירה בבית קומות,5.0,הצפון החדש סביבת כיכר המדינה,2025-04-02T00:00:00.000Z,6108,355,18,52317466,"MULTIPOLYGON(((3873168.50333682 3774424.666957745,3873159.2733997446 3774427.0842049406,3873161.8435881147 3774436.4897634448,3873164.4404170653 3774435.7651143013,3873165.498216315 3774439.7738980935,3873162.1697986475 3774440.637925336,3873164.9720839886 3774451.0277943024,3873181.390104989 3774446.7186323083,3873178.588031089 3774436.2695300104,3873174.350532091 3774437.4381358195,3873172.8165747304 3774431.508103072,3873175.897151454 3774430.7023660187,3873174.3980282103 3774424.9146498367,3873168.956448329 3774426.4459393476,3873168.50333682 3774424.666957745)))",2,GovMap,https://www.govmap.gov.il/api/real-estate/street-deals/52271030?limit=100&offset=0&dealType=2&startDate=2021-01&endDate=2026-08,2026-08-22 13:43:04.779157+00:00
1629822,5000,תל אביב-יפו,50000935.0,פייבל,5.0,ראשונה,131,7440000,6214361800,דירה,דירה בבית קומות,5.0,הצפון החדש סביבת כיכר המדינה,2024-12-08T00:00:00.000Z,6108,98,14,73096972,"MULTIPOLYGON(((3873080.258009657 3774294.1053341967,3873084.5116147404 3774310.749639337,3873106.059009274 3774305.1895900625,3873101.8053762787 3774288.545299914,3873080.258009657 3774294.1053341967)))",2,GovMap,https://www.govmap.gov.il/api/real-estate/street-deals/52271030?limit=100&offset=0&dealType=2&startDate=2021-01&endDate=2026-08,2026-08-22 13:43:04.779157+00:00
1629772,5000,תל אביב-יפו,50000935.0,פייבל,15.0,שביעית,121,8750000,6210883500,דירה,דירה בבית קומות,5.0,הצפון החדש סביבת כיכר המדינה,2024-09-05T00:00:00.000Z,6108,93,16,52311955,"MULTIPOLYGON(((3873132.3046833416 3774421.4240119304,3873113.6680201897 3774426.2340678833,3873114.5857033795 3774429.8750179834,3873106.6780648106 3774431.8470596415,3873108.652761595 3774439.698219019,3873116.443033891 3774437.5835449724,3873117.733310122 3774442.4700008486,3873136.4882226875 3774437.5774472323,3873132.3046833416 3774421.4240119304)))",2,GovMap,https://www.govmap.gov.il/api/real-estate/street-deals/52271030?limit=100&offset=0&dealType=2&startDate=2021-01&endDate=2026-08,2026-08-22 13:43:04.779157+00:00
1629818,5000,תל אביב-יפו,50000935.0,פייבל,5.0,ראשונה,10,196000,6210707800,בנין,מחסנים,,הצפון החדש סביבת כיכר המדינה,2024-09-03T00:00:00.000Z,6108,98,10,73096972,"MULTIPOLYGON(((3873080.258009657 3774294.1053341967,3873084.5116147404 3774310.749639337,3873106.059009274 3774305.1895900625,3873101.8053762787 3774288.545299914,3873080.258009657 3774294.1053341967)))",2,GovMap,https://www.govmap.gov.il/api/real-estate/street-deals/52271030?limit=100&offset=0&dealType=2&startDate=2021-01&endDate=2026-08,2026-08-22 13:43:04.779157+00:00
1626955,5000,תל אביב -יפו,50000935.0,פייבל,4.0,מרתף,108,6100000,6210217750,דירה,דירה בבית קומות,4.0,הצפון החדש סביבת כיכר המדינה,2024-08-01T00:00:00.000Z,6108,114,1,52278620,"MULTIPOLYGON(((3873135.6363918916 3774258.156394532,3873120.885632197 3774261.2870053775,3873125.992683147 3774285.737489785,3873140.8495900924 3774282.607273285,3873135.6363918916 3774258.156394532)))",2,GovMap,https://www.govmap.gov.il/api/real-estate/street-deals/52271030?limit=100&offset=0&dealType=2&startDate=2021-01&endDate=2026-08,2026-08-22 13:43:04.779157+00:00
1629773,5000,תל אביב-יפו,50000935.0,פייבל,15.0,חמישית,64,4480000,6209062800,דירה,דירה בבית קומות,3.0,הצפון החדש סביבת כיכר המדינה,2024-07-23T00:00:00.000Z,6108,93,17,52311955,"MULTIPOLYGON(((3873132.3046833416 3774421.4240119304,3873113.6680201897 3774426.2340678833,3873114.5857033795 3774429.8750179834,3873106.6780648106 3774431.8470596415,3873108.652761595 3774439.698219019,3873116.443033891 3774437.5835449724,3873117.733310122 3774442.4700008486,3873136.4882226875 3774437.5774472323,3873132.3046833416 3774421.4240119304)))",2,GovMap,https://www.govmap.gov.il/api/real-estate/street-deals/52271030?limit=100&offset=0&dealType=2&startDate=2021-01&endDate=2026-08,2026-08-22 13:43:04.779157+00:00
1629823,5000,תל אביב-יפו,50000935.0,פייבל,5.0,שביעית,227,15800000,6208757950,דירה,דירה בבית קומות,5.0,הצפון החדש סביבת כיכר המדינה,2024-07-04T00:00:00.000Z,6108,98,15,73096972,"MULTIPOLYGON(((3873080.258009657 3774294.1053341967,3873084.5116147404 3774310.749639337,3873106.059009274 3774305.1895900625,3873101.8053762787 3774288.545299914,3873080.258009657 3774294.1053341967)))",2,GovMap,https://www.govmap.gov.il/api/real-estate/street-deals/52271030?limit=100&offset=0&dealType=2&startDate=2021-01&endDate=2026-08,2026-08-22 13:43:04.779157+00:00
1627434,5000,תל אביב-יפו,50000935.0,פייבל,12.0,ראשונה,65,4580000,6208041950,דירה,דירה בבית קומות,3.0,הצפון החדש סביבת כיכר המדינה,2024-07-03T00:00:00.000Z,6108,355,19,52317466,"MULTIPOLYGON(((3873168.50333682 3774424.666957745,3873159.2733997446 3774427.0842049406,3873161.8435881147 3774436.4897634448,3873164.4404170653 3774435.7651143013,3873165.498216315 3774439.7738980935,3873162.1697986475 3774440.637925336,3873164.9720839886 3774451.0277943024,3873181.390104989 3774446.7186323083,3873178.588031089 3774436.2695300104,3873174.350532091 3774437.4381358195,3873172.8165747304 3774431.508103072,3873175.897151454 3774430.7023660187,3873174.3980282103 3774424.9146498367,3873168.956448329 3774426.4459393476,3873168.50333682 3774424.666957745)))",2,GovMap,https://www.govmap.gov.il/api/real-estate/street-deals/52271030?limit=100&offset=0&dealType=2&startDate=2021-01&endDate=2026-08,2026-08-22 13:43:04.779157+00:00
1627431,5000,תל אביב-יפו,50000935.0,פייבל,12.0,רביעית,100,6200000,6208203100,דירה,דירה בבית קומות,4.0,הצפון החדש סביבת כיכר המדינה,2024-06-30T00:00:00.000Z,6108,355,16,52317466,"MULTIPOLYGON(((3873168.50333682 3774424.666957745,3873159.2733997446 3774427.0842049406,3873161.8435881147 3774436.4897634448,3873164.4404170653 3774435.7651143013,3873165.498216315 3774439.7738980935,3873162.1697986475 3774440.637925336,3873164.9720839886 3774451.0277943024,3873181.390104989 3774446.7186323083,3873178.588031089 3774436.2695300104,3873174.350532091 3774437.4381358195,3873172.8165747304 3774431.508103072,3873175.897151454 3774430.7023660187,3873174.3980282103 3774424.9146498367,3873168.956448329 3774426.4459393476,3873168.50333682 3774424.666957745)))",2,GovMap,https://www.govmap.gov.il/api/real-estate/street-deals/52271030?limit=100&offset=0&dealType=2&startDate=2021-01&endDate=2026-08,2026-08-22 13:43:04.779157+00:00
1627436,5000,תל אביב-יפו,50000935.0,פייבל,12.0,שלישית,94,6100000,6207849250,דירה,דירה בבית קומות,4.0,הצפון החדש סביבת כיכר המדינה,2024-06-17T00:00:00.000Z,6108,355,20,52317466,"MULTIPOLYGON(((3873168.50333682 3774424.666957745,3873159.2733997446 3774427.0842049406,3873161.8435881147 3774436.4897634448,3873164.4404170653 3774435.7651143013,3873165.498216315 3774439.7738980935,3873162.1697986475 3774440.637925336,3873164.9720839886 3774451.0277943024,3873181.390104989 3774446.7186323083,3873178.588031089 3774436.2695300104,3873174.350532091 3774437.4381358195,3873172.8165747304 3774431.508103072,3873175.897151454 3774430.7023660187,3873174.3980282103 3774424.9146498367,3873168.956448329 3774426.4459393476,3873168.50333682 3774424.666957745)))",2,GovMap,https://www.govmap.gov.il/api/real-estate/street-deals/52271030?limit=100&offset=0&dealType=2&startDate=2021-01&endDate=2026-08,2026-08-22 13:43:04.779157+00:00
1629774,5000,תל אביב-יפו,50000935.0,פייבל,15.0,ראשונה,65,4150000,6206727600,דירה,דירה בבית קומות,3.0,הצפון החדש סביבת כיכר המדינה,2024-06-09T00:00:00.000Z,6108,93,18,52311955,"MULTIPOLYGON(((3873132.3046833416 3774421.4240119304,3873113.6680201897 3774426.2340678833,3873114.5857033795 3774429.8750179834,3873106.6780648106 3774431.8470596415,3873108.652761595 3774439.698219019,3873116.443033891 3774437.5835449724,3873117.733310122 3774442.4700008486,3873136.4882226875 3774437.5774472323,3873132.3046833416 3774421.4240119304)))",2,GovMap,https://www.govmap.gov.il/api/real-estate/street-deals/52271030?limit=100&offset=0&dealType=2&startDate=2021-01&endDate=2026-08,2026-08-22 13:43:04.779157+00:00
1629755,5000,תל אביב-יפו,50000935.0,פייבל,19.0,ראשונה,52,3806000,6206160450,דירה,דירה בבית קומות,2.0,הצפון החדש סביבת כיכר המדינה,2024-05-21T00:00:00.000Z,6108,91,5,52270501,"MULTIPOLYGON(((3873144.9495840403 3774473.0127043705,3873123.114342457 3774478.6280748798,3873126.842216746 3774493.677943696,3873148.806647109 3774488.20523501,3873144.9495840403 3774473.0127043705)))",2,GovMap,https://www.govmap.gov.il/api/real-estate/street-deals/52271030?limit=100&offset=0&dealType=2&startDate=2021-01&endDate=2026-08,2026-08-22 13:43:04.779157+00:00
1627437,5000,תל אביב-יפו,50000935.0,פייבל,12.0,ראשונה,86,5250000,6206081250,דירה,דירה בבית קומות,3.0,הצפון החדש סביבת כיכר המדינה,2024-05-06T00:00:00.000Z,6108,355,21,52317466,"MULTIPOLYGON(((3873168.50333682 3774424.666957745,3873159.2733997446 3774427.0842049406,3873161.8435881147 3774436.4897634448,3873164.4404170653 3774435.7651143013,3873165.498216315 3774439.7738980935,3873162.1697986475 3774440.637925336,3873164.9720839886 3774451.0277943024,3873181.390104989 3774446.7186323083,3873178.588031089 3774436.2695300104,3873174.350532091 3774437.4381358195,3873172.8165747304 3774431.508103072,3873175.897151454 3774430.7023660187,3873174.3980282103 3774424.9146498367,3873168.956448329 3774426.4459393476,3873168.50333682 3774424.666957745)))",2,GovMap,https://www.govmap.gov.il/api/real-estate/street-deals/52271030?limit=100&offset=0&dealType=2&startDate=2021-01&endDate=2026-08,2026-08-22 13:43:04.779157+00:00
1629775,5000,תל אביב-יפו,50000935.0,פייבל,15.0,שלישית,78,4200000,6205699300,דירה,דירה בבית קומות,3.0,הצפון החדש סביבת כיכר המדינה,2024-04-21T00:00:00.000Z,6108,93,19,52311955,"MULTIPOLYGON(((3873132.3046833416 3774421.4240119304,3873113.6680201897 3774426.2340678833,3873114.5857033795 3774429.8750179834,3873106.6780648106 3774431.8470596415,3873108.652761595 3774439.698219019,3873116.443033891 3774437.5835449724,3873117.733310122 3774442.4700008486,3873136.4882226875 3774437.5774472323,3873132.3046833416 3774421.4240119304)))",2,GovMap,https://www.govmap.gov.il/api/real-estate/street-deals/52271030?limit=100&offset=0&dealType=2&startDate=2021-01&endDate=2026-08,2026-08-22 13:43:04.779157+00:00
1629776,5000,תל אביב-יפו,50000935.0,פייבל,15.0,שלישית,78,4250000,6205701700,דירה,דירה בבית קומות,3.0,הצפון החדש סביבת כיכר המדינה,2024-04-21T00:00:00.000Z,6108,93,19,52311955,"MULTIPOLYGON(((3873132.3046833416 3774421.4240119304,3873113.6680201897 3774426.2340678833,3873114.5857033795 3774429.8750179834,3873106.6780648106 3774431.8470596415,3873108.652761595 3774439.698219019,3873116.443033891 3774437.5835449724,3873117.733310122 3774442.4700008486,3873136.4882226875 3774437.5774472323,3873132.3046833416 3774421.4240119304)))",2,GovMap,https://www.govmap.gov.il/api/real-estate/street-deals/52271030?limit=100&offset=0&dealType=2&startDate=2021-01&endDate=2026-08,2026-08-22 13:43:04.779157+00:00
1629761,5000,תל אביב-יפו,50000935.0,פייבל,19.0,רביעית,37,3026000,6204815700,דירה,דירה בבית קומות,2.0,הצפון החדש סביבת כיכר המדינה,2024-04-07T00:00:00.000Z,6108,91,9,52270501,"MULTIPOLYGON(((3873144.9495840403 3774473.0127043705,3873123.114342457 3774478.6280748798,3873126.842216746 3774493.677943696,3873148.806647109 3774488.20523501,3873144.9495840403 3774473.0127043705)))",2,GovMap,https://www.govmap.gov.il/api/real-estate/street-deals/52271030?limit=100&offset=0&dealType=2&startDate=2021-01&endDate=2026-08,2026-08-22 13:43:04.779157+00:00
1629756,5000,תל אביב-יפו,50000935.0,פייבל,19.0,שניה,37,2751000,6203070450,דירה,דירה בבית קומות,2.0,הצפון החדש סביבת כיכר המדינה,2024-03-03T00:00:00.000Z,6108,91,6,52270501,"MULTIPOLYGON(((3873144.9495840403 3774473.0127043705,3873123.114342457 3774478.6280748798,3873126.842216746 3774493.677943696,3873148.806647109 3774488.20523501,3873144.9495840403 3774473.0127043705)))",2,GovMap,https://www.govmap.gov.il/api/real-estate/street-deals/52271030?limit=100&offset=0&dealType=2&startDate=2021-01&endDate=2026-08,2026-08-22 13:43:04.779157+00:00
1629824,5000,תל אביב-יפו,50000935.0,פייבל,5.0,ראשונה,88,6200000,6201951650,דירה,דירה בבית קומות,3.5,הצפון החדש סביבת כיכר המדינה,2024-02-08T00:00:00.000Z,6108,98,16,73096972,"MULTIPOLYGON(((3873080.258009657 3774294.1053341967,3873084.5116147404 3774310.749639337,3873106.059009274 3774305.1895900625,3873101.8053762787 3774288.545299914,3873080.258009657 3774294.1053341967)))",2,GovMap,https://www.govmap.gov.il/api/real-estate/street-deals/52271030?limit=100&offset=0&dealType=2&startDate=2021-01&endDate=2026-08,2026-08-22 13:43:04.779157+00:00
1629825,5000,תל אביב-יפו,50000935.0,פייבל,5.0,שישית,137,8500000,6201161350,דירה,דירה בבית קומות,5.0,הצפון החדש סביבת כיכר המדינה,2024-01-15T00:00:00.000Z,6108,98,17,73096972,"MULTIPOLYGON(((3873080.258009657 3774294.1053341967,3873084.5116147404 3774310.749639337,3873106.059009274 3774305.1895900625,3873101.8053762787 3774288.545299914,3873080.258009657 3774294.1053341967)))",2,GovMap,https://www.govmap.gov.il/api/real-estate/street-deals/52271030?limit=100&offset=0&dealType=2&startDate=2021-01&endDate=2026-08,2026-08-22 13:43:04.779157+00:00
1629802,5000,תל אביב-יפו,50000935.0,פייבל,11.0,רביעית,91,5100000,6200862250,דירה,דירה בבית קומות,4.0,הצפון החדש סביבת כיכר המדינה,2023-12-26T00:00:00.000Z,6108,95,15,52311724,"MULTIPOLYGON(((3873120.1202790104 3774369.6951116407,3873097.1075049625 3774374.938577495,3873100.585768497 3774390.496844337,3873123.5991106504 3774385.111188209,3873120.1202790104 3774369.6951116407)))",2,GovMap,https://www.govmap.gov.il/api/real-estate/street-deals/52271030?limit=100&offset=0&dealType=2&startDate=2021-01&endDate=2026-08,2026-08-22 13:43:04.779157+00:00
1629804,5000,תל אביב-יפו,50000935.0,פייבל,11.0,רביעית,90,4750000,6200860550,דירה,דירה בבית קומות,4.0,הצפון החדש סביבת כיכר המדינה,2023-12-26T00:00:00.000Z,6108,95,15,52311724,"MULTIPOLYGON(((3873120.1202790104 3774369.6951116407,3873097.1075049625 3774374.938577495,3873100.585768497 3774390.496844337,3873123.5991106504 3774385.111188209,3873120.1202790104 3774369.6951116407)))",2,GovMap,https://www.govmap.gov.il/api/real-estate/street-deals/52271030?limit=100&offset=0&dealType=2&startDate=2021-01&endDate=2026-08,2026-08-22 13:43:04.779157+00:00
1629803,5000,תל אביב-יפו,50000935.0,פייבל,11.0,רביעית,100,6960000,6200744350,דירה,דירה בבית קומות,4.0,הצפון החדש סביבת כיכר המדינה,2023-12-26T00:00:00.000Z,6108,95,15,52311724,"MULTIPOLYGON(((3873120.1202790104 3774369.6951116407,3873097.1075049625 3774374.938577495,3873100.585768497 3774390.496844337,3873123.5991106504 3774385.111188209,3873120.1202790104 3774369.6951116407)))",2,GovMap,https://www.govmap.gov.il/api/real-estate/street-deals/52271030?limit=100&offset=0&dealType=2&startDate=2021-01&endDate=2026-08,2026-08-22 13:43:04.779157+00:00
1627001,5000,תל אביב-יפו,50000935.0,פייבל,8.0,שלישית,102,1000000,6162734100,קרקע,קרקע למגורים,,הצפון החדש סביבת כיכר המדינה,2023-12-04T00:00:00.000Z,6108,119,9,52301301,"MULTIPOLYGON(((3873155.591743285 3774343.9070983124,3873141.4307489395 3774346.957077621,3873143.747629963 3774357.854485744,3873145.7658285415 3774357.352744598,3873149.3452340965 3774374.23836755,3873162.4327348187 3774371.326439524,3873159.780322217 3774358.7334386753,3873157.5501102493 3774359.1751288734,3873156.728140896 3774355.1672743685,3873157.908097165 3774354.946677889,3873155.591743285 3774343.9070983124)))",2,GovMap,https://www.govmap.gov.il/api/real-estate/street-deals/52271030?limit=100&offset=0&dealType=2&startDate=2021-01&endDate=2026-08,2026-08-22 13:43:04.779157+00:00
1627428,5000,תל אביב-יפו,50000935.0,פייבל,12.0,,1,193000,6161189300,בנין,מלאכה,,הצפון החדש סביבת כיכר המדינה,2023-10-19T00:00:00.000Z,6108,355,13,52317466,"MULTIPOLYGON(((3873168.50333682 3774424.666957745,3873159.2733997446 3774427.0842049406,3873161.8435881147 3774436.4897634448,3873164.4404170653 3774435.7651143013,3873165.498216315 3774439.7738980935,3873162.1697986475 3774440.637925336,3873164.9720839886 3774451.0277943024,3873181.390104989 3774446.7186323083,3873178.588031089 3774436.2695300104,3873174.350532091 3774437.4381358195,3873172.8165747304 3774431.508103072,3873175.897151454 3774430.7023660187,3873174.3980282103 3774424.9146498367,3873168.956448329 3774426.4459393476,3873168.50333682 3774424.666957745)))",2,GovMap,https://www.govmap.gov.il/api/real-estate/street-deals/52271030?limit=100&offset=0&dealType=2&startDate=2021-01&endDate=2026-08,2026-08-22 13:43:04.779157+00:00
1627438,5000,תל אביב-יפו,50000935.0,פייבל,12.0,שלישית,72,5525000,6111456150,דירה,דירה בבית קומות,3.0,הצפון החדש סביבת כיכר המדינה,2022-07-27T00:00:00.000Z,6108,355,22,52317466,"MULTIPOLYGON(((3873168.50333682 3774424.666957745,3873159.2733997446 3774427.0842049406,3873161.8435881147 3774436.4897634448,3873164.4404170653 3774435.7651143013,3873165.498216315 3774439.7738980935,3873162.1697986475 3774440.637925336,3873164.9720839886 3774451.0277943024,3873181.390104989 3774446.7186323083,3873178.588031089 3774436.2695300104,3873174.350532091 3774437.4381358195,3873172.8165747304 3774431.508103072,3873175.897151454 3774430.7023660187,3873174.3980282103 3774424.9146498367,3873168.956448329 3774426.4459393476,3873168.50333682 3774424.666957745)))",2,GovMap,https://www.govmap.gov.il/api/real-estate/street-deals/52271030?limit=100&offset=0&dealType=2&startDate=2021-01&endDate=2026-08,2026-08-22 13:43:04.779157+00:00
1626960,5000,תל אביב -יפו,50000935.0,פייבל,4.0,קרקע,108,5975000,6109851150,דירה,דירה בבית קומות,4.0,הצפון החדש סביבת כיכר המדינה,2022-06-09T00:00:00.000Z,6108,114,2,52278620,"MULTIPOLYGON(((3873135.6363918916 3774258.156394532,3873120.885632197 3774261.2870053775,3873125.992683147 3774285.737489785,3873140.8495900924 3774282.607273285,3873135.6363918916 3774258.156394532)))",2,GovMap,https://www.govmap.gov.il/api/real-estate/street-deals/52271030?limit=100&offset=0&dealType=2&startDate=2021-01&endDate=2026-08,2026-08-22 13:43:04.779157+00:00
1627426,5000,תל אביב-יפו,50000935.0,פייבל,12.0,ראשונה,64,4490000,6107995400,דירה,דירה בבית קומות,3.0,הצפון החדש סביבת כיכר המדינה,2022-05-12T00:00:00.000Z,6108,355,10,52317466,"MULTIPOLYGON(((3873168.50333682 3774424.666957745,3873159.2733997446 3774427.0842049406,3873161.8435881147 3774436.4897634448,3873164.4404170653 3774435.7651143013,3873165.498216315 3774439.7738980935,3873162.1697986475 3774440.637925336,3873164.9720839886 3774451.0277943024,3873181.390104989 3774446.7186323083,3873178.588031089 3774436.2695300104,3873174.350532091 3774437.4381358195,3873172.8165747304 3774431.508103072,3873175.897151454 3774430.7023660187,3873174.3980282103 3774424.9146498367,3873168.956448329 3774426.4459393476,3873168.50333682 3774424.666957745)))",2,GovMap,https://www.govmap.gov.il/api/real-estate/street-deals/52271030?limit=100&offset=0&dealType=2&startDate=2021-01&endDate=2026-08,2026-08-22 13:43:04.779157+00:00
1629840,5000,תל אביב-יפו,50000935.0,פייבל,5.0,שניה,116,6580000,6106863400,דירה,דירה בבית קומות,4.0,הצפון החדש סביבת כיכר המדינה,2022-04-07T00:00:00.000Z,6108,98,5,73096972,"MULTIPOLYGON(((3873080.258009657 3774294.1053341967,3873084.5116147404 3774310.749639337,3873106.059009274 3774305.1895900625,3873101.8053762787 3774288.545299914,3873080.258009657 3774294.1053341967)))",2,GovMap,https://www.govmap.gov.il/api/real-estate/street-deals/52271030?limit=100&offset=0&dealType=2&startDate=2021-01&endDate=2026-08,2026-08-22 13:43:04.779157+00:00
1629826,5000,תל אביב-יפו,50000935.0,פייבל,5.0,שניה,85,6507600,6101857650,דירה,דירה בבית קומות,3.0,הצפון החדש סביבת כיכר המדינה,2022-01-02T00:00:00.000Z,6108,98,18,73096972,"MULTIPOLYGON(((3873080.258009657 3774294.1053341967,3873084.5116147404 3774310.749639337,3873106.059009274 3774305.1895900625,3873101.8053762787 3774288.545299914,3873080.258009657 3774294.1053341967)))",2,GovMap,https://www.govmap.gov.il/api/real-estate/street-deals/52271030?limit=100&offset=0&dealType=2&startDate=2021-01&endDate=2026-08,2026-08-22 13:43:04.779157+00:00
1629827,5000,תל אביב-יפו,50000935.0,פייבל,5.0,חמישית,116,6100000,6071440450,דירה,דירה בבית קומות,5.0,הצפון החדש סביבת כיכר המדינה,2021-11-21T00:00:00.000Z,6108,98,19,73096972,"MULTIPOLYGON(((3873080.258009657 3774294.1053341967,3873084.5116147404 3774310.749639337,3873106.059009274 3774305.1895900625,3873101.8053762787 3774288.545299914,3873080.258009657 3774294.1053341967)))",2,GovMap,https://www.govmap.gov.il/api/real-estate/street-deals/52271030?limit=100&offset=0&dealType=2&startDate=2021-01&endDate=2026-08,2026-08-22 13:43:04.779157+00:00
1627439,5000,תל אביב-יפו,50000935.0,פייבל,12.0,שניה,69,4500000,6070664000,דירה,דירה בבית קומות,3.0,הצפון החדש סביבת כיכר המדינה,2021-11-09T00:00:00.000Z,6108,355,23,52317466,"MULTIPOLYGON(((3873168.50333682 3774424.666957745,3873159.2733997446 3774427.0842049406,3873161.8435881147 3774436.4897634448,3873164.4404170653 3774435.7651143013,3873165.498216315 3774439.7738980935,3873162.1697986475 3774440.637925336,3873164.9720839886 3774451.0277943024,3873181.390104989 3774446.7186323083,3873178.588031089 3774436.2695300104,3873174.350532091 3774437.4381358195,3873172.8165747304 3774431.508103072,3873175.897151454 3774430.7023660187,3873174.3980282103 3774424.9146498367,3873168.956448329 3774426.4459393476,3873168.50333682 3774424.666957745)))",2,GovMap,https://www.govmap.gov.il/api/real-estate/street-deals/52271030?limit=100&offset=0&dealType=2&startDate=2021-01&endDate=2026-08,2026-08-22 13:43:04.779157+00:00
1629829,5000,תל אביב-יפו,50000935.0,פייבל,5.0,ראשונה,101,5000000,6069543800,דירה,דירה בבית קומות,4.0,הצפון החדש סביבת כיכר המדינה,2021-11-04T00:00:00.000Z,6108,98,20,73096972,"MULTIPOLYGON(((3873080.258009657 3774294.1053341967,3873084.5116147404 3774310.749639337,3873106.059009274 3774305.1895900625,3873101.8053762787 3774288.545299914,3873080.258009657 3774294.1053341967)))",2,GovMap,https://www.govmap.gov.il/api/real-estate/street-deals/52271030?limit=100&offset=0&dealType=2&startDate=2021-01&endDate=2026-08,2026-08-22 13:43:04.779157+00:00
1626964,5000,תל אביב -יפו,50000935.0,פייבל,4.0,ראשונה,95,5200000,6069985150,דירה,דירה בבית קומות,4.0,הצפון החדש סביבת כיכר המדינה,2021-10-31T00:00:00.000Z,6108,114,6,52278620,"MULTIPOLYGON(((3873135.6363918916 3774258.156394532,3873120.885632197 3774261.2870053775,3873125.992683147 3774285.737489785,3873140.8495900924 3774282.607273285,3873135.6363918916 3774258.156394532)))",2,GovMap,https://www.govmap.gov.il/api/real-estate/street-deals/52271030?limit=100&offset=0&dealType=2&startDate=2021-01&endDate=2026-08,2026-08-22 13:43:04.779157+00:00
1627440,5000,תל אביב-יפו,50000935.0,פייבל,12.0,רביעית,99,4979000,6068048900,דירה,דירה בבית קומות,4.0,הצפון החדש סביבת כיכר המדינה,2021-09-29T00:00:00.000Z,6108,355,24,52317466,"MULTIPOLYGON(((3873168.50333682 3774424.666957745,3873159.2733997446 3774427.0842049406,3873161.8435881147 3774436.4897634448,3873164.4404170653 3774435.7651143013,3873165.498216315 3774439.7738980935,3873162.1697986475 3774440.637925336,3873164.9720839886 3774451.0277943024,3873181.390104989 3774446.7186323083,3873178.588031089 3774436.2695300104,3873174.350532091 3774437.4381358195,3873172.8165747304 3774431.508103072,3873175.897151454 3774430.7023660187,3873174.3980282103 3774424.9146498367,3873168.956448329 3774426.4459393476,3873168.50333682 3774424.666957745)))",2,GovMap,https://www.govmap.gov.il/api/real-estate/street-deals/52271030?limit=100&offset=0&dealType=2&startDate=2021-01&endDate=2026-08,2026-08-22 13:43:04.779157+00:00
1627441,5000,תל אביב-יפו,50000935.0,פייבל,12.0,חמישית,232,4690000,6066521350,דירה,דירה בבית קומות,7.0,הצפון החדש סביבת כיכר המדינה,2021-09-05T00:00:00.000Z,6108,355,25,52317466,"MULTIPOLYGON(((3873168.50333682 3774424.666957745,3873159.2733997446 3774427.0842049406,3873161.8435881147 3774436.4897634448,3873164.4404170653 3774435.7651143013,3873165.498216315 3774439.7738980935,3873162.1697986475 3774440.637925336,3873164.9720839886 3774451.0277943024,3873181.390104989 3774446.7186323083,3873178.588031089 3774436.2695300104,3873174.350532091 3774437.4381358195,3873172.8165747304 3774431.508103072,3873175.897151454 3774430.7023660187,3873174.3980282103 3774424.9146498367,3873168.956448329 3774426.4459393476,3873168.50333682 3774424.666957745)))",2,GovMap,https://www.govmap.gov.il/api/real-estate/street-deals/52271030?limit=100&offset=0&dealType=2&startDate=2021-01&endDate=2026-08,2026-08-22 13:43:04.779157+00:00
1627442,5000,תל אביב-יפו,50000935.0,פייבל,12.0,שמינית,50,2600000,6065173250,דירה,דירה בבית קומות,2.0,הצפון החדש סביבת כיכר המדינה,2021-09-01T00:00:00.000Z,6108,355,27,52317466,"MULTIPOLYGON(((3873168.50333682 3774424.666957745,3873159.2733997446 3774427.0842049406,3873161.8435881147 3774436.4897634448,3873164.4404170653 3774435.7651143013,3873165.498216315 3774439.7738980935,3873162.1697986475 3774440.637925336,3873164.9720839886 3774451.0277943024,3873181.390104989 3774446.7186323083,3873178.588031089 3774436.2695300104,3873174.350532091 3774437.4381358195,3873172.8165747304 3774431.508103072,3873175.897151454 3774430.7023660187,3873174.3980282103 3774424.9146498367,3873168.956448329 3774426.4459393476,3873168.50333682 3774424.666957745)))",2,GovMap,https://www.govmap.gov.il/api/real-estate/street-deals/52271030?limit=100&offset=0&dealType=2&startDate=2021-01&endDate=2026-08,2026-08-22 13:43:04.779157+00:00
1627443,5000,תל אביב-יפו,50000935.0,פייבל,12.0,שניה,92,4312000,6065167900,דירה,דירה בבית קומות,4.0,הצפון החדש סביבת כיכר המדינה,2021-08-19T00:00:00.000Z,6108,355,28,52317466,"MULTIPOLYGON(((3873168.50333682 3774424.666957745,3873159.2733997446 3774427.0842049406,3873161.8435881147 3774436.4897634448,3873164.4404170653 3774435.7651143013,3873165.498216315 3774439.7738980935,3873162.1697986475 3774440.637925336,3873164.9720839886 3774451.0277943024,3873181.390104989 3774446.7186323083,3873178.588031089 3774436.2695300104,3873174.350532091 3774437.4381358195,3873172.8165747304 3774431.508103072,3873175.897151454 3774430.7023660187,3873174.3980282103 3774424.9146498367,3873168.956448329 3774426.4459393476,3873168.50333682 3774424.666957745)))",2,GovMap,https://www.govmap.gov.il/api/real-estate/street-deals/52271030?limit=100&offset=0&dealType=2&startDate=2021-01&endDate=2026-08,2026-08-22 13:43:04.779157+00:00
1626962,5000,תל אביב -יפו,50000935.0,פייבל,4.0,ראשונה,71,3750000,6064626800,דירה,דירה בבית קומות,3.0,הצפון החדש סביבת כיכר המדינה,2021-08-04T00:00:00.000Z,6108,114,5,52278620,"MULTIPOLYGON(((3873135.6363918916 3774258.156394532,3873120.885632197 3774261.2870053775,3873125.992683147 3774285.737489785,3873140.8495900924 3774282.607273285,3873135.6363918916 3774258.156394532)))",2,GovMap,https://www.govmap.gov.il/api/real-estate/street-deals/52271030?limit=100&offset=0&dealType=2&startDate=2021-01&endDate=2026-08,2026-08-22 13:43:04.779157+00:00
1627435,5000,תל אביב-יפו,50000935.0,פייבל,12.0,שביעית,180,990000,6063720050,דירה,דירת גג,6.0,הצפון החדש סביבת כיכר המדינה,2021-07-07T00:00:00.000Z,6108,355,2,52317466,"MULTIPOLYGON(((3873168.50333682 3774424.666957745,3873159.2733997446 3774427.0842049406,3873161.8435881147 3774436.4897634448,3873164.4404170653 3774435.7651143013,3873165.498216315 3774439.7738980935,3873162.1697986475 3774440.637925336,3873164.9720839886 3774451.0277943024,3873181.390104989 3774446.7186323083,3873178.588031089 3774436.2695300104,3873174.350532091 3774437.4381358195,3873172.8165747304 3774431.508103072,3873175.897151454 3774430.7023660187,3873174.3980282103 3774424.9146498367,3873168.956448329 3774426.4459393476,3873168.50333682 3774424.666957745)))",2,GovMap,https://www.govmap.gov.il/api/real-estate/street-deals/52271030?limit=100&offset=0&dealType=2&startDate=2021-01&endDate=2026-08,2026-08-22 13:43:04.779157+00:00
1627425,5000,תל אביב-יפו,50000935.0,פייבל,12.0,ראשונה,160,112000,6063933350,דירה,דירה בבית קומות,6.0,הצפון החדש סביבת כיכר המדינה,2021-07-07T00:00:00.000Z,6108,355,1,52317466,"MULTIPOLYGON(((3873168.50333682 3774424.666957745,3873159.2733997446 3774427.0842049406,3873161.8435881147 3774436.4897634448,3873164.4404170653 3774435.7651143013,3873165.498216315 3774439.7738980935,3873162.1697986475 3774440.637925336,3873164.9720839886 3774451.0277943024,3873181.390104989 3774446.7186323083,3873178.588031089 3774436.2695300104,3873174.350532091 3774437.4381358195,3873172.8165747304 3774431.508103072,3873175.897151454 3774430.7023660187,3873174.3980282103 3774424.9146498367,3873168.956448329 3774426.4459393476,3873168.50333682 3774424.666957745)))",2,GovMap,https://www.govmap.gov.il/api/real-estate/street-deals/52271030?limit=100&offset=0&dealType=2&startDate=2021-01&endDate=2026-08,2026-08-22 13:43:04.779157+00:00
1629815,5000,תל אביב-יפו,50000935.0,פייבל,7.0,שניה,104,4880000,6060418750,דירה,דירה בבית קומות,4.0,הצפון החדש סביבת כיכר המדינה,2021-06-08T00:00:00.000Z,6108,97,4,52304719,"MULTIPOLYGON(((3873106.7481936556 3774320.248568079,3873085.2677973006 3774325.6400453607,3873089.0985917198 3774341.5076588513,3873110.6845938205 3774336.2587514333,3873106.7481936556 3774320.248568079)))",2,GovMap,https://www.govmap.gov.il/api/real-estate/street-deals/52271030?limit=100&offset=0&dealType=2&startDate=2021-01&endDate=2026-08,2026-08-22 13:43:04.779157+00:00
1627377,5000,תל אביב-יפו,50000935.0,פייבל,2.0,ביניים,74,2950000,6052764850,דירה,דירה בבית קומות,3.0,הצפון החדש סביבת כיכר המדינה,2021-02-04T00:00:00.000Z,6108,274,5,52297095,"MULTIPOLYGON(((3873136.833346464 3774225.495688434,3873112.646264281 3774229.5498116384,3873116.3144745072 3774250.973443514,3873140.3957950613 3774246.8359637796,3873136.833346464 3774225.495688434)))",2,GovMap,https://www.govmap.gov.il/api/real-estate/street-deals/52271030?limit=100&offset=0&dealType=2&startDate=2021-01&endDate=2026-08,2026-08-22 13:43:04.779157+00:00
1783323,5000,תל אביב-יפו,50000916.0,ה' באייר,40.0,מרתף,91,1250000,6070196350,בנין,מחסנים,,הצפון החדש סביבת כיכר המדינה,2021-11-25T00:00:00.000Z,6213,1383,1,52300326,"MULTIPOLYGON(((3872953.267840405 3774711.840869565,3872952.023542061 3774728.933602394,3872973.372368893 3774730.425721645,3872974.61663719 3774713.3329842053,3872953.267840405 3774711.840869565)))",1,GovMap,https://www.govmap.gov.il/api/real-estate/street-deals/52300326?limit=100&offset=0&dealType=2&startDate=2021-01&endDate=2026-08,2026-08-22 13:43:07.812562+00:00
1783326,5000,תל אביב-יפו,50000916.0,ה' באייר,40.0,מרתף,61,740000,6053752400,בנין,מחסנים,,הצפון החדש סביבת כיכר המדינה,2021-03-01T00:00:00.000Z,6213,1383,2,52300326,"MULTIPOLYGON(((3872953.267840405 3774711.840869565,3872952.023542061 3774728.933602394,3872973.372368893 3774730.425721645,3872974.61663719 3774713.3329842053,3872953.267840405 3774711.840869565)))",1,GovMap,https://www.govmap.gov.il/api/real-estate/street-deals/52300326?limit=100&offset=0&dealType=2&startDate=2021-01&endDate=2026-08,2026-08-22 13:43:07.812562+00:00
1783100,5000,תל אביב-יפו,50000916.0,ה' באייר,28.0,רביעית,109,298000,6265772000,דירה,דירה בבית קומות,4.0,הצפון החדש סביבת כיכר המדינה,2025-11-17T00:00:00.000Z,6213,1323,16,52303925,"MULTIPOLYGON(((3872888.8007554878 3774545.713560219,3872875.548941693 3774563.8024390666,3872892.3505817237 3774576.4502398083,3872905.743562794 3774558.444806302,3872888.8007554878 3774545.713560219)))",2,GovMap,https://www.govmap.gov.il/api/real-estate/street-deals/52300326?limit=100&offset=0&dealType=2&startDate=2021-01&endDate=2026-08,2026-08-22 13:43:07.812562+00:00
1783350,5000,תל אביב-יפו,50000916.0,ה' באייר,10.0,ראשונה,35,3600000,6259777600,בנין,חנות,,הצפון החדש סביבת כיכר המדינה,2025-06-25T00:00:00.000Z,6213,1387,2,52298047,"MULTIPOLYGON(((3872614.3152402826 3774605.5893029165,3872605.164586882 3774624.1441077837,3872623.5363443913 3774633.1846402325,3872632.663394131 3774614.629715937,3872614.3152402826 3774605.5893029165)))",2,GovMap,https://www.govmap.gov.il/api/real-estate/street-deals/52300326?limit=100&offset=0&dealType=2&startDate=2021-01&endDate=2026-08,2026-08-22 13:43:07.812562+00:00
1783319,5000,תל אביב-יפו,50000916.0,ה' באייר,4.0,קרקע,63,4950000,6257881800,בנין,חנות,,הצפון החדש סביבת כיכר המדינה,2025-06-03T00:00:00.000Z,6213,1381,8,53256915,"MULTIPOLYGON(((3872587.392047549 3774680.130561395,3872585.1637761323 3774701.5322718127,3872605.9206601363 3774703.6151763718,3872608.125858451 3774682.0711860876,3872587.392047549 3774680.130561395)))",2,GovMap,https://www.govmap.gov.il/api/real-estate/street-deals/52300326?limit=100&offset=0&dealType=2&startDate=2021-01&endDate=2026-08,2026-08-22 13:43:07.812562+00:00
1783023,5000,תל אביב-יפו,50000916.0,ה' באייר,36.0,שניה,92,4200000,6257078600,דירה,דירה בבית קומות,3.0,הצפון החדש סביבת כיכר המדינה,2025-05-19T00:00:00.000Z,6213,1298,12,52303215,"MULTIPOLYGON(((3872959.477627424 3774629.434431914,3872937.976016641 3774637.1361557133,3872944.636900929 3774656.0364893563,3872966.126975784 3774648.2754548006,3872959.477627424 3774629.434431914)))",2,GovMap,https://www.govmap.gov.il/api/real-estate/street-deals/52300326?limit=100&offset=0&dealType=2&startDate=2021-01&endDate=2026-08,2026-08-22 13:43:07.812562+00:00
1783021,5000,תל אביב-יפו,50000916.0,ה' באייר,36.0,ראשונה,78,3700000,6257573200,דירה,דירה בבית קומות,3.0,הצפון החדש סביבת כיכר המדינה,2025-05-18T00:00:00.000Z,6213,1298,10,52303215,"MULTIPOLYGON(((3872959.477627424 3774629.434431914,3872937.976016641 3774637.1361557133,3872944.636900929 3774656.0364893563,3872966.126975784 3774648.2754548006,3872959.477627424 3774629.434431914)))",2,GovMap,https://www.govmap.gov.il/api/real-estate/street-deals/52300326?limit=100&offset=0&dealType=2&startDate=2021-01&endDate=2026-08,2026-08-22 13:43:07.812562+00:00
1783279,5000,תל אביב-יפו,50000916.0,ה' באייר,72.0,חמישית,84,3845000,6257231700,דירה,דירה בבית קומות,4.0,הצפון החדש סביבת כיכר המדינה,2025-04-27T00:00:00.000Z,6213,1364,14,52420137,"MULTIPOLYGON(((3872639.116296533 3774810.523668565,3872622.803569195 3774824.0864436706,3872634.411317534 3774838.207683082,3872650.724051229 3774824.644876467,3872639.116296533 3774810.523668565)))",2,GovMap,https://www.govmap.gov.il/api/real-estate/street-deals/52300326?limit=100&offset=0&dealType=2&startDate=2021-01&endDate=2026-08,2026-08-22 13:43:07.812562+00:00
1783227,5000,תל אביב-יפו,50000916.0,ה' באייר,44.0,שניה,87,4000000,6253928800,דירה,דירה בבית קומות,3.0,הצפון החדש סביבת כיכר המדינה,2025-02-25T00:00:00.000Z,6213,1354,11,52304495,"MULTIPOLYGON(((3872948.163675757 3774748.551897928,3872943.867330104 3774765.1234435774,3872964.8352009463 3774770.678200467,3872969.025397239 3774754.1062312275,3872948.163675757 3774748.551897928)))",2,GovMap,https://www.govmap.gov.il/api/real-estate/street-deals/52300326?limit=100&offset=0&dealType=2&startDate=2021-01&endDate=2026-08,2026-08-22 13:43:07.812562+00:00
1783231,5000,תל אביב-יפו,50000916.0,ה' באייר,44.0,שלישית,90,4700000,6253364000,דירה,דירה בבית קומות,4.0,הצפון החדש סביבת כיכר המדינה,2025-02-17T00:00:00.000Z,6213,1354,13,52304495,"MULTIPOLYGON(((3872948.163675757 3774748.551897928,3872943.867330104 3774765.1234435774,3872964.8352009463 3774770.678200467,3872969.025397239 3774754.1062312275,3872948.163675757 3774748.551897928)))",2,GovMap,https://www.govmap.gov.il/api/real-estate/street-deals/52300326?limit=100&offset=0&dealType=2&startDate=2021-01&endDate=2026-08,2026-08-22 13:43:07.812562+00:00
1783194,5000,תל אביב-יפו,50000916.0,ה' באייר,2.0,מרתף,148,4800000,6262578950,בנין,משרד,,הצפון החדש סביבת כיכר המדינה,2025-02-11T00:00:00.000Z,6213,1346,1,53425102,"MULTIPOLYGON(((3872606.160362213 3774705.6777580525,3872584.8013440515 3774706.8627251876,3872586.465361045 3774734.1209409777,3872607.824427354 3774732.9359686943,3872606.160362213 3774705.6777580525)))",2,GovMap,https://www.govmap.gov.il/api/real-estate/street-deals/52300326?limit=100&offset=0&dealType=2&startDate=2021-01&endDate=2026-08,2026-08-22 13:43:07.812562+00:00
1783109,5000,תל אביב-יפו,50000916.0,ה' באייר,14.0,יציע,109,1545000,6250327200,בנין,חנות,,הצפון החדש סביבת כיכר המדינה,2024-12-30T00:00:00.000Z,6213,1325,12,52303926,"MULTIPOLYGON(((3872672.3110236037 3774548.7992184097,3872654.678936987 3774562.1315197493,3872666.198846489 3774577.579109833,3872683.807905865 3774564.1045042356,3872672.3110236037 3774548.7992184097)))",2,GovMap,https://www.govmap.gov.il/api/real-estate/street-deals/52300326?limit=100&offset=0&dealType=2&startDate=2021-01&endDate=2026-08,2026-08-22 13:43:07.812562+00:00
1787451,5000,תל אביב-יפו,50000916.0,ה' באייר,76.0,"מרתף,קרקע",513,26500000,6252386900,בנין,חנות,,הצפון החדש סביבת כיכר המדינה,2024-12-29T00:00:00.000Z,6213,895,1,52353934,"MULTIPOLYGON(((3872612.44058275 3774759.1037621154,3872593.409943659 3774768.058630881,3872608.8469117284 3774801.377662464,3872627.853463802 3774792.5648354655,3872612.44058275 3774759.1037621154)))",2,GovMap,https://www.govmap.gov.il/api/real-estate/street-deals/52300326?limit=100&offset=0&dealType=2&startDate=2021-01&endDate=2026-08,2026-08-22 13:43:07.812562+00:00
1783548,5000,תל אביב-יפו,50000916.0,ה' באייר,62.0,חמישית,149,5625000,6210498700,דירה,דירה בבית קומות,3.0,הצפון החדש סביבת כיכר המדינה,2024-09-04T00:00:00.000Z,6213,1409,20,53018711,"MULTIPOLYGON(((3872739.785262306 3774880.370446314,3872737.0034307386 3774898.5830796566,3872757.2730110814 3774901.765808567,3872760.0550396154 3774883.49392257,3872739.785262306 3774880.370446314)))",2,GovMap,https://www.govmap.gov.il/api/real-estate/street-deals/52300326?limit=100&offset=0&dealType=2&startDate=2021-01&endDate=2026-08,2026-08-22 13:43:07.812562+00:00
1783220,5000,תל אביב-יפו,50000916.0,ה' באייר,52.0,רביעית,130,5750000,6204868950,דירה,דירה בבית קומות,4.0,הצפון החדש סביבת כיכר המדינה,2024-04-09T00:00:00.000Z,6213,1351,12,52334509,"MULTIPOLYGON(((3872895.468971747 3774840.7685769806,3872882.9223328745 3774850.116259005,3872895.7204423514 3774867.5713589885,3872908.137383108 3774858.22315059,3872895.468971747 3774840.7685769806)))",2,GovMap,https://www.govmap.gov.il/api/real-estate/street-deals/52300326?limit=100&offset=0&dealType=2&startDate=2021-01&endDate=2026-08,2026-08-22 13:43:07.812562+00:00
1783272,5000,תל אביב-יפו,50000916.0,ה' באייר,50.0,רביעית,91,5000000,6205075100,דירה,דירה בבית קומות,4.0,הצפון החדש סביבת כיכר המדינה,2024-04-03T00:00:00.000Z,6213,1362,21,52256262,"MULTIPOLYGON(((3872915.1075245934 3774823.888735181,3872896.8980030715 3774840.181647469,3872909.813003775 3774854.8171718055,3872928.0225303313 3774838.524220306,3872915.1075245934 3774823.888735181)))",2,GovMap,https://www.govmap.gov.il/api/real-estate/street-deals/52300326?limit=100&offset=0&dealType=2&startDate=2021-01&endDate=2026-08,2026-08-22 13:43:07.812562+00:00
1783676,5000,תל אביב-יפו,50000916.0,ה' באייר,34.0,שלישית,119,542000,6201877850,דירה,דירה בבית קומות,5.0,הצפון החדש סביבת כיכר המדינה,2024-02-05T00:00:00.000Z,6213,1429,10,52307497,"MULTIPOLYGON(((3872943.7813631813 3774605.167557886,3872923.69555026 3774615.753873093,3872933.517551135 3774634.381986749,3872953.4854739537 3774623.795185338,3872943.7813631813 3774605.167557886)))",2,GovMap,https://www.govmap.gov.il/api/real-estate/street-deals/52300326?limit=100&offset=0&dealType=2&startDate=2021-01&endDate=2026-08,2026-08-22 13:43:07.812562+00:00
1783092,5000,תל אביב-יפו,50000916.0,ה' באייר,42.0,מרתף,145,1285000,6160795750,בנין,מחסנים,,הצפון החדש סביבת כיכר המדינה,2023-09-28T00:00:00.000Z,6213,1321,1,52313061,"MULTIPOLYGON(((3872951.4254831686 3774731.1588383545,3872949.1319708405 3774748.188317157,3872969.8620808935 3774751.1472934,3872972.1793730715 3774734.058654747,3872951.4254831686 3774731.1588383545)))",2,GovMap,https://www.govmap.gov.il/api/real-estate/street-deals/52300326?limit=100&offset=0&dealType=2&startDate=2021-01&endDate=2026-08,2026-08-22 13:43:07.812562+00:00
1783254,5000,תל אביב-יפו,50000916.0,ה' באייר,30.0,רביעית,129,6549000,6155925750,דירה,דירה בבית קומות,4.0,הצפון החדש סביבת כיכר המדינה,2023-05-29T00:00:00.000Z,6213,1359,13,52316035,"MULTIPOLYGON(((3872909.9574466883 3774563.484775148,3872893.7660180633 3774579.4178072657,3872908.659092988 3774594.7360020103,3872924.88589661 3774578.8030658914,3872909.9574466883 3774563.484775148)))",2,GovMap,https://www.govmap.gov.il/api/real-estate/street-deals/52300326?limit=100&offset=0&dealType=2&startDate=2021-01&endDate=2026-08,2026-08-22 13:43:07.812562+00:00
1783260,5000,תל אביב-יפו,50000916.0,ה' באייר,30.0,קרקע+יציע,20,1371000,6115938450,בנין,חנות,,הצפון החדש סביבת כיכר המדינה,2022-11-24T00:00:00.000Z,6213,1359,4,52316035,"MULTIPOLYGON(((3872909.9574466883 3774563.484775148,3872893.7660180633 3774579.4178072657,3872908.659092988 3774594.7360020103,3872924.88589661 3774578.8030658914,3872909.9574466883 3774563.484775148)))",2,GovMap,https://www.govmap.gov.il/api/real-estate/street-deals/52300326?limit=100&offset=0&dealType=2&startDate=2021-01&endDate=2026-08,2026-08-22 13:43:07.812562+00:00
1783215,5000,תל אביב-יפו,50000916.0,ה' באייר,6.0,גג,149,3850000,6116476750,דירה,דירה בבית קומות,4.5,הצפון החדש סביבת כיכר המדינה,2022-11-16T00:00:00.000Z,6213,1348,18,52296414,"MULTIPOLYGON(((3872594.32271324 3774653.2138621663,3872588.6943247137 3774675.7042545564,3872608.130726334 3774680.803409681,3872613.8775401604 3774658.1712752087,3872594.32271324 3774653.2138621663)))",2,GovMap,https://www.govmap.gov.il/api/real-estate/street-deals/52300326?limit=100&offset=0&dealType=2&startDate=2021-01&endDate=2026-08,2026-08-22 13:43:07.812562+00:00
1783684,5000,תל אביב-יפו,50000916.0,ה' באייר,32.0,ראשונה,141,6300000,6116619000,דירה,דירה בבית קומות,4.0,הצפון החדש סביבת כיכר המדינה,2022-11-11T00:00:00.000Z,6213,1432,6,52303961,"MULTIPOLYGON(((3872928.407997623 3774582.821405511,3872911.4954067376 3774596.1568945497,3872924.29726813 3774612.5689460468,3872941.19807697 3774599.233375622,3872928.407997623 3774582.821405511)))",2,GovMap,https://www.govmap.gov.il/api/real-estate/street-deals/52300326?limit=100&offset=0&dealType=2&startDate=2021-01&endDate=2026-08,2026-08-22 13:43:07.812562+00:00
1783315,5000,תל אביב-יפו,50000916.0,ה' באייר,4.0,חמישית,130,9600000,6106164200,דירה,דירה בבית קומות,4.0,הצפון החדש סביבת כיכר המדינה,2022-04-10T00:00:00.000Z,6213,1381,24,53256915,"MULTIPOLYGON(((3872587.392047549 3774680.130561395,3872585.1637761323 3774701.5322718127,3872605.9206601363 3774703.6151763718,3872608.125858451 3774682.0711860876,3872587.392047549 3774680.130561395)))",2,GovMap,https://www.govmap.gov.il/api/real-estate/street-deals/52300326?limit=100&offset=0&dealType=2&startDate=2021-01&endDate=2026-08,2026-08-22 13:43:07.812562+00:00
1783223,5000,תל אביב-יפו,50000916.0,ה' באייר,52.0,ראשונה,112,4141400,6101607700,דירה,דירה בבית קומות,3.0,הצפון החדש סביבת כיכר המדינה,2022-01-17T00:00:00.000Z,6213,1351,7,52334509,"MULTIPOLYGON(((3872895.468971747 3774840.7685769806,3872882.9223328745 3774850.116259005,3872895.7204423514 3774867.5713589885,3872908.137383108 3774858.22315059,3872895.468971747 3774840.7685769806)))",2,GovMap,https://www.govmap.gov.il/api/real-estate/street-deals/52300326?limit=100&offset=0&dealType=2&startDate=2021-01&endDate=2026-08,2026-08-22 13:43:07.812562+00:00
1783356,5000,תל אביב-יפו,50000916.0,ה' באייר,68.0,שניה,87,4390000,6072569850,דירה,דירה בבית קומות,4.0,הצפון החדש סביבת כיכר המדינה,2021-12-01T00:00:00.000Z,6213,1390,9,52395135,"MULTIPOLYGON(((3872666.482754964 3774838.6992226434,3872652.021277969 3774858.4187246957,3872665.7787175365 3774868.543426769,3872680.2396393986 3774848.9660740714,3872666.482754964 3774838.6992226434)))",2,GovMap,https://www.govmap.gov.il/api/real-estate/street-deals/52300326?limit=100&offset=0&dealType=2&startDate=2021-01&endDate=2026-08,2026-08-22 13:43:07.812562+00:00
1787465,5000,תל אביב-יפו,50000916.0,ה' באייר,76.0,ראשונה,92,5100000,6070318350,דירה,דירה בבית קומות,4.0,הצפון החדש סביבת כיכר המדינה,2021-11-14T00:00:00.000Z,6213,895,7,52353934,"MULTIPOLYGON(((3872612.44058275 3774759.1037621154,3872593.409943659 3774768.058630881,3872608.8469117284 3774801.377662464,3872627.853463802 3774792.5648354655,3872612.44058275 3774759.1037621154)))",2,GovMap,https://www.govmap.gov.il/api/real-estate/street-deals/52300326?limit=100&offset=0&dealType=2&startDate=2021-01&endDate=2026-08,2026-08-22 13:43:07.812562+00:00
1783178,5000,תל אביב -יפו,50000916.0,הא באייר,20.0,חמישית,260,8200000,6065841500,דירה,דירה בבית קומות,4.0,הצפון החדש סביבת כיכר המדינה,2021-08-23T00:00:00.000Z,6213,1342,24,52324286,"MULTIPOLYGON(((3872791.779899316 3774512.1637733434,3872768.195291559 3774512.6650991933,3872768.5715957168 3774534.5031568697,3872792.1562461625 3774534.0018297983,3872791.779899316 3774512.1637733434)))",2,GovMap,https://www.govmap.gov.il/api/real-estate/street-deals/52300326?limit=100&offset=0&dealType=2&startDate=2021-01&endDate=2026-08,2026-08-22 13:43:07.812562+00:00
1783239,5000,תל אביב-יפו,50000916.0,ה' באייר,44.0,מרתף,75,1400000,6065609650,בנין,מחסנים,,הצפון החדש סביבת כיכר המדינה,2021-08-15T00:00:00.000Z,6213,1354,2,52304495,"MULTIPOLYGON(((3872948.163675757 3774748.551897928,3872943.867330104 3774765.1234435774,3872964.8352009463 3774770.678200467,3872969.025397239 3774754.1062312275,3872948.163675757 3774748.551897928)))",2,GovMap,https://www.govmap.gov.il/api/real-estate/street-deals/52300326?limit=100&offset=0&dealType=2&startDate=2021-01&endDate=2026-08,2026-08-22 13:43:07.812562+00:00
1783543,5000,תל אביב-יפו,50000916.0,ה' באייר,62.0,ראשונה,149,5000000,6061868300,דירה,דירה בבית קומות,4.0,הצפון החדש סביבת כיכר המדינה,2021-07-14T00:00:00.000Z,6213,1409,13,53018711,"MULTIPOLYGON(((3872739.785262306 3774880.370446314,3872737.0034307386 3774898.5830796566,3872757.2730110814 3774901.765808567,3872760.0550396154 3774883.49392257,3872739.785262306 3774880.370446314)))",2,GovMap,https://www.govmap.gov.il/api/real-estate/street-deals/52300326?limit=100&offset=0&dealType=2&startDate=2021-01&endDate=2026-08,2026-08-22 13:43:07.812562+00:00
1783546,5000,תל אביב-יפו,50000916.0,ה' באייר,62.0,שלישית,115,4975000,6060723600,דירה,דירה בבית קומות,5.0,הצפון החדש סביבת כיכר המדינה,2021-06-29T00:00:00.000Z,6213,1409,17,53018711,"MULTIPOLYGON(((3872739.785262306 3774880.370446314,3872737.0034307386 3774898.5830796566,3872757.2730110814 3774901.765808567,3872760.0550396154 3774883.49392257,3872739.785262306 3774880.370446314)))",2,GovMap,https://www.govmap.gov.il/api/real-estate/street-deals/52300326?limit=100&offset=0&dealType=2&startDate=2021-01&endDate=2026-08,2026-08-22 13:43:07.812562+00:00
1783261,5000,תל אביב-יפו,50000916.0,ה' באייר,30.0,ראשונה,38,800000,6057637400,בנין,משרד,,הצפון החדש סביבת כיכר המדינה,2021-05-05T00:00:00.000Z,6213,1359,7,52316035,"MULTIPOLYGON(((3872909.9574466883 3774563.484775148,3872893.7660180633 3774579.4178072657,3872908.659092988 3774594.7360020103,3872924.88589661 3774578.8030658914,3872909.9574466883 3774563.484775148)))",2,GovMap,https://www.govmap.gov.il/api/real-estate/street-deals/52300326?limit=100&offset=0&dealType=2&startDate=2021-01&endDate=2026-08,2026-08-22 13:43:07.812562+00:00
1783537,5000,תל אביב-יפו,50000916.0,ה' באייר,64.0,ראשונה,145,5000000,6052525200,דירה,דירה בבית קומות,4.0,הצפון החדש סביבת כיכר המדינה,2021-02-10T00:00:00.000Z,6213,1402,11,52286049,"MULTIPOLYGON(((3872717.4028705764 3774874.6675878013,3872712.266693065 3774891.8284090296,3872730.6287411842 3774897.37355474,3872735.78902261 3774880.070625884,3872717.4028705764 3774874.6675878013)))",2,GovMap,https://www.govmap.gov.il/api/real-estate/street-deals/52300326?limit=100&offset=0&dealType=2&startDate=2021-01&endDate=2026-08,2026-08-22 13:43:07.812562+00:00
1783222,5000,תל אביב-יפו,50000916.0,ה' באייר,52.0,קרקע,164,7200000,6051609450,בנין,חנות,,הצפון החדש סביבת כיכר המדינה,2021-01-27T00:00:00.000Z,6213,1351,5,52334509,"MULTIPOLYGON(((3872895.468971747 3774840.7685769806,3872882.9223328745 3774850.116259005,3872895.7204423514 3774867.5713589885,3872908.137383108 3774858.22315059,3872895.468971747 3774840.7685769806)))",2,GovMap,https://www.govmap.gov.il/api/real-estate/street-deals/52300326?limit=100&offset=0&dealType=2&startDate=2021-01&endDate=2026-08,2026-08-22 13:43:07.812562+00:00
1782736,5000,תל אביב-יפו,50000909.0,הציונות,8.0,שניה,108,4975000,6262645800,דירה,דירה בבית קומות,4.0,הצפון החדש סביבת כיכר המדינה,2025-09-16T00:00:00.000Z,6213,1177,3,52315768,"MULTIPOLYGON(((3873156.339381583 3774735.560296402,3873141.8002872677 3774738.6918632025,3873146.6776355566 3774761.5902467994,3873161.181382069 3774758.4585329327,3873156.339381583 3774735.560296402)))",1,GovMap,https://www.govmap.gov.il/api/real-estate/street-deals/52315768?limit=100&offset=0&dealType=2&startDate=2021-01&endDate=2026-08,2026-08-22 13:43:18.795494+00:00
1782586,5000,תל אביב-יפו,50000909.0,הציונות,7.0,רביעית,84,94000,6160622900,דירה,דירה בבית קומות,3.0,הצפון החדש סביבת כיכר המדינה,2023-08-24T00:00:00.000Z,6213,1155,17,52317497,"MULTIPOLYGON(((3873090.5089814663 3774746.136716154,3873065.267214653 3774751.2887859354,3873069.5259174756 3774772.490492629,3873084.8665722907 3774769.445021648,3873086.0240573385 3774775.1486613452,3873095.9482592153 3774773.184315246,3873090.5089814663 3774746.136716154)))",2,GovMap,https://www.govmap.gov.il/api/real-estate/street-deals/52315768?limit=100&offset=0&dealType=2&startDate=2021-01&endDate=2026-08,2026-08-22 13:43:18.795494+00:00
1787567,5000,תל אביב-יפו,50000909.0,הציונות,3.0,שישית+שביעית,213,13100000,6068901900,קרקע,קרקע למגורים,6.0,הצפון החדש סביבת כיכר המדינה,2021-11-04T00:00:00.000Z,6213,928,6,53021610,"MULTIPOLYGON(((3873087.462497393 3774697.2361801527,3873071.907663989 3774700.8140008105,3873074.9120861697 3774713.858972012,3873090.4905183124 3774710.2812342444,3873087.462497393 3774697.2361801527)))",2,GovMap,https://www.govmap.gov.il/api/real-estate/street-deals/52315768?limit=100&offset=0&dealType=2&startDate=2021-01&endDate=2026-08,2026-08-22 13:43:18.795494+00:00
1787566,5000,תל אביב-יפו,50000909.0,הציונות,3.0,רביעית,125,8271700,6068709650,דירה,דירה בבית קומות,5.0,הצפון החדש סביבת כיכר המדינה,2021-10-12T00:00:00.000Z,6213,928,4,53021610,"MULTIPOLYGON(((3873087.462497393 3774697.2361801527,3873071.907663989 3774700.8140008105,3873074.9120861697 3774713.858972012,3873090.4905183124 3774710.2812342444,3873087.462497393 3774697.2361801527)))",2,GovMap,https://www.govmap.gov.il/api/real-estate/street-deals/52315768?limit=100&offset=0&dealType=2&startDate=2021-01&endDate=2026-08,2026-08-22 13:43:18.795494+00:00
1782599,5000,תל אביב-יפו,50000909.0,הציונות,7.0,שניה,89,4700000,6063878900,דירה,דירה בבית קומות,3.0,הצפון החדש סביבת כיכר המדינה,2021-08-03T00:00:00.000Z,6213,1155,7,52317497,"MULTIPOLYGON(((3873090.5089814663 3774746.136716154,3873065.267214653 3774751.2887859354,3873069.5259174756 3774772.490492629,3873084.8665722907 3774769.445021648,3873086.0240573385 3774775.1486613452,3873095.9482592153 3774773.184315246,3873090.5089814663 3774746.136716154)))",2,GovMap,https://www.govmap.gov.il/api/real-estate/street-deals/52315768?limit=100&offset=0&dealType=2&startDate=2021-01&endDate=2026-08,2026-08-22 13:43:18.795494+00:00
1785083,5000,תל אביב-יפו,50000939.0,חברה חדשה,3.0,,97,5985000,6266006750,דירה,דירה בבית קומות,2.5,הצפון החדש סביבת כיכר המדינה,2025-11-11T00:00:00.000Z,6213,229,3,52317356,"MULTIPOLYGON(((3872885.4519179715 3774406.7075906387,3872855.022770943 3774408.7348332666,3872855.800952819 3774421.0956069687,3872886.230673541 3774418.926183095,3872885.4519179715 3774406.7075906387)))",2,GovMap,https://www.govmap.gov.il/api/real-estate/street-deals/52297115?limit=100&offset=0&dealType=2&startDate=2021-01&endDate=2026-08,2026-08-22 13:43:22.282604+00:00
1785995,5000,תל אביב-יפו,50000939.0,חברה חדשה,4.0,שלישית,71,4100000,6259990100,דירה,דירה בבית קומות,3.0,הצפון החדש סביבת כיכר המדינה,2025-07-24T00:00:00.000Z,6213,608,11,52311218,"MULTIPOLYGON(((3872941.0027918206 3774408.8801680985,3872909.281098697 3774412.8219979466,3872911.330690658 3774428.8250999884,3872943.1821272545 3774424.883759116,3872941.0027918206 3774408.8801680985)))",2,GovMap,https://www.govmap.gov.il/api/real-estate/street-deals/52297115?limit=100&offset=0&dealType=2&startDate=2021-01&endDate=2026-08,2026-08-22 13:43:22.282604+00:00
1785084,5000,תל אביב-יפו,50000939.0,חברה חדשה,3.0,,1,31728000,6256903250,קרקע,קומבינציה,0.0,הצפון החדש סביבת כיכר המדינה,2025-03-27T00:00:00.000Z,6213,229,4,52317356,"MULTIPOLYGON(((3872885.4519179715 3774406.7075906387,3872855.022770943 3774408.7348332666,3872855.800952819 3774421.0956069687,3872886.230673541 3774418.926183095,3872885.4519179715 3774406.7075906387)))",2,GovMap,https://www.govmap.gov.il/api/real-estate/street-deals/52297115?limit=100&offset=0&dealType=2&startDate=2021-01&endDate=2026-08,2026-08-22 13:43:22.282604+00:00
1785183,5000,תל אביב-יפו,50000939.0,חברה חדשה,2.0,שלישית,116,6460000,6252921900,דירה,דירה בבית קומות,4.0,הצפון החדש סביבת כיכר המדינה,2025-01-09T00:00:00.000Z,6213,254,6,52304920,"MULTIPOLYGON(((3872917.784237667 3774366.3229077817,3872904.463984038 3774368.416140433,3872909.068268806 3774397.829421874,3872922.388554209 3774395.7361793495,3872917.784237667 3774366.3229077817)))",2,GovMap,https://www.govmap.gov.il/api/real-estate/street-deals/52297115?limit=100&offset=0&dealType=2&startDate=2021-01&endDate=2026-08,2026-08-22 13:43:22.282604+00:00
1785077,5000,תל אביב-יפו,50000939.0,חברה חדשה,5.0,שישית,78,5780000,6162412350,דירה,דירה בבית קומות,3.0,הצפון החדש סביבת כיכר המדינה,2023-11-30T00:00:00.000Z,6213,228,7,6213-228,"MULTIPOLYGON(((3872850.464524031 3774444.481372045,3872895.35518537 3774446.6538121775,3872895.658976714 3774439.471936238,3872895.483949978 3774427.400791495,3872894.925194251 3774419.326981182,3872850.1766593587 3774423.375451286,3872850.464524031 3774444.481372045)))",2,GovMap,https://www.govmap.gov.il/api/real-estate/street-deals/52297115?limit=100&offset=0&dealType=2&startDate=2021-01&endDate=2026-08,2026-08-22 13:43:22.282604+00:00
1785078,5000,תל אביב-יפו,50000939.0,חברה חדשה,5.0,ראשונה,78,5000000,6162346800,דירה,דירה בבית קומות,3.0,הצפון החדש סביבת כיכר המדינה,2023-11-15T00:00:00.000Z,6213,228,8,6213-228,"MULTIPOLYGON(((3872850.464524031 3774444.481372045,3872895.35518537 3774446.6538121775,3872895.658976714 3774439.471936238,3872895.483949978 3774427.400791495,3872894.925194251 3774419.326981182,3872850.1766593587 3774423.375451286,3872850.464524031 3774444.481372045)))",2,GovMap,https://www.govmap.gov.il/api/real-estate/street-deals/52297115?limit=100&offset=0&dealType=2&startDate=2021-01&endDate=2026-08,2026-08-22 13:43:22.282604+00:00
1785079,5000,תל אביב-יפו,50000939.0,חברה חדשה,5.0,ראשונה,62,4170000,6161105050,דירה,דירה בבית קומות,3.0,הצפון החדש סביבת כיכר המדינה,2023-09-21T00:00:00.000Z,6213,228,9,6213-228,"MULTIPOLYGON(((3872850.464524031 3774444.481372045,3872895.35518537 3774446.6538121775,3872895.658976714 3774439.471936238,3872895.483949978 3774427.400791495,3872894.925194251 3774419.326981182,3872850.1766593587 3774423.375451286,3872850.464524031 3774444.481372045)))",2,GovMap,https://www.govmap.gov.il/api/real-estate/street-deals/52297115?limit=100&offset=0&dealType=2&startDate=2021-01&endDate=2026-08,2026-08-22 13:43:22.282604+00:00
1785996,5000,תל אביב-יפו,50000939.0,חברה חדשה,4.0,שלישית,66,4350000,6158815750,דירה,דירה בבית קומות,3.0,הצפון החדש סביבת כיכר המדינה,2023-08-08T00:00:00.000Z,6213,608,12,52311218,"MULTIPOLYGON(((3872941.0027918206 3774408.8801680985,3872909.281098697 3774412.8219979466,3872911.330690658 3774428.8250999884,3872943.1821272545 3774424.883759116,3872941.0027918206 3774408.8801680985)))",2,GovMap,https://www.govmap.gov.il/api/real-estate/street-deals/52297115?limit=100&offset=0&dealType=2&startDate=2021-01&endDate=2026-08,2026-08-22 13:43:22.282604+00:00
1785066,5000,תל אביב-יפו,50000939.0,חברה חדשה,5.0,,1,482000,6159033550,קרקע,קומבינציה,,הצפון החדש סביבת כיכר המדינה,2023-07-12T00:00:00.000Z,6213,228,1,6213-228,"MULTIPOLYGON(((3872850.464524031 3774444.481372045,3872895.35518537 3774446.6538121775,3872895.658976714 3774439.471936238,3872895.483949978 3774427.400791495,3872894.925194251 3774419.326981182,3872850.1766593587 3774423.375451286,3872850.464524031 3774444.481372045)))",2,GovMap,https://www.govmap.gov.il/api/real-estate/street-deals/52297115?limit=100&offset=0&dealType=2&startDate=2021-01&endDate=2026-08,2026-08-22 13:43:22.282604+00:00
1785067,5000,תל אביב-יפו,50000939.0,חברה חדשה,5.0,שניה,137,1620000,6159110700,דירה,דירה בבית קומות,5.0,הצפון החדש סביבת כיכר המדינה,2023-07-12T00:00:00.000Z,6213,228,11,6213-228,"MULTIPOLYGON(((3872850.464524031 3774444.481372045,3872895.35518537 3774446.6538121775,3872895.658976714 3774439.471936238,3872895.483949978 3774427.400791495,3872894.925194251 3774419.326981182,3872850.1766593587 3774423.375451286,3872850.464524031 3774444.481372045)))",2,GovMap,https://www.govmap.gov.il/api/real-estate/street-deals/52297115?limit=100&offset=0&dealType=2&startDate=2021-01&endDate=2026-08,2026-08-22 13:43:22.282604+00:00
1785998,5000,תל אביב-יפו,50000939.0,חברה חדשה,4.0,רביעית,70,4400000,6105370100,דירה,דירה בבית קומות,3.0,הצפון החדש סביבת כיכר המדינה,2022-03-23T00:00:00.000Z,6213,608,15,52311218,"MULTIPOLYGON(((3872941.0027918206 3774408.8801680985,3872909.281098697 3774412.8219979466,3872911.330690658 3774428.8250999884,3872943.1821272545 3774424.883759116,3872941.0027918206 3774408.8801680985)))",2,GovMap,https://www.govmap.gov.il/api/real-estate/street-deals/52297115?limit=100&offset=0&dealType=2&startDate=2021-01&endDate=2026-08,2026-08-22 13:43:22.282604+00:00
1627862,5000,תל אביב-יפו,50000908.0,יהודה גור,4.0,ראשונה,79,3450000,6257501450,דירה,דירה בבית קומות,3.0,הצפון החדש סביבת כיכר המדינה,2025-03-31T00:00:00.000Z,6108,394,3,52301018,"MULTIPOLYGON(((3873257.2087143366 3774664.5696595046,3873240.795447945 3774667.5519822757,3873244.2613695296 3774686.4399810624,3873260.6751990933 3774683.3154684864,3873257.2087143366 3774664.5696595046)))",1,GovMap,https://www.govmap.gov.il/api/real-estate/street-deals/52301018?limit=100&offset=0&dealType=2&startDate=2021-01&endDate=2026-08,2026-08-22 13:43:23.231486+00:00
1627861,5000,תל אביב-יפו,50000908.0,יהודה גור,4.0,רביעית,57,3200000,6153824050,דירה,דירה בבית קומות,2.0,הצפון החדש סביבת כיכר המדינה,2023-03-29T00:00:00.000Z,6108,394,10,52301018,"MULTIPOLYGON(((3873257.2087143366 3774664.5696595046,3873240.795447945 3774667.5519822757,3873244.2613695296 3774686.4399810624,3873260.6751990933 3774683.3154684864,3873257.2087143366 3774664.5696595046)))",1,GovMap,https://www.govmap.gov.il/api/real-estate/street-deals/52301018?limit=100&offset=0&dealType=2&startDate=2021-01&endDate=2026-08,2026-08-22 13:43:23.231486+00:00
1627864,5000,תל אביב-יפו,50000908.0,יהודה גור,4.0,שלישית,78,4100000,6102877850,דירה,דירה בבית קומות,3.0,הצפון החדש סביבת כיכר המדינה,2022-02-02T00:00:00.000Z,6108,394,8,52301018,"MULTIPOLYGON(((3873257.2087143366 3774664.5696595046,3873240.795447945 3774667.5519822757,3873244.2613695296 3774686.4399810624,3873260.6751990933 3774683.3154684864,3873257.2087143366 3774664.5696595046)))",1,GovMap,https://www.govmap.gov.il/api/real-estate/street-deals/52301018?limit=100&offset=0&dealType=2&startDate=2021-01&endDate=2026-08,2026-08-22 13:43:23.231486+00:00
1627953,5000,תל אביב-יפו,50000908.0,יהודה גור,6.0,שלישית,73,3770000,6204429600,דירה,דירה בבית קומות,3.0,הצפון החדש סביבת כיכר המדינה,2024-04-09T00:00:00.000Z,6108,436,8,53301876,"MULTIPOLYGON(((3873285.5401288755 3774656.158827229,3873280.8210461806 3774656.816164747,3873280.779753701 3774656.822049737,3873267.713626242 3774658.685541693,3873270.4669951187 3774678.9215314053,3873280.7012964054 3774677.5563467564,3873280.742587611 3774677.5508172084,3873288.2811979037 3774676.536944466,3873285.5401288755 3774656.158827229)))",2,GovMap,https://www.govmap.gov.il/api/real-estate/street-deals/52301018?limit=100&offset=0&dealType=2&startDate=2021-01&endDate=2026-08,2026-08-22 13:43:23.231486+00:00
1627505,5000,תל אביב-יפו,50000908.0,יהודה גור,3.0,שניה,105,6000000,6108071650,דירה,דירה בבית קומות,4.0,הצפון החדש סביבת כיכר המדינה,2022-05-26T00:00:00.000Z,6108,368,3,53050600,"MULTIPOLYGON(((3873262.332309106 3774712.801054636,3873247.5813378342 3774715.8489946467,3873252.316529336 3774738.971873458,3873266.96086706 3774736.0656977706,3873262.332309106 3774712.801054636)))",2,GovMap,https://www.govmap.gov.il/api/real-estate/street-deals/52301018?limit=100&offset=0&dealType=2&startDate=2021-01&endDate=2026-08,2026-08-22 13:43:23.231486+00:00
1627506,5000,תל אביב-יפו,50000908.0,יהודה גור,3.0,שניה,105,2690000,6072250050,דירה,דירה בבית קומות,4.0,הצפון החדש סביבת כיכר המדינה,2021-12-22T00:00:00.000Z,6108,368,4,53050600,"MULTIPOLYGON(((3873262.332309106 3774712.801054636,3873247.5813378342 3774715.8489946467,3873252.316529336 3774738.971873458,3873266.96086706 3774736.0656977706,3873262.332309106 3774712.801054636)))",2,GovMap,https://www.govmap.gov.il/api/real-estate/street-deals/52301018?limit=100&offset=0&dealType=2&startDate=2021-01&endDate=2026-08,2026-08-22 13:43:23.231486+00:00
1627978,5000,תל אביב-יפו,50000908.0,יהודה גור,5.0,ראשונה,65,2750000,6066352150,דירה,דירה בבית קומות,3.0,הצפון החדש סביבת כיכר המדינה,2021-09-29T00:00:00.000Z,6108,458,1,53050300,"MULTIPOLYGON(((3873286.985198432 3774707.421211158,3873280.6232397407 3774709.091253359,3873280.5819264567 3774709.1025886424,3873272.112693728 3774711.4284514277,3873277.6918453085 3774732.777245839,3873280.4950405015 3774732.0640064436,3873280.5363507257 3774732.0535005326,3873292.552583223 3774728.769946799,3873286.985198432 3774707.421211158)))",2,GovMap,https://www.govmap.gov.il/api/real-estate/street-deals/52301018?limit=100&offset=0&dealType=2&startDate=2021-01&endDate=2026-08,2026-08-22 13:43:23.231486+00:00
1628016,5000,תל אביב-יפו,50000908.0,יהודה גור,8.0,ראשונה,59,3500000,6059811200,דירה,דירה בבית קומות,3.0,הצפון החדש סביבת כיכר המדינה,2021-06-10T00:00:00.000Z,6108,466,3,53305863,"MULTIPOLYGON(((3873311.5048194993 3774649.966420297,3873291.783294136 3774654.71345785,3873296.8798620524 3774675.835178113,3873316.601420099 3774671.088124234,3873311.5048194993 3774649.966420297)))",2,GovMap,https://www.govmap.gov.il/api/real-estate/street-deals/52301018?limit=100&offset=0&dealType=2&startDate=2021-01&endDate=2026-08,2026-08-22 13:43:23.231486+00:00
1627321,5000,תל אביב-יפו,50000937.0,קליי,8.0,שביעית,92,5952000,6303713450,דירה,דירה בבית קומות,3.0,הצפון החדש סביבת כיכר המדינה,2026-02-17T00:00:00.000Z,6108,247,11,52319288,"MULTIPOLYGON(((3873313.122447713 3774343.7749462826,3873296.604991277 3774346.3658804363,3873303.162009254 3774389.71998267,3873321.448809208 3774386.9699084954,3873317.9965994894 3774364.4450352686,3873308.558441385 3774365.818945294,3873307.639262672 3774359.4410783025,3873315.307910697 3774358.285531358,3873313.122447713 3774343.7749462826)))",2,GovMap,https://www.govmap.gov.il/api/real-estate/street-deals/53067570?limit=100&offset=0&dealType=2&startDate=2021-01&endDate=2026-08,2026-08-22 13:43:32.057364+00:00
1628353,5000,תל אביב -יפו,50000937.0,קליי,2.0,שלישית,83,3800000,6301481400,דירה,דירה בבית קומות,4.0,הצפון החדש סביבת כיכר המדינה,2026-01-12T00:00:00.000Z,6108,638,8,52271479,"MULTIPOLYGON(((3873301.7048035627 3774279.300849493,3873285.291848486 3774282.342384303,3873288.989834359 3774302.214058788,3873305.3790096715 3774299.231664227,3873301.7048035627 3774279.300849493)))",2,GovMap,https://www.govmap.gov.il/api/real-estate/street-deals/53067570?limit=100&offset=0&dealType=2&startDate=2021-01&endDate=2026-08,2026-08-22 13:43:32.057364+00:00
1627322,5000,תל אביב-יפו,50000937.0,קליי,8.0,ראשונה,68,3800000,6301018950,דירה,דירה בבית קומות,3.0,הצפון החדש סביבת כיכר המדינה,2025-12-30T00:00:00.000Z,6108,247,12,52319288,"MULTIPOLYGON(((3873313.122447713 3774343.7749462826,3873296.604991277 3774346.3658804363,3873303.162009254 3774389.71998267,3873321.448809208 3774386.9699084954,3873317.9965994894 3774364.4450352686,3873308.558441385 3774365.818945294,3873307.639262672 3774359.4410783025,3873315.307910697 3774358.285531358,3873313.122447713 3774343.7749462826)))",2,GovMap,https://www.govmap.gov.il/api/real-estate/street-deals/53067570?limit=100&offset=0&dealType=2&startDate=2021-01&endDate=2026-08,2026-08-22 13:43:32.057364+00:00
1627460,5000,תל אביב-יפו,50000937.0,קליי,18.0,שביעית,104,5820000,6266568150,דירה,דירה בבית קומות,4.0,הצפון החדש סביבת כיכר המדינה,2025-12-10T00:00:00.000Z,6108,358,14,72766040,"MULTIPOLYGON(((3873328.7232962926 3774526.9424447003,3873345.596774723 3774524.2484029853,3873345.217386728 3774521.2372239884,3873350.466620128 3774520.281059465,3873347.049767257 3774498.672910129,3873324.8143971935 3774502.223146202,3873328.7232962926 3774526.9424447003)))",2,GovMap,https://www.govmap.gov.il/api/real-estate/street-deals/53067570?limit=100&offset=0&dealType=2&startDate=2021-01&endDate=2026-08,2026-08-22 13:43:32.057364+00:00
1627461,5000,תל אביב-יפו,50000937.0,קליי,18.0,שלישית,87,4450000,6267525600,דירה,דירה בבית קומות,3.0,הצפון החדש סביבת כיכר המדינה,2025-11-30T00:00:00.000Z,6108,358,15,72766040,"MULTIPOLYGON(((3873328.7232962926 3774526.9424447003,3873345.596774723 3774524.2484029853,3873345.217386728 3774521.2372239884,3873350.466620128 3774520.281059465,3873347.049767257 3774498.672910129,3873324.8143971935 3774502.223146202,3873328.7232962926 3774526.9424447003)))",2,GovMap,https://www.govmap.gov.il/api/real-estate/street-deals/53067570?limit=100&offset=0&dealType=2&startDate=2021-01&endDate=2026-08,2026-08-22 13:43:32.057364+00:00
1627903,5000,תל אביב-יפו,50000937.0,קליי,12.0,שביעית,64,700000,6266684100,דירה,דירה בבית קומות,3.0,הצפון החדש סביבת כיכר המדינה,2025-11-20T00:00:00.000Z,6108,407,17,51664414,"MULTIPOLYGON(((3873323.52502292 3774399.193407638,3873305.954368556 3774402.7637539185,3873313.685524411 3774441.217327318,3873331.386158768 3774437.5882131536,3873323.52502292 3774399.193407638)))",2,GovMap,https://www.govmap.gov.il/api/real-estate/street-deals/53067570?limit=100&offset=0&dealType=2&startDate=2021-01&endDate=2026-08,2026-08-22 13:43:32.057364+00:00
1628071,5000,תל אביב-יפו,50000937.0,קליי,10.0,שניה,80,100000,6262808600,דירה,דירה בבית קומות,3.0,הצפון החדש סביבת כיכר המדינה,2025-08-19T00:00:00.000Z,6108,506,5,51664414,"MULTIPOLYGON(((3873323.52502292 3774399.193407638,3873305.954368556 3774402.7637539185,3873313.685524411 3774441.217327318,3873331.386158768 3774437.5882131536,3873323.52502292 3774399.193407638)))",2,GovMap,https://www.govmap.gov.il/api/real-estate/street-deals/53067570?limit=100&offset=0&dealType=2&startDate=2021-01&endDate=2026-08,2026-08-22 13:43:32.057364+00:00
1628073,5000,תל אביב-יפו,50000937.0,קליי,10.0,שלישית,105,1450000,6258727850,דירה,דירה בבית קומות,3.0,הצפון החדש סביבת כיכר המדינה,2025-05-29T00:00:00.000Z,6108,506,6,51664414,"MULTIPOLYGON(((3873323.52502292 3774399.193407638,3873305.954368556 3774402.7637539185,3873313.685524411 3774441.217327318,3873331.386158768 3774437.5882131536,3873323.52502292 3774399.193407638)))",2,GovMap,https://www.govmap.gov.il/api/real-estate/street-deals/53067570?limit=100&offset=0&dealType=2&startDate=2021-01&endDate=2026-08,2026-08-22 13:43:32.057364+00:00
1628069,5000,תל אביב-יפו,50000937.0,קליי,10.0,שניה,105,95000,6258728250,דירה,דירה בבית קומות,3.0,הצפון החדש סביבת כיכר המדינה,2025-05-11T00:00:00.000Z,6108,506,3,51664414,"MULTIPOLYGON(((3873323.52502292 3774399.193407638,3873305.954368556 3774402.7637539185,3873313.685524411 3774441.217327318,3873331.386158768 3774437.5882131536,3873323.52502292 3774399.193407638)))",2,GovMap,https://www.govmap.gov.il/api/real-estate/street-deals/53067570?limit=100&offset=0&dealType=2&startDate=2021-01&endDate=2026-08,2026-08-22 13:43:32.057364+00:00
1627323,5000,תל אביב-יפו,50000937.0,קליי,8.0,שניה,35,2596000,6251507400,דירה,דירה בבית קומות,2.0,הצפון החדש סביבת כיכר המדינה,2024-12-25T00:00:00.000Z,6108,247,13,52319288,"MULTIPOLYGON(((3873313.122447713 3774343.7749462826,3873296.604991277 3774346.3658804363,3873303.162009254 3774389.71998267,3873321.448809208 3774386.9699084954,3873317.9965994894 3774364.4450352686,3873308.558441385 3774365.818945294,3873307.639262672 3774359.4410783025,3873315.307910697 3774358.285531358,3873313.122447713 3774343.7749462826)))",2,GovMap,https://www.govmap.gov.il/api/real-estate/street-deals/53067570?limit=100&offset=0&dealType=2&startDate=2021-01&endDate=2026-08,2026-08-22 13:43:32.057364+00:00
1628287,5000,תל אביב-יפו,50000937.0,קליי,4.0,חמישית וגג,144,6868900,6204416450,דירה,דירה בבית קומות,4.0,הצפון החדש סביבת כיכר המדינה,2024-03-31T00:00:00.000Z,6108,618,9,52300687,"MULTIPOLYGON(((3873309.927096278 3774315.6943231258,3873291.408840041 3774317.3179007475,3873292.8595593846 3774335.913287786,3873311.51933606 3774334.2902459064,3873309.927096278 3774315.6943231258)))",2,GovMap,https://www.govmap.gov.il/api/real-estate/street-deals/53067570?limit=100&offset=0&dealType=2&startDate=2021-01&endDate=2026-08,2026-08-22 13:43:32.057364+00:00
1627904,5000,תל אביב-יפו,50000937.0,קליי,12.0,שישית,64,116000,6203609100,דירה,דירה בבית קומות,3.0,הצפון החדש סביבת כיכר המדינה,2024-03-10T00:00:00.000Z,6108,407,18,51664414,"MULTIPOLYGON(((3873323.52502292 3774399.193407638,3873305.954368556 3774402.7637539185,3873313.685524411 3774441.217327318,3873331.386158768 3774437.5882131536,3873323.52502292 3774399.193407638)))",2,GovMap,https://www.govmap.gov.il/api/real-estate/street-deals/53067570?limit=100&offset=0&dealType=2&startDate=2021-01&endDate=2026-08,2026-08-22 13:43:32.057364+00:00
1628070,5000,תל אביב-יפו,50000937.0,קליי,10.0,שניה,69,4150000,6158702700,דירה,דירת גן,3.0,הצפון החדש סביבת כיכר המדינה,2023-08-07T00:00:00.000Z,6108,506,3,51664414,"MULTIPOLYGON(((3873323.52502292 3774399.193407638,3873305.954368556 3774402.7637539185,3873313.685524411 3774441.217327318,3873331.386158768 3774437.5882131536,3873323.52502292 3774399.193407638)))",2,GovMap,https://www.govmap.gov.il/api/real-estate/street-deals/53067570?limit=100&offset=0&dealType=2&startDate=2021-01&endDate=2026-08,2026-08-22 13:43:32.057364+00:00
1628281,5000,תל אביב-יפו,50000937.0,קליי,4.0,ראשונה,96,5175000,6152487200,דירה,דירה בבית קומות,4.0,הצפון החדש סביבת כיכר המדינה,2023-02-14T00:00:00.000Z,6108,618,2,52300687,"MULTIPOLYGON(((3873309.927096278 3774315.6943231258,3873291.408840041 3774317.3179007475,3873292.8595593846 3774335.913287786,3873311.51933606 3774334.2902459064,3873309.927096278 3774315.6943231258)))",2,GovMap,https://www.govmap.gov.il/api/real-estate/street-deals/53067570?limit=100&offset=0&dealType=2&startDate=2021-01&endDate=2026-08,2026-08-22 13:43:32.057364+00:00
1627324,5000,תל אביב-יפו,50000937.0,קליי,8.0,,51,2855000,6112776200,דירה,דירה בבית קומות,2.0,הצפון החדש סביבת כיכר המדינה,2022-08-10T00:00:00.000Z,6108,247,14,52319288,"MULTIPOLYGON(((3873313.122447713 3774343.7749462826,3873296.604991277 3774346.3658804363,3873303.162009254 3774389.71998267,3873321.448809208 3774386.9699084954,3873317.9965994894 3774364.4450352686,3873308.558441385 3774365.818945294,3873307.639262672 3774359.4410783025,3873315.307910697 3774358.285531358,3873313.122447713 3774343.7749462826)))",2,GovMap,https://www.govmap.gov.il/api/real-estate/street-deals/53067570?limit=100&offset=0&dealType=2&startDate=2021-01&endDate=2026-08,2026-08-22 13:43:32.057364+00:00
1627325,5000,תל אביב-יפו,50000937.0,קליי,8.0,ראשונה,1,1313000,6115594450,דירה,דירה בבית קומות,1.0,הצפון החדש סביבת כיכר המדינה,2022-08-01T00:00:00.000Z,6108,247,15,52319288,"MULTIPOLYGON(((3873313.122447713 3774343.7749462826,3873296.604991277 3774346.3658804363,3873303.162009254 3774389.71998267,3873321.448809208 3774386.9699084954,3873317.9965994894 3774364.4450352686,3873308.558441385 3774365.818945294,3873307.639262672 3774359.4410783025,3873315.307910697 3774358.285531358,3873313.122447713 3774343.7749462826)))",2,GovMap,https://www.govmap.gov.il/api/real-estate/street-deals/53067570?limit=100&offset=0&dealType=2&startDate=2021-01&endDate=2026-08,2026-08-22 13:43:32.057364+00:00
1627462,5000,תל אביב-יפו,50000937.0,קליי,18.0,רביעית,109,6200000,6108359500,דירה,דירה בבית קומות,4.0,הצפון החדש סביבת כיכר המדינה,2022-06-02T00:00:00.000Z,6108,358,16,72766040,"MULTIPOLYGON(((3873328.7232962926 3774526.9424447003,3873345.596774723 3774524.2484029853,3873345.217386728 3774521.2372239884,3873350.466620128 3774520.281059465,3873347.049767257 3774498.672910129,3873324.8143971935 3774502.223146202,3873328.7232962926 3774526.9424447003)))",2,GovMap,https://www.govmap.gov.il/api/real-estate/street-deals/53067570?limit=100&offset=0&dealType=2&startDate=2021-01&endDate=2026-08,2026-08-22 13:43:32.057364+00:00
1627342,5000,תל אביב-יפו,50000937.0,קליי,8.0,ראשונה,37,2505000,6107708600,דירה,דירה בבית קומות,2.0,הצפון החדש סביבת כיכר המדינה,2022-05-02T00:00:00.000Z,6108,247,6,52319288,"MULTIPOLYGON(((3873313.122447713 3774343.7749462826,3873296.604991277 3774346.3658804363,3873303.162009254 3774389.71998267,3873321.448809208 3774386.9699084954,3873317.9965994894 3774364.4450352686,3873308.558441385 3774365.818945294,3873307.639262672 3774359.4410783025,3873315.307910697 3774358.285531358,3873313.122447713 3774343.7749462826)))",2,GovMap,https://www.govmap.gov.il/api/real-estate/street-deals/53067570?limit=100&offset=0&dealType=2&startDate=2021-01&endDate=2026-08,2026-08-22 13:43:32.057364+00:00
1627340,5000,תל אביב-יפו,50000937.0,קליי,8.0,חמישית,35,2539000,6104438400,דירה,דירה בבית קומות,2.0,הצפון החדש סביבת כיכר המדינה,2022-03-02T00:00:00.000Z,6108,247,4,52319288,"MULTIPOLYGON(((3873313.122447713 3774343.7749462826,3873296.604991277 3774346.3658804363,3873303.162009254 3774389.71998267,3873321.448809208 3774386.9699084954,3873317.9965994894 3774364.4450352686,3873308.558441385 3774365.818945294,3873307.639262672 3774359.4410783025,3873315.307910697 3774358.285531358,3873313.122447713 3774343.7749462826)))",2,GovMap,https://www.govmap.gov.il/api/real-estate/street-deals/53067570?limit=100&offset=0&dealType=2&startDate=2021-01&endDate=2026-08,2026-08-22 13:43:32.057364+00:00
1627330,5000,תל אביב-יפו,50000937.0,קליי,8.0,שניה,68,4145000,6103898450,דירה,דירה בבית קומות,3.0,הצפון החדש סביבת כיכר המדינה,2022-02-08T00:00:00.000Z,6108,247,2,52319288,"MULTIPOLYGON(((3873313.122447713 3774343.7749462826,3873296.604991277 3774346.3658804363,3873303.162009254 3774389.71998267,3873321.448809208 3774386.9699084954,3873317.9965994894 3774364.4450352686,3873308.558441385 3774365.818945294,3873307.639262672 3774359.4410783025,3873315.307910697 3774358.285531358,3873313.122447713 3774343.7749462826)))",2,GovMap,https://www.govmap.gov.il/api/real-estate/street-deals/53067570?limit=100&offset=0&dealType=2&startDate=2021-01&endDate=2026-08,2026-08-22 13:43:32.057364+00:00
1627463,5000,תל אביב-יפו,50000937.0,קליי,18.0,שמינית,167,10058000,6100188750,דירה,דירה בבית קומות,5.0,הצפון החדש סביבת כיכר המדינה,2021-12-30T00:00:00.000Z,6108,358,17,72766040,"MULTIPOLYGON(((3873328.7232962926 3774526.9424447003,3873345.596774723 3774524.2484029853,3873345.217386728 3774521.2372239884,3873350.466620128 3774520.281059465,3873347.049767257 3774498.672910129,3873324.8143971935 3774502.223146202,3873328.7232962926 3774526.9424447003)))",2,GovMap,https://www.govmap.gov.il/api/real-estate/street-deals/53067570?limit=100&offset=0&dealType=2&startDate=2021-01&endDate=2026-08,2026-08-22 13:43:32.057364+00:00
1627326,5000,תל אביב-יפו,50000937.0,קליי,8.0,שמינית,168,8702000,6072031100,דירה,דירה בבית קומות,5.0,הצפון החדש סביבת כיכר המדינה,2021-10-21T00:00:00.000Z,6108,247,16,52319288,"MULTIPOLYGON(((3873313.122447713 3774343.7749462826,3873296.604991277 3774346.3658804363,3873303.162009254 3774389.71998267,3873321.448809208 3774386.9699084954,3873317.9965994894 3774364.4450352686,3873308.558441385 3774365.818945294,3873307.639262672 3774359.4410783025,3873315.307910697 3774358.285531358,3873313.122447713 3774343.7749462826)))",2,GovMap,https://www.govmap.gov.il/api/real-estate/street-deals/53067570?limit=100&offset=0&dealType=2&startDate=2021-01&endDate=2026-08,2026-08-22 13:43:32.057364+00:00
1627464,5000,תל אביב-יפו,50000937.0,קליי,18.0,שישית,103,5847000,6068017050,דירה,דירה בבית קומות,4.0,הצפון החדש סביבת כיכר המדינה,2021-10-20T00:00:00.000Z,6108,358,18,72766040,"MULTIPOLYGON(((3873328.7232962926 3774526.9424447003,3873345.596774723 3774524.2484029853,3873345.217386728 3774521.2372239884,3873350.466620128 3774520.281059465,3873347.049767257 3774498.672910129,3873324.8143971935 3774502.223146202,3873328.7232962926 3774526.9424447003)))",2,GovMap,https://www.govmap.gov.il/api/real-estate/street-deals/53067570?limit=100&offset=0&dealType=2&startDate=2021-01&endDate=2026-08,2026-08-22 13:43:32.057364+00:00
1628144,5000,תל אביב-יפו,50000937.0,קליי,6.0,ראשונה,76,4020000,6068717100,דירה,דירה בבית קומות,3.0,הצפון החדש סביבת כיכר המדינה,2021-10-18T00:00:00.000Z,6108,570,2,52319288,"MULTIPOLYGON(((3873313.122447713 3774343.7749462826,3873296.604991277 3774346.3658804363,3873303.162009254 3774389.71998267,3873321.448809208 3774386.9699084954,3873317.9965994894 3774364.4450352686,3873308.558441385 3774365.818945294,3873307.639262672 3774359.4410783025,3873315.307910697 3774358.285531358,3873313.122447713 3774343.7749462826)))",2,GovMap,https://www.govmap.gov.il/api/real-estate/street-deals/53067570?limit=100&offset=0&dealType=2&startDate=2021-01&endDate=2026-08,2026-08-22 13:43:32.057364+00:00
1627457,5000,תל אביב-יפו,50000937.0,קליי,18.0,רביעית,104,720000,6067807050,דירה,דירה בבית קומות,3.0,הצפון החדש סביבת כיכר המדינה,2021-10-17T00:00:00.000Z,6108,358,11,72766040,"MULTIPOLYGON(((3873328.7232962926 3774526.9424447003,3873345.596774723 3774524.2484029853,3873345.217386728 3774521.2372239884,3873350.466620128 3774520.281059465,3873347.049767257 3774498.672910129,3873324.8143971935 3774502.223146202,3873328.7232962926 3774526.9424447003)))",2,GovMap,https://www.govmap.gov.il/api/real-estate/street-deals/53067570?limit=100&offset=0&dealType=2&startDate=2021-01&endDate=2026-08,2026-08-22 13:43:32.057364+00:00
1627465,5000,תל אביב-יפו,50000937.0,קליי,18.0,חמישית,103,5614000,6065196450,דירה,דירה בבית קומות,4.0,הצפון החדש סביבת כיכר המדינה,2021-08-29T00:00:00.000Z,6108,358,19,72766040,"MULTIPOLYGON(((3873328.7232962926 3774526.9424447003,3873345.596774723 3774524.2484029853,3873345.217386728 3774521.2372239884,3873350.466620128 3774520.281059465,3873347.049767257 3774498.672910129,3873324.8143971935 3774502.223146202,3873328.7232962926 3774526.9424447003)))",2,GovMap,https://www.govmap.gov.il/api/real-estate/street-deals/53067570?limit=100&offset=0&dealType=2&startDate=2021-01&endDate=2026-08,2026-08-22 13:43:32.057364+00:00
1627900,5000,תל אביב-יפו,50000937.0,קליי,12.0,שלישית,60,2600000,6062152950,דירה,דירה בבית קומות,2.0,הצפון החדש סביבת כיכר המדינה,2021-06-30T00:00:00.000Z,6108,407,12,51664414,"MULTIPOLYGON(((3873323.52502292 3774399.193407638,3873305.954368556 3774402.7637539185,3873313.685524411 3774441.217327318,3873331.386158768 3774437.5882131536,3873323.52502292 3774399.193407638)))",2,GovMap,https://www.govmap.gov.il/api/real-estate/street-deals/53067570?limit=100&offset=0&dealType=2&startDate=2021-01&endDate=2026-08,2026-08-22 13:43:32.057364+00:00
1627013,5000,תל אביב-יפו,50000937.0,קליי,9.0,ראשונה,73,3830000,6060893550,דירה,דירה בבית קומות,3.0,הצפון החדש סביבת כיכר המדינה,2021-06-30T00:00:00.000Z,6108,135,2,52304228,"MULTIPOLYGON(((3873284.064996315 3774422.739319584,3873281.7050748267 3774423.18053972,3873281.663771492 3774423.1895051184,3873263.625966396 3774427.116185633,3873266.6507947836 3774441.03767032,3873281.608586379 3774437.774568729,3873281.649889766 3774437.7656033174,3873287.0670270943 3774436.459285708,3873284.064996315 3774422.739319584)))",2,GovMap,https://www.govmap.gov.il/api/real-estate/street-deals/53067570?limit=100&offset=0&dealType=2&startDate=2021-01&endDate=2026-08,2026-08-22 13:43:32.057364+00:00
1627025,5000,תל אביב-יפו,50000937.0,קליי,20.0,חמישית,61,3350000,6061666200,קרקע,קרקע למגורים,,הצפון החדש סביבת כיכר המדינה,2021-06-28T00:00:00.000Z,6108,150,19,53301261,"MULTIPOLYGON(((3873346.232435828 3774537.1711656675,3873328.8912622877 3774539.2495594244,3873331.977756131 3774564.9605887556,3873349.319279535 3774562.7992485794,3873346.232435828 3774537.1711656675)))",2,GovMap,https://www.govmap.gov.il/api/real-estate/street-deals/53067570?limit=100&offset=0&dealType=2&startDate=2021-01&endDate=2026-08,2026-08-22 13:43:32.057364+00:00
1627466,5000,תל אביב-יפו,50000937.0,קליי,18.0,ראשונה,87,4655000,6061157150,דירה,דירה בבית קומות,3.0,הצפון החדש סביבת כיכר המדינה,2021-06-24T00:00:00.000Z,6108,358,20,72766040,"MULTIPOLYGON(((3873328.7232962926 3774526.9424447003,3873345.596774723 3774524.2484029853,3873345.217386728 3774521.2372239884,3873350.466620128 3774520.281059465,3873347.049767257 3774498.672910129,3873324.8143971935 3774502.223146202,3873328.7232962926 3774526.9424447003)))",2,GovMap,https://www.govmap.gov.il/api/real-estate/street-deals/53067570?limit=100&offset=0&dealType=2&startDate=2021-01&endDate=2026-08,2026-08-22 13:43:32.057364+00:00
1627479,5000,תל אביב-יפו,50000937.0,קליי,18.0,שביעית,87,4630000,6053623300,דירה,דירה בבית קומות,3.0,הצפון החדש סביבת כיכר המדינה,2021-02-24T00:00:00.000Z,6108,358,7,72766040,"MULTIPOLYGON(((3873328.7232962926 3774526.9424447003,3873345.596774723 3774524.2484029853,3873345.217386728 3774521.2372239884,3873350.466620128 3774520.281059465,3873347.049767257 3774498.672910129,3873324.8143971935 3774502.223146202,3873328.7232962926 3774526.9424447003)))",2,GovMap,https://www.govmap.gov.il/api/real-estate/street-deals/53067570?limit=100&offset=0&dealType=2&startDate=2021-01&endDate=2026-08,2026-08-22 13:43:32.057364+00:00
